profile_id,persona,created_at,profile_visibility,search_engine_indexing,phone_public,email_public,birthday_public,location_public,relationship_public,realtime_location_sharing,venue_checkins,travel_posts,posts_audience,sensitive_docs_photographed,unknown_connections,tag_review_enabled,mfa_status,password_reuse_reported,login_alerts_enabled,third_party_apps_reviewed,suspicious_link_awareness,otp_sharing_behavior,old_posts_reviewed,score_profile_visibility,score_personal_info,score_location,score_posts_content,score_friends_followers,score_tagging,score_account_security,score_third_party_apps,score_social_engineering,score_digital_footprint,overall_privacy_risk_score,risk_level,simulated_score,points_reduced
SYNTH_USER_0001,AVERAGE,2026-07-13 08:53:14,PUBLIC,NO,NO,NO,DAY_MONTH_ONLY,CITY_ONLY,NO,SOMETIMES,SOMETIMES_LATER,SOMETIMES,PUBLIC,SOMETIMES,VERIFY_FIRST,YES,SMS_ONLY,SLIGHT_VARIATION,NOT_SURE,RARELY,VERIFY_OUT_OF_BAND,HESITATE,NEVER,55.0,16.0,56.0,52.5,47.5,47.5,56.0,60.0,30.0,70.0,46.6,HIGH,26.2,20.4
SYNTH_USER_0002,HIGH_EXPOSURE,2026-09-26 22:49:14,PUBLIC,YES,YES,YES,FULL_BIRTHDAY,YES,YES,YES,IMMEDIATELY,YES,PUBLIC,YES,ACCEPT_MOST,NO,DISABLED,REUSED,NO,NEVER,CLICK_IMMEDIATELY,HESITATE,NEVER,95.0,94.0,96.0,95.0,87.5,85.0,92.0,95.0,87.5,84.0,92.0,CRITICAL,39.9,52.1
SYNTH_USER_0003,AVERAGE,2026-09-22 02:12:14,PUBLIC,NO,YES,NO,DAY_MONTH_ONLY,CITY_ONLY,NO,NO,IMMEDIATELY,SOMETIMES,PUBLIC,SOMETIMES,VERIFY_FIRST,NO,SMS_ONLY,REUSED,NOT_SURE,NEVER,INSPECT_URL,NEVER,RARELY,55.0,36.0,44.0,40.0,50.0,72.5,62.0,85.0,40.0,54.0,50.4,HIGH,23.5,26.9
SYNTH_USER_0004,AVERAGE,2026-09-28 23:07:14,FRIENDS_ONLY,NOT_SURE,YES,YES,DAY_MONTH_ONLY,NO,NO,SOMETIMES,IMMEDIATELY,SOMETIMES,PUBLIC,NEVER,VERIFY_FIRST,NOT_SURE,DISABLED,SLIGHT_VARIATION,NOT_SURE,NEVER,INSPECT_URL,NEVER,NEVER,52.5,46.0,56.0,47.5,50.0,40.0,58.0,62.5,25.0,68.0,50.0,HIGH,32.4,17.6
SYNTH_USER_0005,HIGH_EXPOSURE,2026-07-10 06:14:14,PUBLIC,YES,NOT_SURE,YES,FULL_BIRTHDAY,YES,YES,YES,IMMEDIATELY,YES,PUBLIC,YES,ACCEPT_MOST,NO,DISABLED,REUSED,NO,NEVER,CLICK_IMMEDIATELY,YES_HELP,NEVER,95.0,86.0,96.0,95.0,87.5,85.0,92.0,95.0,97.5,84.0,91.8,CRITICAL,33.9,57.9
SYNTH_USER_0006,CONSCIOUS,2026-08-12 09:10:14,FRIENDS_ONLY,NO,NO,NO,DAY_MONTH_ONLY,NO,NO,NO,AFTER_LEAVING,NO,FRIENDS,NEVER,VERIFY_FIRST,YES,APP_OR_HARDWARE,COMPLETELY_UNIQUE,YES,REGULARLY,VERIFY_OUT_OF_BAND,NEVER,REGULARLY,15.0,8.0,2.0,7.5,15.0,5.0,0.0,12.5,0.0,0.0,6.1,LOW,5.0,1.1
SYNTH_USER_0007,CONSCIOUS,2026-08-29 02:34:14,FRIENDS_ONLY,NO,NO,NO,DAY_MONTH_ONLY,NO,NO,NO,NEVER_CHECKIN,NO,CUSTOM_LISTS,NEVER,VERIFY_FIRST,YES,APP_OR_HARDWARE,COMPLETELY_UNIQUE,YES,REGULARLY,VERIFY_OUT_OF_BAND,NEVER,REGULARLY,5.0,8.0,0.0,0.0,15.0,7.5,0.0,12.5,0.0,0.0,4.2,LOW,5.0,-0.8
SYNTH_USER_0008,HIGH_EXPOSURE,2026-07-20 18:51:14,PUBLIC,YES,YES,YES,FULL_BIRTHDAY,YES,YES,YES,IMMEDIATELY,YES,PUBLIC,SOMETIMES,ACCEPT_MOST,NO,DISABLED,REUSED,NO,NEVER,CLICK_IMMEDIATELY,HESITATE,NEVER,95.0,94.0,96.0,85.0,87.5,85.0,92.0,95.0,87.5,84.0,91.0,CRITICAL,53.7,37.3
SYNTH_USER_0009,CONSCIOUS,2026-09-15 14:42:14,PRIVATE,NO,NO,NO,HIDDEN,NO,NO,NO,AFTER_LEAVING,NO,CUSTOM_LISTS,NEVER,REJECT_UNKNOWN,YES,APP_OR_HARDWARE,COMPLETELY_UNIQUE,YES,REGULARLY,VERIFY_OUT_OF_BAND,NEVER,REGULARLY,10.0,0.0,2.0,0.0,7.5,7.5,0.0,12.5,0.0,0.0,3.0,LOW,5.0,-2.0
SYNTH_USER_0010,AVERAGE,2026-09-18 03:59:14,FRIENDS_ONLY,NOT_SURE,NO,YES,FULL_BIRTHDAY,NO,SOMETIMES,NO,SOMETIMES_LATER,SOMETIMES,FRIENDS,NEVER,VERIFY_FIRST,NOT_SURE,APP_OR_HARDWARE,REUSED,NOT_SURE,RARELY,INSPECT_URL,HESITATE,RARELY,65.0,46.0,34.0,7.5,47.5,52.5,54.0,50.0,40.0,52.0,43.8,HIGH,24.0,19.8
SYNTH_USER_0011,HIGH_EXPOSURE,2026-10-01 07:58:14,PUBLIC,YES,YES,YES,FULL_BIRTHDAY,CITY_ONLY,YES,YES,IMMEDIATELY,YES,PUBLIC,YES,ACCEPT_MOST,NO,DISABLED,REUSED,NO,NEVER,CLICK_IMMEDIATELY,HESITATE,NEVER,95.0,82.0,96.0,95.0,87.5,85.0,92.0,95.0,87.5,84.0,90.2,CRITICAL,42.3,47.9
SYNTH_USER_0012,AVERAGE,2026-08-31 04:39:14,PUBLIC,NOT_SURE,NO,NO,FULL_BIRTHDAY,CITY_ONLY,NO,SOMETIMES,SOMETIMES_LATER,NO,FRIENDS,NEVER,SOMETIMES,NO,APP_OR_HARDWARE,SLIGHT_VARIATION,NOT_SURE,NEVER,VERIFY_OUT_OF_BAND,NEVER,NEVER,70.0,28.0,34.0,17.5,55.0,57.5,56.0,75.0,27.5,68.0,44.7,HIGH,23.0,21.7
SYNTH_USER_0013,CONSCIOUS,2026-07-12 22:52:14,FRIENDS_ONLY,NO,NO,NO,HIDDEN,NO,NO,NO,AFTER_LEAVING,NO,CUSTOM_LISTS,NEVER,VERIFY_FIRST,YES,APP_OR_HARDWARE,COMPLETELY_UNIQUE,YES,REGULARLY,VERIFY_OUT_OF_BAND,NEVER,REGULARLY,15.0,0.0,2.0,0.0,15.0,0.0,0.0,12.5,0.0,0.0,3.9,LOW,5.0,-1.1
SYNTH_USER_0014,AVERAGE,2026-08-31 23:25:14,FRIENDS_ONLY,NOT_SURE,YES,NO,DAY_MONTH_ONLY,CITY_ONLY,SOMETIMES,NO,SOMETIMES_LATER,SOMETIMES,PUBLIC,NEVER,VERIFY_FIRST,NO,SMS_ONLY,SLIGHT_VARIATION,NOT_SURE,NEVER,VERIFY_OUT_OF_BAND,NEVER,RARELY,37.5,44.0,40.0,47.5,47.5,72.5,54.0,62.5,15.0,62.0,45.3,HIGH,17.3,28.0
SYNTH_USER_0015,HIGH_EXPOSURE,2026-10-06 00:39:14,PUBLIC,YES,NOT_SURE,YES,FULL_BIRTHDAY,YES,YES,YES,IMMEDIATELY,YES,PUBLIC,SOMETIMES,ACCEPT_MOST,NO,DISABLED,REUSED,NO,NEVER,CLICK_IMMEDIATELY,YES_HELP,NEVER,95.0,86.0,96.0,85.0,87.5,85.0,92.0,95.0,97.5,84.0,90.8,CRITICAL,38.7,52.1
SYNTH_USER_0016,AVERAGE,2026-08-08 03:18:14,FRIENDS_ONLY,NO,NOT_SURE,NO,FULL_BIRTHDAY,NO,SOMETIMES,NO,IMMEDIATELY,NO,FRIENDS,SOMETIMES,VERIFY_FIRST,YES,SMS_ONLY,REUSED,YES,RARELY,INSPECT_URL,NEVER,RARELY,37.5,40.0,38.0,32.5,60.0,32.5,62.0,72.5,27.5,54.0,44.7,HIGH,16.0,28.7
SYNTH_USER_0017,HIGH_EXPOSURE,2026-08-26 03:04:14,PUBLIC,YES,YES,YES,FULL_BIRTHDAY,CITY_ONLY,YES,YES,IMMEDIATELY,YES,PUBLIC,SOMETIMES,ACCEPT_MOST,NO,DISABLED,REUSED,NO,NEVER,CLICK_IMMEDIATELY,YES_HELP,NEVER,95.0,82.0,96.0,85.0,87.5,85.0,92.0,95.0,97.5,84.0,90.2,CRITICAL,51.0,39.2
SYNTH_USER_0018,CONSCIOUS,2026-09-05 09:12:14,FRIENDS_ONLY,NO,NO,NO,HIDDEN,NO,NO,NO,AFTER_LEAVING,NO,FRIENDS,NEVER,REJECT_UNKNOWN,YES,APP_OR_HARDWARE,COMPLETELY_UNIQUE,YES,REGULARLY,VERIFY_OUT_OF_BAND,NEVER,REGULARLY,15.0,0.0,2.0,7.5,7.5,12.5,0.0,12.5,0.0,0.0,4.5,LOW,5.0,-0.5
SYNTH_USER_0019,HIGH_EXPOSURE,2026-09-06 01:55:14,PUBLIC,YES,NOT_SURE,YES,FULL_BIRTHDAY,CITY_ONLY,YES,YES,IMMEDIATELY,YES,PUBLIC,SOMETIMES,ACCEPT_MOST,NO,DISABLED,REUSED,NO,NEVER,CLICK_IMMEDIATELY,HESITATE,NEVER,95.0,74.0,96.0,85.0,87.5,85.0,92.0,95.0,87.5,84.0,88.0,CRITICAL,54.5,33.5
SYNTH_USER_0020,HIGH_EXPOSURE,2026-08-12 18:56:14,PUBLIC,YES,NOT_SURE,YES,FULL_BIRTHDAY,CITY_ONLY,YES,YES,IMMEDIATELY,YES,PUBLIC,YES,ACCEPT_MOST,NO,DISABLED,REUSED,NO,NEVER,CLICK_IMMEDIATELY,HESITATE,NEVER,95.0,74.0,96.0,95.0,87.5,85.0,92.0,95.0,87.5,84.0,89.0,CRITICAL,42.9,46.1
SYNTH_USER_0021,AVERAGE,2026-08-30 16:34:14,FRIENDS_ONLY,NOT_SURE,NO,YES,DAY_MONTH_ONLY,CITY_ONLY,SOMETIMES,NO,IMMEDIATELY,NO,PUBLIC,SOMETIMES,SOMETIMES,NOT_SURE,APP_OR_HARDWARE,COMPLETELY_UNIQUE,YES,NEVER,VERIFY_OUT_OF_BAND,NEVER,NEVER,65.0,42.0,38.0,40.0,65.0,62.5,16.0,85.0,15.0,62.0,43.4,HIGH,16.3,27.1
SYNTH_USER_0022,AVERAGE,2026-09-25 18:45:14,PUBLIC,YES,NO,YES,FULL_BIRTHDAY,NO,NO,NO,IMMEDIATELY,NO,PUBLIC,SOMETIMES,SOMETIMES,NO,SMS_ONLY,REUSED,NOT_SURE,NEVER,INSPECT_URL,NEVER,NEVER,67.5,38.0,48.0,52.5,45.0,62.5,62.0,75.0,40.0,70.0,53.1,HIGH,28.0,25.1
SYNTH_USER_0023,AVERAGE,2026-09-11 17:44:14,FRIENDS_OF_FRIENDS,NO,NOT_SURE,YES,FULL_BIRTHDAY,CITY_ONLY,NO,SOMETIMES,IMMEDIATELY,NO,FRIENDS,NEVER,SOMETIMES,NOT_SURE,SMS_ONLY,REUSED,NOT_SURE,NEVER,VERIFY_OUT_OF_BAND,HESITATE,NEVER,57.5,58.0,60.0,17.5,77.5,75.0,72.0,62.5,30.0,84.0,57.8,HIGH,29.9,27.9
SYNTH_USER_0024,CONSCIOUS,2026-10-03 18:58:14,PRIVATE,NO,NO,NO,DAY_MONTH_ONLY,NO,NO,NO,NEVER_CHECKIN,NO,CUSTOM_LISTS,NEVER,REJECT_UNKNOWN,YES,APP_OR_HARDWARE,COMPLETELY_UNIQUE,YES,REGULARLY,VERIFY_OUT_OF_BAND,NEVER,REGULARLY,0.0,8.0,0.0,0.0,7.5,7.5,0.0,12.5,0.0,0.0,3.0,LOW,5.0,-2.0
SYNTH_USER_0025,AVERAGE,2026-07-13 20:34:14,FRIENDS_OF_FRIENDS,YES,YES,YES,FULL_BIRTHDAY,NO,NO,NO,IMMEDIATELY,SOMETIMES,FRIENDS,SOMETIMES,SOMETIMES,NO,DISABLED,SLIGHT_VARIATION,NOT_SURE,RARELY,INSPECT_URL,NEVER,NEVER,55.0,58.0,54.0,45.0,77.5,70.0,68.0,50.0,40.0,84.0,59.0,HIGH,23.9,35.1
SYNTH_USER_0026,AVERAGE,2026-09-26 06:21:14,PUBLIC,YES,YES,NO,DAY_MONTH_ONLY,CITY_ONLY,NO,SOMETIMES,SOMETIMES_LATER,SOMETIMES,FRIENDS,NEVER,VERIFY_FIRST,NO,SMS_ONLY,SLIGHT_VARIATION,NOT_SURE,NEVER,VERIFY_OUT_OF_BAND,HESITATE,NEVER,80.0,36.0,46.0,7.5,47.5,70.0,46.0,60.0,27.5,68.0,45.3,HIGH,26.6,18.7
SYNTH_USER_0027,HIGH_EXPOSURE,2026-08-10 15:43:14,PUBLIC,YES,YES,YES,FULL_BIRTHDAY,CITY_ONLY,YES,YES,IMMEDIATELY,YES,PUBLIC,YES,ACCEPT_MOST,NO,DISABLED,REUSED,NO,NEVER,CLICK_IMMEDIATELY,YES_HELP,NEVER,95.0,82.0,96.0,95.0,87.5,85.0,92.0,95.0,97.5,84.0,91.2,CRITICAL,49.6,41.6
SYNTH_USER_0028,CONSCIOUS,2026-09-21 13:35:14,PRIVATE,NO,NO,NO,HIDDEN,NO,NO,NO,AFTER_LEAVING,NO,CUSTOM_LISTS,NEVER,REJECT_UNKNOWN,YES,APP_OR_HARDWARE,COMPLETELY_UNIQUE,YES,REGULARLY,VERIFY_OUT_OF_BAND,NEVER,REGULARLY,0.0,0.0,2.0,0.0,0.0,0.0,0.0,12.5,0.0,0.0,0.9,LOW,5.0,-4.1
SYNTH_USER_0029,AVERAGE,2026-09-25 03:19:14,FRIENDS_OF_FRIENDS,NO,NO,NO,DAY_MONTH_ONLY,NO,SOMETIMES,SOMETIMES,IMMEDIATELY,NO,FRIENDS,NEVER,VERIFY_FIRST,YES,DISABLED,COMPLETELY_UNIQUE,YES,NEVER,VERIFY_OUT_OF_BAND,NEVER,RARELY,42.5,16.0,44.0,17.5,70.0,25.0,54.0,50.0,12.5,62.0,38.2,MODERATE,19.3,18.9
SYNTH_USER_0030,AVERAGE,2026-08-20 22:14:14,PUBLIC,NOT_SURE,NOT_SURE,YES,FULL_BIRTHDAY,CITY_ONLY,SOMETIMES,SOMETIMES,SOMETIMES_LATER,NO,PUBLIC,SOMETIMES,SOMETIMES,YES,DISABLED,SLIGHT_VARIATION,NOT_SURE,RARELY,VERIFY_OUT_OF_BAND,NEVER,NEVER,70.0,66.0,50.0,50.0,67.5,47.5,76.0,37.5,15.0,76.0,57.1,HIGH,29.2,27.9
SYNTH_USER_0031,HIGH_EXPOSURE,2026-08-07 06:03:14,PUBLIC,YES,NOT_SURE,YES,FULL_BIRTHDAY,CITY_ONLY,YES,YES,IMMEDIATELY,YES,PUBLIC,SOMETIMES,ACCEPT_MOST,NO,DISABLED,REUSED,NO,NEVER,CLICK_IMMEDIATELY,YES_HELP,NEVER,95.0,74.0,96.0,85.0,87.5,85.0,92.0,95.0,97.5,84.0,89.0,CRITICAL,57.3,31.7
SYNTH_USER_0032,CONSCIOUS,2026-09-20 22:34:14,PRIVATE,NO,NO,NO,HIDDEN,NO,NO,NO,NEVER_CHECKIN,NO,CUSTOM_LISTS,NEVER,REJECT_UNKNOWN,YES,APP_OR_HARDWARE,COMPLETELY_UNIQUE,YES,REGULARLY,VERIFY_OUT_OF_BAND,NEVER,REGULARLY,10.0,0.0,0.0,0.0,7.5,5.0,0.0,12.5,0.0,0.0,2.6,LOW,5.0,-2.4
SYNTH_USER_0033,CONSCIOUS,2026-08-09 22:18:14,PRIVATE,NO,NO,NO,HIDDEN,NO,NO,NO,AFTER_LEAVING,NO,FRIENDS,NEVER,REJECT_UNKNOWN,YES,APP_OR_HARDWARE,COMPLETELY_UNIQUE,YES,REGULARLY,VERIFY_OUT_OF_BAND,NEVER,REGULARLY,10.0,0.0,2.0,7.5,7.5,7.5,0.0,12.5,0.0,0.0,3.8,LOW,5.0,-1.2
SYNTH_USER_0034,AVERAGE,2026-10-02 04:49:14,FRIENDS_ONLY,NOT_SURE,NOT_SURE,YES,DAY_MONTH_ONLY,CITY_ONLY,SOMETIMES,NO,SOMETIMES_LATER,SOMETIMES,PUBLIC,NEVER,SOMETIMES,NOT_SURE,SMS_ONLY,SLIGHT_VARIATION,NOT_SURE,RARELY,VERIFY_OUT_OF_BAND,HESITATE,NEVER,37.5,54.0,34.0,35.0,55.0,62.5,56.0,60.0,27.5,76.0,47.0,HIGH,29.2,17.8
SYNTH_USER_0035,CONSCIOUS,2026-08-25 06:01:14,PRIVATE,NO,NO,NO,HIDDEN,NO,NO,NO,NEVER_CHECKIN,NO,CUSTOM_LISTS,NEVER,REJECT_UNKNOWN,YES,APP_OR_HARDWARE,COMPLETELY_UNIQUE,YES,REGULARLY,VERIFY_OUT_OF_BAND,NEVER,REGULARLY,0.0,0.0,0.0,0.0,7.5,0.0,0.0,12.5,0.0,0.0,1.4,LOW,5.0,-3.6
SYNTH_USER_0036,AVERAGE,2026-07-08 20:13:14,FRIENDS_ONLY,YES,NOT_SURE,NO,DAY_MONTH_ONLY,NO,NO,SOMETIMES,IMMEDIATELY,SOMETIMES,PUBLIC,SOMETIMES,VERIFY_FIRST,NO,SMS_ONLY,SLIGHT_VARIATION,YES,NEVER,VERIFY_OUT_OF_BAND,HESITATE,RARELY,62.5,20.0,72.0,50.0,47.5,72.5,44.0,60.0,30.0,62.0,49.1,HIGH,28.8,20.3
SYNTH_USER_0037,CONSCIOUS,2026-08-05 07:43:14,PRIVATE,NO,NO,NO,HIDDEN,NO,NO,NO,NEVER_CHECKIN,NO,FRIENDS,NEVER,VERIFY_FIRST,YES,APP_OR_HARDWARE,COMPLETELY_UNIQUE,YES,REGULARLY,VERIFY_OUT_OF_BAND,NEVER,REGULARLY,0.0,0.0,0.0,7.5,7.5,7.5,0.0,12.5,0.0,0.0,2.5,LOW,5.0,-2.5
SYNTH_USER_0038,AVERAGE,2026-09-21 11:42:14,FRIENDS_OF_FRIENDS,NO,NO,NO,DAY_MONTH_ONLY,CITY_ONLY,NO,NO,SOMETIMES_LATER,SOMETIMES,FRIENDS,NEVER,SOMETIMES,YES,APP_OR_HARDWARE,REUSED,YES,NEVER,VERIFY_OUT_OF_BAND,HESITATE,RARELY,30.0,16.0,44.0,7.5,67.5,60.0,44.0,50.0,15.0,54.0,35.8,MODERATE,19.4,16.4
SYNTH_USER_0039,HIGH_EXPOSURE,2026-09-15 18:16:14,PUBLIC,YES,YES,YES,FULL_BIRTHDAY,YES,YES,YES,IMMEDIATELY,YES,PUBLIC,YES,ACCEPT_MOST,NO,DISABLED,REUSED,NO,NEVER,CLICK_IMMEDIATELY,YES_HELP,NEVER,95.0,94.0,96.0,95.0,87.5,85.0,92.0,95.0,97.5,84.0,93.0,CRITICAL,55.7,37.3
SYNTH_USER_0040,CONSCIOUS,2026-07-10 15:39:14,FRIENDS_ONLY,NO,NO,NO,DAY_MONTH_ONLY,NO,NO,NO,AFTER_LEAVING,NO,CUSTOM_LISTS,NEVER,VERIFY_FIRST,YES,APP_OR_HARDWARE,COMPLETELY_UNIQUE,YES,REGULARLY,VERIFY_OUT_OF_BAND,NEVER,REGULARLY,5.0,8.0,2.0,0.0,15.0,5.0,0.0,12.5,0.0,0.0,4.4,LOW,5.0,-0.6
SYNTH_USER_0041,AVERAGE,2026-08-06 01:00:14,PUBLIC,NO,NO,YES,DAY_MONTH_ONLY,CITY_ONLY,NO,SOMETIMES,SOMETIMES_LATER,NO,PUBLIC,NEVER,VERIFY_FIRST,NOT_SURE,DISABLED,COMPLETELY_UNIQUE,NOT_SURE,RARELY,VERIFY_OUT_OF_BAND,NEVER,NEVER,55.0,34.0,40.0,47.5,47.5,75.0,56.0,62.5,0.0,62.0,44.5,HIGH,21.3,23.2
SYNTH_USER_0042,HIGH_EXPOSURE,2026-09-30 20:02:14,PUBLIC,YES,NOT_SURE,YES,FULL_BIRTHDAY,CITY_ONLY,YES,YES,IMMEDIATELY,YES,PUBLIC,YES,ACCEPT_MOST,NO,DISABLED,REUSED,NO,NEVER,CLICK_IMMEDIATELY,HESITATE,NEVER,95.0,74.0,96.0,95.0,87.5,85.0,92.0,95.0,87.5,84.0,89.0,CRITICAL,42.5,46.5
SYNTH_USER_0043,HIGH_EXPOSURE,2026-07-20 11:26:14,PUBLIC,YES,NOT_SURE,YES,FULL_BIRTHDAY,YES,YES,YES,IMMEDIATELY,YES,PUBLIC,YES,ACCEPT_MOST,NO,DISABLED,REUSED,NO,NEVER,CLICK_IMMEDIATELY,YES_HELP,NEVER,95.0,86.0,96.0,95.0,87.5,85.0,92.0,95.0,97.5,84.0,91.8,CRITICAL,34.7,57.1
SYNTH_USER_0044,AVERAGE,2026-09-03 21:49:14,PUBLIC,NO,YES,NO,FULL_BIRTHDAY,NO,NO,SOMETIMES,IMMEDIATELY,NO,PUBLIC,SOMETIMES,SOMETIMES,NOT_SURE,APP_OR_HARDWARE,COMPLETELY_UNIQUE,NOT_SURE,NEVER,INSPECT_URL,HESITATE,RARELY,57.5,40.0,44.0,52.5,65.0,60.0,36.0,72.5,40.0,46.0,48.4,HIGH,22.4,26.0
SYNTH_USER_0045,AVERAGE,2026-08-06 04:14:14,FRIENDS_ONLY,YES,NO,NO,DAY_MONTH_ONLY,CITY_ONLY,NO,NO,IMMEDIATELY,NO,FRIENDS,SOMETIMES,VERIFY_FIRST,YES,DISABLED,COMPLETELY_UNIQUE,NOT_SURE,RARELY,VERIFY_OUT_OF_BAND,NEVER,NEVER,75.0,16.0,38.0,32.5,60.0,52.5,46.0,50.0,27.5,68.0,43.0,HIGH,21.9,21.1
SYNTH_USER_0046,HIGH_EXPOSURE,2026-09-03 14:34:14,PUBLIC,YES,NOT_SURE,YES,FULL_BIRTHDAY,YES,YES,YES,IMMEDIATELY,YES,PUBLIC,SOMETIMES,ACCEPT_MOST,NO,DISABLED,REUSED,NO,NEVER,CLICK_IMMEDIATELY,YES_HELP,NEVER,95.0,86.0,96.0,85.0,87.5,85.0,92.0,95.0,97.5,84.0,90.8,CRITICAL,43.7,47.1
SYNTH_USER_0047,AVERAGE,2026-09-20 02:22:14,FRIENDS_OF_FRIENDS,NO,NOT_SURE,NO,FULL_BIRTHDAY,CITY_ONLY,NO,SOMETIMES,IMMEDIATELY,NO,PUBLIC,SOMETIMES,SOMETIMES,NO,APP_OR_HARDWARE,COMPLETELY_UNIQUE,NOT_SURE,RARELY,INSPECT_URL,NEVER,RARELY,30.0,40.0,60.0,40.0,77.5,77.5,34.0,62.5,40.0,60.0,48.9,HIGH,28.2,20.7
SYNTH_USER_0048,HIGH_EXPOSURE,2026-09-02 07:58:14,PUBLIC,YES,NOT_SURE,YES,FULL_BIRTHDAY,CITY_ONLY,YES,YES,IMMEDIATELY,YES,PUBLIC,YES,ACCEPT_MOST,NO,DISABLED,REUSED,NO,NEVER,CLICK_IMMEDIATELY,HESITATE,NEVER,95.0,74.0,96.0,95.0,87.5,85.0,92.0,95.0,87.5,84.0,89.0,CRITICAL,33.0,56.0
SYNTH_USER_0049,HIGH_EXPOSURE,2026-07-11 13:02:14,PUBLIC,YES,YES,YES,FULL_BIRTHDAY,CITY_ONLY,YES,YES,IMMEDIATELY,YES,PUBLIC,YES,ACCEPT_MOST,NO,DISABLED,REUSED,NO,NEVER,CLICK_IMMEDIATELY,HESITATE,NEVER,95.0,82.0,96.0,95.0,87.5,85.0,92.0,95.0,87.5,84.0,90.2,CRITICAL,44.1,46.1
SYNTH_USER_0050,HIGH_EXPOSURE,2026-07-13 02:37:14,PUBLIC,YES,YES,YES,FULL_BIRTHDAY,YES,YES,YES,IMMEDIATELY,YES,PUBLIC,SOMETIMES,ACCEPT_MOST,NO,DISABLED,REUSED,NO,NEVER,CLICK_IMMEDIATELY,HESITATE,NEVER,95.0,94.0,96.0,85.0,87.5,85.0,92.0,95.0,87.5,84.0,91.0,CRITICAL,47.7,43.3
SYNTH_USER_0051,HIGH_EXPOSURE,2026-09-02 15:30:14,PUBLIC,YES,YES,YES,FULL_BIRTHDAY,CITY_ONLY,YES,YES,IMMEDIATELY,YES,PUBLIC,SOMETIMES,ACCEPT_MOST,NO,DISABLED,REUSED,NO,NEVER,CLICK_IMMEDIATELY,YES_HELP,NEVER,95.0,82.0,96.0,85.0,87.5,85.0,92.0,95.0,97.5,84.0,90.2,CRITICAL,57.5,32.7
SYNTH_USER_0052,HIGH_EXPOSURE,2026-09-02 02:12:14,PUBLIC,YES,NOT_SURE,YES,FULL_BIRTHDAY,YES,YES,YES,IMMEDIATELY,YES,PUBLIC,YES,ACCEPT_MOST,NO,DISABLED,REUSED,NO,NEVER,CLICK_IMMEDIATELY,YES_HELP,NEVER,95.0,86.0,96.0,95.0,87.5,85.0,92.0,95.0,97.5,84.0,91.8,CRITICAL,39.0,52.8
SYNTH_USER_0053,AVERAGE,2026-07-20 04:28:14,PUBLIC,YES,NOT_SURE,YES,FULL_BIRTHDAY,CITY_ONLY,NO,SOMETIMES,IMMEDIATELY,SOMETIMES,FRIENDS,SOMETIMES,SOMETIMES,NO,APP_OR_HARDWARE,REUSED,NOT_SURE,RARELY,INSPECT_URL,HESITATE,RARELY,67.5,58.0,62.0,35.0,77.5,57.5,54.0,60.0,27.5,46.0,55.0,HIGH,24.1,30.9
SYNTH_USER_0054,AVERAGE,2026-07-26 00:44:14,FRIENDS_ONLY,NO,YES,NO,FULL_BIRTHDAY,CITY_ONLY,SOMETIMES,SOMETIMES,SOMETIMES_LATER,NO,FRIENDS,SOMETIMES,VERIFY_FIRST,NOT_SURE,DISABLED,REUSED,YES,RARELY,VERIFY_OUT_OF_BAND,NEVER,NEVER,37.5,56.0,50.0,22.5,50.0,47.5,66.0,60.0,27.5,68.0,48.3,HIGH,30.0,18.3
SYNTH_USER_0055,HIGH_EXPOSURE,2026-08-27 04:02:14,PUBLIC,YES,YES,YES,FULL_BIRTHDAY,CITY_ONLY,YES,YES,IMMEDIATELY,YES,PUBLIC,SOMETIMES,ACCEPT_MOST,NO,DISABLED,REUSED,NO,NEVER,CLICK_IMMEDIATELY,YES_HELP,NEVER,95.0,82.0,96.0,85.0,87.5,85.0,92.0,95.0,97.5,84.0,90.2,CRITICAL,42.8,47.4
SYNTH_USER_0056,CONSCIOUS,2026-09-06 10:32:14,FRIENDS_ONLY,NO,NO,NO,DAY_MONTH_ONLY,NO,NO,NO,AFTER_LEAVING,NO,CUSTOM_LISTS,NEVER,VERIFY_FIRST,YES,APP_OR_HARDWARE,COMPLETELY_UNIQUE,YES,REGULARLY,VERIFY_OUT_OF_BAND,NEVER,REGULARLY,5.0,8.0,2.0,0.0,7.5,12.5,0.0,12.5,0.0,0.0,4.0,LOW,5.0,-1.0
SYNTH_USER_0057,CONSCIOUS,2026-08-12 18:58:14,PRIVATE,NO,NO,NO,DAY_MONTH_ONLY,NO,NO,NO,AFTER_LEAVING,NO,FRIENDS,NEVER,REJECT_UNKNOWN,YES,APP_OR_HARDWARE,COMPLETELY_UNIQUE,YES,REGULARLY,VERIFY_OUT_OF_BAND,NEVER,REGULARLY,0.0,8.0,2.0,7.5,7.5,7.5,0.0,12.5,0.0,0.0,4.0,LOW,5.0,-1.0
SYNTH_USER_0058,CONSCIOUS,2026-07-08 07:01:14,FRIENDS_ONLY,NO,NO,NO,HIDDEN,NO,NO,NO,AFTER_LEAVING,NO,FRIENDS,NEVER,REJECT_UNKNOWN,YES,APP_OR_HARDWARE,COMPLETELY_UNIQUE,YES,REGULARLY,VERIFY_OUT_OF_BAND,NEVER,REGULARLY,5.0,0.0,2.0,7.5,7.5,12.5,0.0,12.5,0.0,0.0,3.5,LOW,5.0,-1.5
SYNTH_USER_0059,CONSCIOUS,2026-08-23 20:26:14,PRIVATE,NO,NO,NO,DAY_MONTH_ONLY,NO,NO,NO,NEVER_CHECKIN,NO,FRIENDS,NEVER,VERIFY_FIRST,YES,APP_OR_HARDWARE,COMPLETELY_UNIQUE,YES,REGULARLY,VERIFY_OUT_OF_BAND,NEVER,REGULARLY,10.0,8.0,0.0,7.5,7.5,5.0,0.0,12.5,0.0,0.0,4.6,LOW,5.0,-0.4
SYNTH_USER_0060,CONSCIOUS,2026-07-30 09:08:14,FRIENDS_ONLY,NO,NO,NO,DAY_MONTH_ONLY,NO,NO,NO,AFTER_LEAVING,NO,CUSTOM_LISTS,NEVER,VERIFY_FIRST,YES,APP_OR_HARDWARE,COMPLETELY_UNIQUE,YES,REGULARLY,VERIFY_OUT_OF_BAND,NEVER,REGULARLY,5.0,8.0,2.0,0.0,15.0,0.0,0.0,12.5,0.0,0.0,4.1,LOW,5.0,-0.9
SYNTH_USER_0061,HIGH_EXPOSURE,2026-09-03 12:57:14,PUBLIC,YES,NOT_SURE,YES,FULL_BIRTHDAY,YES,YES,YES,IMMEDIATELY,YES,PUBLIC,YES,ACCEPT_MOST,NO,DISABLED,REUSED,NO,NEVER,CLICK_IMMEDIATELY,YES_HELP,NEVER,95.0,86.0,96.0,95.0,87.5,85.0,92.0,95.0,97.5,84.0,91.8,CRITICAL,51.8,40.0
SYNTH_USER_0062,CONSCIOUS,2026-07-14 08:00:14,FRIENDS_ONLY,NO,NO,NO,HIDDEN,NO,NO,NO,NEVER_CHECKIN,NO,CUSTOM_LISTS,NEVER,REJECT_UNKNOWN,YES,APP_OR_HARDWARE,COMPLETELY_UNIQUE,YES,REGULARLY,VERIFY_OUT_OF_BAND,NEVER,REGULARLY,15.0,0.0,0.0,0.0,0.0,12.5,0.0,12.5,0.0,0.0,2.8,LOW,5.0,-2.2
SYNTH_USER_0063,AVERAGE,2026-09-27 23:02:14,FRIENDS_OF_FRIENDS,YES,NOT_SURE,YES,DAY_MONTH_ONLY,NO,NO,NO,IMMEDIATELY,SOMETIMES,FRIENDS,SOMETIMES,SOMETIMES,NOT_SURE,APP_OR_HARDWARE,REUSED,YES,NEVER,INSPECT_URL,NEVER,RARELY,55.0,38.0,44.0,22.5,67.5,75.0,46.0,85.0,27.5,54.0,47.1,HIGH,17.4,29.7
SYNTH_USER_0064,AVERAGE,2026-07-22 18:29:14,FRIENDS_ONLY,NOT_SURE,NOT_SURE,YES,FULL_BIRTHDAY,CITY_ONLY,SOMETIMES,NO,IMMEDIATELY,NO,PUBLIC,SOMETIMES,VERIFY_FIRST,YES,APP_OR_HARDWARE,REUSED,NOT_SURE,NEVER,INSPECT_URL,NEVER,NEVER,52.5,66.0,32.0,50.0,60.0,40.0,46.0,50.0,27.5,68.0,48.5,HIGH,24.4,24.1
SYNTH_USER_0065,CONSCIOUS,2026-09-07 04:05:14,PRIVATE,NO,NO,NO,HIDDEN,NO,NO,NO,NEVER_CHECKIN,NO,CUSTOM_LISTS,NEVER,VERIFY_FIRST,YES,APP_OR_HARDWARE,COMPLETELY_UNIQUE,YES,REGULARLY,VERIFY_OUT_OF_BAND,NEVER,REGULARLY,10.0,0.0,0.0,0.0,15.0,7.5,0.0,12.5,0.0,0.0,3.5,LOW,5.0,-1.5
SYNTH_USER_0066,HIGH_EXPOSURE,2026-10-03 04:01:14,PUBLIC,YES,YES,YES,FULL_BIRTHDAY,YES,YES,YES,IMMEDIATELY,YES,PUBLIC,SOMETIMES,ACCEPT_MOST,NO,DISABLED,REUSED,NO,NEVER,CLICK_IMMEDIATELY,YES_HELP,NEVER,95.0,94.0,96.0,85.0,87.5,85.0,92.0,95.0,97.5,84.0,92.0,CRITICAL,44.6,47.4
SYNTH_USER_0067,CONSCIOUS,2026-10-05 19:01:14,FRIENDS_ONLY,NO,NO,NO,HIDDEN,NO,NO,NO,AFTER_LEAVING,NO,FRIENDS,NEVER,VERIFY_FIRST,YES,APP_OR_HARDWARE,COMPLETELY_UNIQUE,YES,REGULARLY,VERIFY_OUT_OF_BAND,NEVER,REGULARLY,15.0,0.0,2.0,7.5,7.5,12.5,0.0,12.5,0.0,0.0,4.5,LOW,5.0,-0.5
SYNTH_USER_0068,HIGH_EXPOSURE,2026-09-15 19:47:14,PUBLIC,YES,NOT_SURE,YES,FULL_BIRTHDAY,YES,YES,YES,IMMEDIATELY,YES,PUBLIC,SOMETIMES,ACCEPT_MOST,NO,DISABLED,REUSED,NO,NEVER,CLICK_IMMEDIATELY,YES_HELP,NEVER,95.0,86.0,96.0,85.0,87.5,85.0,92.0,95.0,97.5,84.0,90.8,CRITICAL,49.1,41.7
SYNTH_USER_0069,AVERAGE,2026-09-02 18:48:14,FRIENDS_ONLY,NO,YES,NO,DAY_MONTH_ONLY,NO,SOMETIMES,SOMETIMES,SOMETIMES_LATER,SOMETIMES,FRIENDS,SOMETIMES,VERIFY_FIRST,NOT_SURE,SMS_ONLY,REUSED,YES,NEVER,VERIFY_OUT_OF_BAND,NEVER,NEVER,50.0,36.0,46.0,22.5,60.0,67.5,62.0,50.0,15.0,68.0,45.6,HIGH,17.6,28.0
SYNTH_USER_0070,CONSCIOUS,2026-09-11 02:10:14,PRIVATE,NO,NO,NO,HIDDEN,NO,NO,NO,AFTER_LEAVING,NO,FRIENDS,NEVER,REJECT_UNKNOWN,YES,APP_OR_HARDWARE,COMPLETELY_UNIQUE,YES,REGULARLY,VERIFY_OUT_OF_BAND,NEVER,REGULARLY,0.0,0.0,2.0,7.5,0.0,12.5,0.0,12.5,0.0,0.0,2.3,LOW,5.0,-2.7
SYNTH_USER_0071,HIGH_EXPOSURE,2026-08-06 18:16:14,PUBLIC,YES,NOT_SURE,YES,FULL_BIRTHDAY,YES,YES,YES,IMMEDIATELY,YES,PUBLIC,YES,ACCEPT_MOST,NO,DISABLED,REUSED,NO,NEVER,CLICK_IMMEDIATELY,HESITATE,NEVER,95.0,86.0,96.0,95.0,87.5,85.0,92.0,95.0,87.5,84.0,90.8,CRITICAL,45.5,45.3
SYNTH_USER_0072,AVERAGE,2026-08-16 17:04:14,PUBLIC,YES,NOT_SURE,NO,DAY_MONTH_ONLY,NO,SOMETIMES,NO,IMMEDIATELY,NO,FRIENDS,SOMETIMES,VERIFY_FIRST,YES,SMS_ONLY,REUSED,YES,RARELY,INSPECT_URL,HESITATE,NEVER,67.5,28.0,32.0,32.5,60.0,52.5,62.0,60.0,40.0,68.0,47.3,HIGH,29.8,17.5
SYNTH_USER_0073,HIGH_EXPOSURE,2026-07-09 23:00:14,PUBLIC,YES,NOT_SURE,YES,FULL_BIRTHDAY,CITY_ONLY,YES,YES,IMMEDIATELY,YES,PUBLIC,SOMETIMES,ACCEPT_MOST,NO,DISABLED,REUSED,NO,NEVER,CLICK_IMMEDIATELY,HESITATE,NEVER,95.0,74.0,96.0,85.0,87.5,85.0,92.0,95.0,87.5,84.0,88.0,CRITICAL,43.3,44.7
SYNTH_USER_0074,AVERAGE,2026-08-04 21:28:14,FRIENDS_OF_FRIENDS,NO,YES,YES,FULL_BIRTHDAY,CITY_ONLY,SOMETIMES,NO,SOMETIMES_LATER,NO,PUBLIC,SOMETIMES,VERIFY_FIRST,NOT_SURE,APP_OR_HARDWARE,COMPLETELY_UNIQUE,NOT_SURE,NEVER,INSPECT_URL,NEVER,NEVER,42.5,74.0,32.0,62.5,57.5,47.5,26.0,72.5,12.5,68.0,46.7,HIGH,24.2,22.5
SYNTH_USER_0075,AVERAGE,2026-08-01 20:59:14,PUBLIC,NO,NOT_SURE,YES,FULL_BIRTHDAY,NO,SOMETIMES,NO,IMMEDIATELY,NO,PUBLIC,NEVER,VERIFY_FIRST,NO,SMS_ONLY,COMPLETELY_UNIQUE,NOT_SURE,RARELY,VERIFY_OUT_OF_BAND,NEVER,RARELY,42.5,58.0,48.0,35.0,57.5,85.0,34.0,50.0,15.0,60.0,45.8,HIGH,22.6,23.2
SYNTH_USER_0076,AVERAGE,2026-08-07 11:55:14,PUBLIC,NOT_SURE,NO,YES,DAY_MONTH_ONLY,CITY_ONLY,NO,NO,SOMETIMES_LATER,NO,FRIENDS,SOMETIMES,VERIFY_FIRST,NOT_SURE,SMS_ONLY,COMPLETELY_UNIQUE,YES,NEVER,INSPECT_URL,NEVER,RARELY,85.0,34.0,32.0,22.5,60.0,40.0,34.0,72.5,12.5,54.0,41.3,HIGH,20.4,20.9
SYNTH_USER_0077,AVERAGE,2026-09-07 14:36:14,FRIENDS_OF_FRIENDS,YES,YES,NO,FULL_BIRTHDAY,NO,SOMETIMES,SOMETIMES,SOMETIMES_LATER,NO,FRIENDS,NEVER,VERIFY_FIRST,NOT_SURE,DISABLED,COMPLETELY_UNIQUE,NOT_SURE,NEVER,INSPECT_URL,HESITATE,RARELY,55.0,48.0,34.0,17.5,37.5,47.5,56.0,72.5,55.0,62.0,46.3,HIGH,26.2,20.1
SYNTH_USER_0078,AVERAGE,2026-09-05 09:25:14,PUBLIC,YES,NOT_SURE,NO,FULL_BIRTHDAY,NO,SOMETIMES,NO,IMMEDIATELY,SOMETIMES,PUBLIC,NEVER,SOMETIMES,NOT_SURE,APP_OR_HARDWARE,COMPLETELY_UNIQUE,YES,NEVER,INSPECT_URL,NEVER,NEVER,82.5,40.0,54.0,37.5,55.0,67.5,34.0,85.0,40.0,54.0,51.0,HIGH,32.8,18.2
SYNTH_USER_0079,AVERAGE,2026-09-28 09:03:14,FRIENDS_ONLY,YES,NOT_SURE,YES,DAY_MONTH_ONLY,NO,SOMETIMES,SOMETIMES,SOMETIMES_LATER,NO,PUBLIC,SOMETIMES,VERIFY_FIRST,NOT_SURE,SMS_ONLY,SLIGHT_VARIATION,NOT_SURE,RARELY,INSPECT_URL,NEVER,RARELY,75.0,46.0,44.0,62.5,37.5,67.5,64.0,72.5,12.5,62.0,52.0,HIGH,33.4,18.6
SYNTH_USER_0080,HIGH_EXPOSURE,2026-07-31 05:09:14,PUBLIC,YES,NOT_SURE,YES,FULL_BIRTHDAY,CITY_ONLY,YES,YES,IMMEDIATELY,YES,PUBLIC,SOMETIMES,ACCEPT_MOST,NO,DISABLED,REUSED,NO,NEVER,CLICK_IMMEDIATELY,YES_HELP,NEVER,95.0,74.0,96.0,85.0,87.5,85.0,92.0,95.0,97.5,84.0,89.0,CRITICAL,39.2,49.8
SYNTH_USER_0081,CONSCIOUS,2026-08-02 22:20:14,FRIENDS_ONLY,NO,NO,NO,DAY_MONTH_ONLY,NO,NO,NO,NEVER_CHECKIN,NO,FRIENDS,NEVER,REJECT_UNKNOWN,YES,APP_OR_HARDWARE,COMPLETELY_UNIQUE,YES,REGULARLY,VERIFY_OUT_OF_BAND,NEVER,REGULARLY,5.0,8.0,0.0,7.5,0.0,7.5,0.0,12.5,0.0,0.0,3.5,LOW,5.0,-1.5
SYNTH_USER_0082,CONSCIOUS,2026-09-21 11:21:14,PRIVATE,NO,NO,NO,DAY_MONTH_ONLY,NO,NO,NO,AFTER_LEAVING,NO,FRIENDS,NEVER,REJECT_UNKNOWN,YES,APP_OR_HARDWARE,COMPLETELY_UNIQUE,YES,REGULARLY,VERIFY_OUT_OF_BAND,NEVER,REGULARLY,0.0,8.0,2.0,7.5,0.0,12.5,0.0,12.5,0.0,0.0,3.5,LOW,5.0,-1.5
SYNTH_USER_0083,AVERAGE,2026-10-02 21:55:14,FRIENDS_OF_FRIENDS,NOT_SURE,NO,NO,DAY_MONTH_ONLY,CITY_ONLY,NO,SOMETIMES,SOMETIMES_LATER,NO,FRIENDS,NEVER,VERIFY_FIRST,NOT_SURE,SMS_ONLY,REUSED,YES,RARELY,VERIFY_OUT_OF_BAND,NEVER,NEVER,45.0,16.0,50.0,7.5,70.0,47.5,54.0,37.5,27.5,68.0,40.6,HIGH,20.9,19.7
SYNTH_USER_0084,HIGH_EXPOSURE,2026-08-21 16:47:14,PUBLIC,YES,NOT_SURE,YES,FULL_BIRTHDAY,CITY_ONLY,YES,YES,IMMEDIATELY,YES,PUBLIC,SOMETIMES,ACCEPT_MOST,NO,DISABLED,REUSED,NO,NEVER,CLICK_IMMEDIATELY,YES_HELP,NEVER,95.0,74.0,96.0,85.0,87.5,85.0,92.0,95.0,97.5,84.0,89.0,CRITICAL,50.7,38.3
SYNTH_USER_0085,HIGH_EXPOSURE,2026-07-17 08:42:14,PUBLIC,YES,NOT_SURE,YES,FULL_BIRTHDAY,YES,YES,YES,IMMEDIATELY,YES,PUBLIC,YES,ACCEPT_MOST,NO,DISABLED,REUSED,NO,NEVER,CLICK_IMMEDIATELY,YES_HELP,NEVER,95.0,86.0,96.0,95.0,87.5,85.0,92.0,95.0,97.5,84.0,91.8,CRITICAL,55.2,36.6
SYNTH_USER_0086,HIGH_EXPOSURE,2026-07-08 18:11:14,PUBLIC,YES,NOT_SURE,YES,FULL_BIRTHDAY,YES,YES,YES,IMMEDIATELY,YES,PUBLIC,YES,ACCEPT_MOST,NO,DISABLED,REUSED,NO,NEVER,CLICK_IMMEDIATELY,YES_HELP,NEVER,95.0,86.0,96.0,95.0,87.5,85.0,92.0,95.0,97.5,84.0,91.8,CRITICAL,51.6,40.2
SYNTH_USER_0087,AVERAGE,2026-08-19 06:33:14,PUBLIC,NO,NO,NO,FULL_BIRTHDAY,CITY_ONLY,SOMETIMES,NO,IMMEDIATELY,SOMETIMES,PUBLIC,SOMETIMES,SOMETIMES,NOT_SURE,DISABLED,COMPLETELY_UNIQUE,NOT_SURE,RARELY,VERIFY_OUT_OF_BAND,NEVER,RARELY,42.5,36.0,44.0,62.5,77.5,47.5,54.0,37.5,15.0,60.0,47.1,HIGH,25.6,21.5
SYNTH_USER_0088,HIGH_EXPOSURE,2026-07-17 09:38:14,PUBLIC,YES,YES,YES,FULL_BIRTHDAY,YES,YES,YES,IMMEDIATELY,YES,PUBLIC,YES,ACCEPT_MOST,NO,DISABLED,REUSED,NO,NEVER,CLICK_IMMEDIATELY,HESITATE,NEVER,95.0,94.0,96.0,95.0,87.5,85.0,92.0,95.0,87.5,84.0,92.0,CRITICAL,39.7,52.3
SYNTH_USER_0089,AVERAGE,2026-09-26 16:26:14,FRIENDS_ONLY,NO,NOT_SURE,NO,DAY_MONTH_ONLY,CITY_ONLY,NO,SOMETIMES,IMMEDIATELY,SOMETIMES,FRIENDS,NEVER,VERIFY_FIRST,NO,DISABLED,SLIGHT_VARIATION,YES,NEVER,INSPECT_URL,NEVER,RARELY,50.0,28.0,72.0,30.0,50.0,57.5,66.0,60.0,25.0,54.0,49.0,HIGH,22.7,26.3
SYNTH_USER_0090,AVERAGE,2026-07-16 22:55:14,FRIENDS_OF_FRIENDS,NOT_SURE,NOT_SURE,YES,FULL_BIRTHDAY,NO,SOMETIMES,SOMETIMES,SOMETIMES_LATER,SOMETIMES,FRIENDS,SOMETIMES,VERIFY_FIRST,NO,SMS_ONLY,COMPLETELY_UNIQUE,NOT_SURE,RARELY,VERIFY_OUT_OF_BAND,NEVER,RARELY,72.5,58.0,52.0,45.0,60.0,72.5,42.0,47.5,27.5,76.0,53.1,HIGH,26.3,26.8
SYNTH_USER_0091,HIGH_EXPOSURE,2026-07-08 00:00:14,PUBLIC,YES,NOT_SURE,YES,FULL_BIRTHDAY,YES,YES,YES,IMMEDIATELY,YES,PUBLIC,SOMETIMES,ACCEPT_MOST,NO,DISABLED,REUSED,NO,NEVER,CLICK_IMMEDIATELY,YES_HELP,NEVER,95.0,86.0,96.0,85.0,87.5,85.0,92.0,95.0,97.5,84.0,90.8,CRITICAL,35.5,55.3
SYNTH_USER_0092,HIGH_EXPOSURE,2026-09-29 06:47:14,PUBLIC,YES,NOT_SURE,YES,FULL_BIRTHDAY,CITY_ONLY,YES,YES,IMMEDIATELY,YES,PUBLIC,SOMETIMES,ACCEPT_MOST,NO,DISABLED,REUSED,NO,NEVER,CLICK_IMMEDIATELY,HESITATE,NEVER,95.0,74.0,96.0,85.0,87.5,85.0,92.0,95.0,87.5,84.0,88.0,CRITICAL,42.2,45.8
SYNTH_USER_0093,AVERAGE,2026-09-30 09:01:14,FRIENDS_ONLY,NO,NOT_SURE,NO,FULL_BIRTHDAY,NO,NO,NO,SOMETIMES_LATER,NO,FRIENDS,NEVER,SOMETIMES,NOT_SURE,APP_OR_HARDWARE,REUSED,YES,RARELY,INSPECT_URL,NEVER,NEVER,37.5,32.0,28.0,30.0,55.0,55.0,36.0,60.0,12.5,62.0,36.8,MODERATE,21.4,15.4
SYNTH_USER_0094,CONSCIOUS,2026-09-12 05:16:14,FRIENDS_ONLY,NO,NO,NO,HIDDEN,NO,NO,NO,NEVER_CHECKIN,NO,FRIENDS,NEVER,VERIFY_FIRST,YES,APP_OR_HARDWARE,COMPLETELY_UNIQUE,YES,REGULARLY,VERIFY_OUT_OF_BAND,NEVER,REGULARLY,5.0,0.0,0.0,7.5,15.0,5.0,0.0,12.5,0.0,0.0,3.6,LOW,5.0,-1.4
SYNTH_USER_0095,AVERAGE,2026-09-30 01:04:14,PUBLIC,YES,NOT_SURE,NO,FULL_BIRTHDAY,CITY_ONLY,NO,SOMETIMES,IMMEDIATELY,NO,PUBLIC,NEVER,VERIFY_FIRST,NOT_SURE,DISABLED,SLIGHT_VARIATION,NOT_SURE,NEVER,INSPECT_URL,HESITATE,NEVER,67.5,40.0,54.0,25.0,60.0,47.5,68.0,62.5,40.0,70.0,52.5,HIGH,21.3,31.2
SYNTH_USER_0096,CONSCIOUS,2026-09-13 17:02:14,FRIENDS_ONLY,NO,NO,NO,HIDDEN,NO,NO,NO,NEVER_CHECKIN,NO,FRIENDS,NEVER,VERIFY_FIRST,YES,APP_OR_HARDWARE,COMPLETELY_UNIQUE,YES,REGULARLY,VERIFY_OUT_OF_BAND,NEVER,REGULARLY,5.0,0.0,0.0,7.5,15.0,5.0,0.0,12.5,0.0,0.0,3.6,LOW,5.0,-1.4
SYNTH_USER_0097,AVERAGE,2026-08-26 05:11:14,FRIENDS_OF_FRIENDS,NOT_SURE,YES,YES,FULL_BIRTHDAY,NO,SOMETIMES,NO,IMMEDIATELY,NO,PUBLIC,SOMETIMES,SOMETIMES,NOT_SURE,APP_OR_HARDWARE,SLIGHT_VARIATION,YES,RARELY,VERIFY_OUT_OF_BAND,HESITATE,NEVER,45.0,66.0,48.0,52.5,55.0,47.5,38.0,50.0,27.5,68.0,49.1,HIGH,19.2,29.9
SYNTH_USER_0098,AVERAGE,2026-08-02 18:30:14,FRIENDS_OF_FRIENDS,NO,YES,YES,FULL_BIRTHDAY,CITY_ONLY,SOMETIMES,SOMETIMES,SOMETIMES_LATER,NO,PUBLIC,NEVER,VERIFY_FIRST,YES,APP_OR_HARDWARE,SLIGHT_VARIATION,NOT_SURE,RARELY,VERIFY_OUT_OF_BAND,HESITATE,RARELY,30.0,74.0,50.0,35.0,50.0,40.0,48.0,60.0,30.0,62.0,48.4,HIGH,25.9,22.5
SYNTH_USER_0099,CONSCIOUS,2026-08-28 12:56:14,PRIVATE,NO,NO,NO,DAY_MONTH_ONLY,NO,NO,NO,NEVER_CHECKIN,NO,CUSTOM_LISTS,NEVER,REJECT_UNKNOWN,YES,APP_OR_HARDWARE,COMPLETELY_UNIQUE,YES,REGULARLY,VERIFY_OUT_OF_BAND,NEVER,REGULARLY,0.0,8.0,0.0,0.0,0.0,12.5,0.0,12.5,0.0,0.0,2.5,LOW,5.0,-2.5
SYNTH_USER_0100,HIGH_EXPOSURE,2026-08-08 09:04:14,PUBLIC,YES,YES,YES,FULL_BIRTHDAY,YES,YES,YES,IMMEDIATELY,YES,PUBLIC,YES,ACCEPT_MOST,NO,DISABLED,REUSED,NO,NEVER,CLICK_IMMEDIATELY,YES_HELP,NEVER,95.0,94.0,96.0,95.0,87.5,85.0,92.0,95.0,97.5,84.0,93.0,CRITICAL,52.4,40.6
SYNTH_USER_0101,AVERAGE,2026-08-14 17:34:14,FRIENDS_ONLY,NO,NOT_SURE,YES,DAY_MONTH_ONLY,CITY_ONLY,NO,NO,IMMEDIATELY,NO,PUBLIC,SOMETIMES,SOMETIMES,NO,DISABLED,REUSED,YES,RARELY,INSPECT_URL,HESITATE,NEVER,22.5,46.0,38.0,40.0,67.5,72.5,64.0,37.5,40.0,62.0,47.8,HIGH,29.4,18.4
SYNTH_USER_0102,HIGH_EXPOSURE,2026-10-01 07:49:14,PUBLIC,YES,NOT_SURE,YES,FULL_BIRTHDAY,YES,YES,YES,IMMEDIATELY,YES,PUBLIC,SOMETIMES,ACCEPT_MOST,NO,DISABLED,REUSED,NO,NEVER,CLICK_IMMEDIATELY,HESITATE,NEVER,95.0,86.0,96.0,85.0,87.5,85.0,92.0,95.0,87.5,84.0,89.8,CRITICAL,33.7,56.1
SYNTH_USER_0103,CONSCIOUS,2026-08-05 04:22:14,PRIVATE,NO,NO,NO,HIDDEN,NO,NO,NO,AFTER_LEAVING,NO,FRIENDS,NEVER,VERIFY_FIRST,YES,APP_OR_HARDWARE,COMPLETELY_UNIQUE,YES,REGULARLY,VERIFY_OUT_OF_BAND,NEVER,REGULARLY,10.0,0.0,2.0,7.5,15.0,5.0,0.0,12.5,0.0,0.0,4.4,LOW,5.0,-0.6
SYNTH_USER_0104,AVERAGE,2026-09-22 07:25:14,PUBLIC,NO,NOT_SURE,NO,FULL_BIRTHDAY,CITY_ONLY,SOMETIMES,NO,SOMETIMES_LATER,SOMETIMES,FRIENDS,NEVER,SOMETIMES,YES,APP_OR_HARDWARE,SLIGHT_VARIATION,YES,RARELY,INSPECT_URL,NEVER,NEVER,55.0,48.0,50.0,17.5,45.0,32.5,36.0,50.0,12.5,62.0,40.3,HIGH,17.1,23.2
SYNTH_USER_0105,AVERAGE,2026-08-02 16:13:14,FRIENDS_ONLY,NOT_SURE,YES,NO,FULL_BIRTHDAY,NO,SOMETIMES,SOMETIMES,IMMEDIATELY,NO,FRIENDS,SOMETIMES,VERIFY_FIRST,NOT_SURE,SMS_ONLY,COMPLETELY_UNIQUE,NOT_SURE,RARELY,VERIFY_OUT_OF_BAND,NEVER,RARELY,50.0,48.0,54.0,32.5,60.0,60.0,42.0,37.5,0.0,60.0,43.7,HIGH,16.3,27.4
SYNTH_USER_0106,AVERAGE,2026-07-21 06:22:14,FRIENDS_ONLY,NO,YES,YES,DAY_MONTH_ONLY,CITY_ONLY,SOMETIMES,SOMETIMES,IMMEDIATELY,SOMETIMES,FRIENDS,SOMETIMES,SOMETIMES,NOT_SURE,SMS_ONLY,COMPLETELY_UNIQUE,NOT_SURE,NEVER,VERIFY_OUT_OF_BAND,HESITATE,NEVER,37.5,62.0,56.0,45.0,57.5,55.0,44.0,85.0,15.0,68.0,50.2,HIGH,19.9,30.3
SYNTH_USER_0107,HIGH_EXPOSURE,2026-09-05 23:03:14,PUBLIC,YES,YES,YES,FULL_BIRTHDAY,YES,YES,YES,IMMEDIATELY,YES,PUBLIC,YES,ACCEPT_MOST,NO,DISABLED,REUSED,NO,NEVER,CLICK_IMMEDIATELY,YES_HELP,NEVER,95.0,94.0,96.0,95.0,87.5,85.0,92.0,95.0,97.5,84.0,93.0,CRITICAL,39.4,53.6
SYNTH_USER_0108,HIGH_EXPOSURE,2026-08-30 10:59:14,PUBLIC,YES,YES,YES,FULL_BIRTHDAY,YES,YES,YES,IMMEDIATELY,YES,PUBLIC,SOMETIMES,ACCEPT_MOST,NO,DISABLED,REUSED,NO,NEVER,CLICK_IMMEDIATELY,YES_HELP,NEVER,95.0,94.0,96.0,85.0,87.5,85.0,92.0,95.0,97.5,84.0,92.0,CRITICAL,41.1,50.9
SYNTH_USER_0109,AVERAGE,2026-07-14 16:24:14,PUBLIC,NO,YES,NO,DAY_MONTH_ONLY,CITY_ONLY,SOMETIMES,NO,SOMETIMES_LATER,NO,FRIENDS,SOMETIMES,VERIFY_FIRST,YES,APP_OR_HARDWARE,REUSED,NOT_SURE,NEVER,VERIFY_OUT_OF_BAND,HESITATE,NEVER,55.0,44.0,28.0,35.0,60.0,32.5,46.0,62.5,30.0,62.0,43.6,HIGH,20.8,22.8
SYNTH_USER_0110,AVERAGE,2026-10-02 21:31:14,PUBLIC,NOT_SURE,NOT_SURE,NO,DAY_MONTH_ONLY,CITY_ONLY,NO,SOMETIMES,SOMETIMES_LATER,NO,FRIENDS,NEVER,VERIFY_FIRST,NO,APP_OR_HARDWARE,SLIGHT_VARIATION,NOT_SURE,NEVER,INSPECT_URL,NEVER,NEVER,57.5,28.0,44.0,7.5,70.0,62.5,38.0,72.5,25.0,70.0,42.8,HIGH,17.0,25.8
SYNTH_USER_0111,HIGH_EXPOSURE,2026-08-07 23:04:14,PUBLIC,YES,YES,YES,FULL_BIRTHDAY,YES,YES,YES,IMMEDIATELY,YES,PUBLIC,SOMETIMES,ACCEPT_MOST,NO,DISABLED,REUSED,NO,NEVER,CLICK_IMMEDIATELY,YES_HELP,NEVER,95.0,94.0,96.0,85.0,87.5,85.0,92.0,95.0,97.5,84.0,92.0,CRITICAL,34.7,57.3
SYNTH_USER_0112,AVERAGE,2026-07-30 19:56:14,FRIENDS_ONLY,YES,NO,YES,FULL_BIRTHDAY,CITY_ONLY,SOMETIMES,NO,SOMETIMES_LATER,SOMETIMES,PUBLIC,SOMETIMES,VERIFY_FIRST,NO,APP_OR_HARDWARE,REUSED,NOT_SURE,RARELY,INSPECT_URL,NEVER,RARELY,60.0,54.0,44.0,62.5,60.0,62.5,54.0,60.0,12.5,68.0,51.8,HIGH,21.5,30.3
SYNTH_USER_0113,AVERAGE,2026-07-29 16:54:14,PUBLIC,NOT_SURE,NOT_SURE,YES,FULL_BIRTHDAY,CITY_ONLY,SOMETIMES,NO,IMMEDIATELY,SOMETIMES,PUBLIC,SOMETIMES,VERIFY_FIRST,NOT_SURE,DISABLED,COMPLETELY_UNIQUE,NOT_SURE,NEVER,INSPECT_URL,HESITATE,NEVER,72.5,66.0,44.0,40.0,70.0,67.5,54.0,72.5,55.0,68.0,58.8,HIGH,37.1,21.7
SYNTH_USER_0114,AVERAGE,2026-09-17 10:35:14,FRIENDS_ONLY,NO,YES,YES,DAY_MONTH_ONLY,CITY_ONLY,NO,NO,SOMETIMES_LATER,NO,PUBLIC,SOMETIMES,VERIFY_FIRST,NO,SMS_ONLY,SLIGHT_VARIATION,NOT_SURE,RARELY,INSPECT_URL,NEVER,RARELY,35.0,54.0,32.0,62.5,47.5,65.0,46.0,60.0,12.5,68.0,45.2,HIGH,18.2,27.0
SYNTH_USER_0115,HIGH_EXPOSURE,2026-10-03 20:47:14,PUBLIC,YES,NOT_SURE,YES,FULL_BIRTHDAY,YES,YES,YES,IMMEDIATELY,YES,PUBLIC,YES,ACCEPT_MOST,NO,DISABLED,REUSED,NO,NEVER,CLICK_IMMEDIATELY,HESITATE,NEVER,95.0,86.0,96.0,95.0,87.5,85.0,92.0,95.0,87.5,84.0,90.8,CRITICAL,40.1,50.7
SYNTH_USER_0116,CONSCIOUS,2026-07-16 19:01:14,FRIENDS_ONLY,NO,NO,NO,DAY_MONTH_ONLY,NO,NO,NO,AFTER_LEAVING,NO,CUSTOM_LISTS,NEVER,VERIFY_FIRST,YES,APP_OR_HARDWARE,COMPLETELY_UNIQUE,YES,REGULARLY,VERIFY_OUT_OF_BAND,NEVER,REGULARLY,5.0,8.0,2.0,0.0,15.0,5.0,0.0,12.5,0.0,0.0,4.4,LOW,5.0,-0.6
SYNTH_USER_0117,HIGH_EXPOSURE,2026-08-02 19:23:14,PUBLIC,YES,YES,YES,FULL_BIRTHDAY,YES,YES,YES,IMMEDIATELY,YES,PUBLIC,SOMETIMES,ACCEPT_MOST,NO,DISABLED,REUSED,NO,NEVER,CLICK_IMMEDIATELY,HESITATE,NEVER,95.0,94.0,96.0,85.0,87.5,85.0,92.0,95.0,87.5,84.0,91.0,CRITICAL,32.2,58.8
SYNTH_USER_0118,CONSCIOUS,2026-08-24 23:13:14,PRIVATE,NO,NO,NO,DAY_MONTH_ONLY,NO,NO,NO,AFTER_LEAVING,NO,CUSTOM_LISTS,NEVER,REJECT_UNKNOWN,YES,APP_OR_HARDWARE,COMPLETELY_UNIQUE,YES,REGULARLY,VERIFY_OUT_OF_BAND,NEVER,REGULARLY,10.0,8.0,2.0,0.0,0.0,7.5,0.0,12.5,0.0,0.0,3.5,LOW,5.0,-1.5
SYNTH_USER_0119,AVERAGE,2026-08-14 09:19:14,FRIENDS_OF_FRIENDS,NO,NOT_SURE,NO,DAY_MONTH_ONLY,NO,SOMETIMES,NO,IMMEDIATELY,SOMETIMES,PUBLIC,NEVER,SOMETIMES,NOT_SURE,SMS_ONLY,SLIGHT_VARIATION,NOT_SURE,NEVER,INSPECT_URL,HESITATE,NEVER,57.5,28.0,60.0,47.5,65.0,60.0,56.0,72.5,40.0,62.0,52.3,HIGH,25.0,27.3
SYNTH_USER_0120,AVERAGE,2026-07-12 04:15:14,PUBLIC,NOT_SURE,NO,YES,DAY_MONTH_ONLY,NO,SOMETIMES,NO,IMMEDIATELY,NO,PUBLIC,NEVER,VERIFY_FIRST,NO,DISABLED,SLIGHT_VARIATION,NOT_SURE,RARELY,INSPECT_URL,HESITATE,NEVER,85.0,34.0,38.0,35.0,60.0,72.5,68.0,47.5,27.5,70.0,51.2,HIGH,24.0,27.2
SYNTH_USER_0121,HIGH_EXPOSURE,2026-07-28 18:30:14,PUBLIC,YES,YES,YES,FULL_BIRTHDAY,YES,YES,YES,IMMEDIATELY,YES,PUBLIC,SOMETIMES,ACCEPT_MOST,NO,DISABLED,REUSED,NO,NEVER,CLICK_IMMEDIATELY,YES_HELP,NEVER,95.0,94.0,96.0,85.0,87.5,85.0,92.0,95.0,97.5,84.0,92.0,CRITICAL,58.4,33.6
SYNTH_USER_0122,CONSCIOUS,2026-09-17 00:14:14,FRIENDS_ONLY,NO,NO,NO,DAY_MONTH_ONLY,NO,NO,NO,NEVER_CHECKIN,NO,FRIENDS,NEVER,VERIFY_FIRST,YES,APP_OR_HARDWARE,COMPLETELY_UNIQUE,YES,REGULARLY,VERIFY_OUT_OF_BAND,NEVER,REGULARLY,5.0,8.0,0.0,7.5,7.5,5.0,0.0,12.5,0.0,0.0,4.1,LOW,5.0,-0.9
SYNTH_USER_0123,AVERAGE,2026-09-01 21:56:14,FRIENDS_OF_FRIENDS,NO,YES,YES,DAY_MONTH_ONLY,NO,SOMETIMES,SOMETIMES,SOMETIMES_LATER,SOMETIMES,FRIENDS,NEVER,VERIFY_FIRST,NOT_SURE,SMS_ONLY,REUSED,NOT_SURE,NEVER,VERIFY_OUT_OF_BAND,NEVER,NEVER,42.5,54.0,62.0,7.5,47.5,55.0,64.0,85.0,0.0,60.0,46.8,HIGH,30.1,16.7
SYNTH_USER_0124,HIGH_EXPOSURE,2026-08-29 11:10:14,PUBLIC,YES,YES,YES,FULL_BIRTHDAY,YES,YES,YES,IMMEDIATELY,YES,PUBLIC,SOMETIMES,ACCEPT_MOST,NO,DISABLED,REUSED,NO,NEVER,CLICK_IMMEDIATELY,YES_HELP,NEVER,95.0,94.0,96.0,85.0,87.5,85.0,92.0,95.0,97.5,84.0,92.0,CRITICAL,57.4,34.6
SYNTH_USER_0125,HIGH_EXPOSURE,2026-09-09 23:47:14,PUBLIC,YES,NOT_SURE,YES,FULL_BIRTHDAY,YES,YES,YES,IMMEDIATELY,YES,PUBLIC,YES,ACCEPT_MOST,NO,DISABLED,REUSED,NO,NEVER,CLICK_IMMEDIATELY,YES_HELP,NEVER,95.0,86.0,96.0,95.0,87.5,85.0,92.0,95.0,97.5,84.0,91.8,CRITICAL,40.7,51.1
SYNTH_USER_0126,HIGH_EXPOSURE,2026-08-07 13:08:14,PUBLIC,YES,YES,YES,FULL_BIRTHDAY,YES,YES,YES,IMMEDIATELY,YES,PUBLIC,YES,ACCEPT_MOST,NO,DISABLED,REUSED,NO,NEVER,CLICK_IMMEDIATELY,YES_HELP,NEVER,95.0,94.0,96.0,95.0,87.5,85.0,92.0,95.0,97.5,84.0,93.0,CRITICAL,55.9,37.1
SYNTH_USER_0127,CONSCIOUS,2026-09-22 01:50:14,PRIVATE,NO,NO,NO,HIDDEN,NO,NO,NO,NEVER_CHECKIN,NO,CUSTOM_LISTS,NEVER,REJECT_UNKNOWN,YES,APP_OR_HARDWARE,COMPLETELY_UNIQUE,YES,REGULARLY,VERIFY_OUT_OF_BAND,NEVER,REGULARLY,10.0,0.0,0.0,0.0,7.5,12.5,0.0,12.5,0.0,0.0,3.0,LOW,5.0,-2.0
SYNTH_USER_0128,HIGH_EXPOSURE,2026-08-10 11:32:14,PUBLIC,YES,NOT_SURE,YES,FULL_BIRTHDAY,CITY_ONLY,YES,YES,IMMEDIATELY,YES,PUBLIC,SOMETIMES,ACCEPT_MOST,NO,DISABLED,REUSED,NO,NEVER,CLICK_IMMEDIATELY,YES_HELP,NEVER,95.0,74.0,96.0,85.0,87.5,85.0,92.0,95.0,97.5,84.0,89.0,CRITICAL,53.5,35.5
SYNTH_USER_0129,AVERAGE,2026-09-11 19:36:14,FRIENDS_OF_FRIENDS,NOT_SURE,NO,NO,DAY_MONTH_ONLY,CITY_ONLY,SOMETIMES,NO,IMMEDIATELY,SOMETIMES,PUBLIC,SOMETIMES,VERIFY_FIRST,NOT_SURE,SMS_ONLY,REUSED,YES,NEVER,INSPECT_URL,NEVER,NEVER,57.5,24.0,60.0,62.5,70.0,62.5,54.0,60.0,25.0,84.0,52.5,HIGH,21.3,31.2
SYNTH_USER_0130,CONSCIOUS,2026-07-12 06:24:14,PRIVATE,NO,NO,NO,DAY_MONTH_ONLY,NO,NO,NO,AFTER_LEAVING,NO,CUSTOM_LISTS,NEVER,REJECT_UNKNOWN,YES,APP_OR_HARDWARE,COMPLETELY_UNIQUE,YES,REGULARLY,VERIFY_OUT_OF_BAND,NEVER,REGULARLY,0.0,8.0,2.0,0.0,0.0,0.0,0.0,12.5,0.0,0.0,2.1,LOW,5.0,-2.9
SYNTH_USER_0131,HIGH_EXPOSURE,2026-09-30 23:11:14,PUBLIC,YES,YES,YES,FULL_BIRTHDAY,CITY_ONLY,YES,YES,IMMEDIATELY,YES,PUBLIC,YES,ACCEPT_MOST,NO,DISABLED,REUSED,NO,NEVER,CLICK_IMMEDIATELY,HESITATE,NEVER,95.0,82.0,96.0,95.0,87.5,85.0,92.0,95.0,87.5,84.0,90.2,CRITICAL,56.1,34.1
SYNTH_USER_0132,AVERAGE,2026-07-29 22:19:14,PUBLIC,NO,NO,YES,DAY_MONTH_ONLY,NO,SOMETIMES,NO,SOMETIMES_LATER,SOMETIMES,FRIENDS,NEVER,VERIFY_FIRST,NOT_SURE,SMS_ONLY,COMPLETELY_UNIQUE,YES,RARELY,INSPECT_URL,NEVER,RARELY,57.5,34.0,34.0,7.5,57.5,40.0,32.0,62.5,12.5,60.0,36.6,MODERATE,16.5,20.1
SYNTH_USER_0133,CONSCIOUS,2026-08-28 01:09:14,PRIVATE,NO,NO,NO,DAY_MONTH_ONLY,NO,NO,NO,AFTER_LEAVING,NO,FRIENDS,NEVER,REJECT_UNKNOWN,YES,APP_OR_HARDWARE,COMPLETELY_UNIQUE,YES,REGULARLY,VERIFY_OUT_OF_BAND,NEVER,REGULARLY,0.0,8.0,2.0,7.5,7.5,7.5,0.0,12.5,0.0,0.0,4.0,LOW,5.0,-1.0
SYNTH_USER_0134,AVERAGE,2026-09-24 13:17:14,PUBLIC,NO,NO,YES,DAY_MONTH_ONLY,CITY_ONLY,SOMETIMES,SOMETIMES,SOMETIMES_LATER,NO,PUBLIC,NEVER,SOMETIMES,NOT_SURE,DISABLED,REUSED,NOT_SURE,RARELY,INSPECT_URL,HESITATE,RARELY,57.5,42.0,34.0,37.5,67.5,75.0,76.0,62.5,55.0,68.0,54.8,HIGH,31.9,22.9
SYNTH_USER_0135,HIGH_EXPOSURE,2026-08-24 15:14:14,PUBLIC,YES,YES,YES,FULL_BIRTHDAY,YES,YES,YES,IMMEDIATELY,YES,PUBLIC,YES,ACCEPT_MOST,NO,DISABLED,REUSED,NO,NEVER,CLICK_IMMEDIATELY,YES_HELP,NEVER,95.0,94.0,96.0,95.0,87.5,85.0,92.0,95.0,97.5,84.0,93.0,CRITICAL,44.2,48.8
SYNTH_USER_0136,AVERAGE,2026-07-13 15:31:14,FRIENDS_ONLY,NOT_SURE,NOT_SURE,YES,DAY_MONTH_ONLY,NO,SOMETIMES,NO,SOMETIMES_LATER,SOMETIMES,PUBLIC,NEVER,VERIFY_FIRST,NOT_SURE,SMS_ONLY,COMPLETELY_UNIQUE,YES,RARELY,VERIFY_OUT_OF_BAND,HESITATE,RARELY,65.0,46.0,34.0,47.5,60.0,40.0,34.0,50.0,42.5,68.0,46.5,HIGH,20.0,26.5
SYNTH_USER_0137,CONSCIOUS,2026-09-30 07:49:14,FRIENDS_ONLY,NO,NO,NO,HIDDEN,NO,NO,NO,NEVER_CHECKIN,NO,CUSTOM_LISTS,NEVER,VERIFY_FIRST,YES,APP_OR_HARDWARE,COMPLETELY_UNIQUE,YES,REGULARLY,VERIFY_OUT_OF_BAND,NEVER,REGULARLY,5.0,0.0,0.0,0.0,15.0,12.5,0.0,12.5,0.0,0.0,3.2,LOW,5.0,-1.8
SYNTH_USER_0138,AVERAGE,2026-08-08 03:01:14,FRIENDS_OF_FRIENDS,NO,NOT_SURE,YES,DAY_MONTH_ONLY,CITY_ONLY,NO,NO,IMMEDIATELY,NO,FRIENDS,SOMETIMES,SOMETIMES,YES,APP_OR_HARDWARE,REUSED,NOT_SURE,NEVER,VERIFY_OUT_OF_BAND,HESITATE,NEVER,42.5,46.0,38.0,45.0,57.5,60.0,56.0,62.5,27.5,62.0,47.5,HIGH,22.8,24.7
SYNTH_USER_0139,AVERAGE,2026-08-19 05:28:14,FRIENDS_ONLY,YES,NO,NO,FULL_BIRTHDAY,NO,SOMETIMES,SOMETIMES,IMMEDIATELY,NO,FRIENDS,SOMETIMES,VERIFY_FIRST,NOT_SURE,DISABLED,REUSED,YES,NEVER,INSPECT_URL,HESITATE,NEVER,75.0,28.0,60.0,32.5,50.0,55.0,56.0,72.5,42.5,70.0,51.5,HIGH,31.1,20.4
SYNTH_USER_0140,AVERAGE,2026-09-30 07:17:14,FRIENDS_OF_FRIENDS,NO,NO,NO,DAY_MONTH_ONLY,CITY_ONLY,NO,NO,IMMEDIATELY,NO,PUBLIC,NEVER,SOMETIMES,NO,SMS_ONLY,COMPLETELY_UNIQUE,NOT_SURE,RARELY,INSPECT_URL,NEVER,NEVER,30.0,16.0,42.0,35.0,55.0,65.0,52.0,47.5,40.0,62.0,41.2,HIGH,15.7,25.5
SYNTH_USER_0141,HIGH_EXPOSURE,2026-08-19 21:07:14,PUBLIC,YES,NOT_SURE,YES,FULL_BIRTHDAY,CITY_ONLY,YES,YES,IMMEDIATELY,YES,PUBLIC,YES,ACCEPT_MOST,NO,DISABLED,REUSED,NO,NEVER,CLICK_IMMEDIATELY,HESITATE,NEVER,95.0,74.0,96.0,95.0,87.5,85.0,92.0,95.0,87.5,84.0,89.0,CRITICAL,41.8,47.2
SYNTH_USER_0142,HIGH_EXPOSURE,2026-09-16 07:52:14,PUBLIC,YES,YES,YES,FULL_BIRTHDAY,CITY_ONLY,YES,YES,IMMEDIATELY,YES,PUBLIC,SOMETIMES,ACCEPT_MOST,NO,DISABLED,REUSED,NO,NEVER,CLICK_IMMEDIATELY,HESITATE,NEVER,95.0,82.0,96.0,85.0,87.5,85.0,92.0,95.0,87.5,84.0,89.2,CRITICAL,50.3,38.9
SYNTH_USER_0143,CONSCIOUS,2026-09-13 21:35:14,PRIVATE,NO,NO,NO,DAY_MONTH_ONLY,NO,NO,NO,AFTER_LEAVING,NO,CUSTOM_LISTS,NEVER,VERIFY_FIRST,YES,APP_OR_HARDWARE,COMPLETELY_UNIQUE,YES,REGULARLY,VERIFY_OUT_OF_BAND,NEVER,REGULARLY,0.0,8.0,2.0,0.0,7.5,0.0,0.0,12.5,0.0,0.0,2.9,LOW,5.0,-2.1
SYNTH_USER_0144,HIGH_EXPOSURE,2026-09-30 12:51:14,PUBLIC,YES,YES,YES,FULL_BIRTHDAY,YES,YES,YES,IMMEDIATELY,YES,PUBLIC,YES,ACCEPT_MOST,NO,DISABLED,REUSED,NO,NEVER,CLICK_IMMEDIATELY,HESITATE,NEVER,95.0,94.0,96.0,95.0,87.5,85.0,92.0,95.0,87.5,84.0,92.0,CRITICAL,36.2,55.8
SYNTH_USER_0145,AVERAGE,2026-08-08 12:00:14,PUBLIC,YES,NO,YES,DAY_MONTH_ONLY,CITY_ONLY,NO,NO,SOMETIMES_LATER,SOMETIMES,FRIENDS,SOMETIMES,VERIFY_FIRST,YES,SMS_ONLY,COMPLETELY_UNIQUE,NOT_SURE,NEVER,INSPECT_URL,HESITATE,RARELY,80.0,34.0,34.0,22.5,47.5,40.0,44.0,75.0,40.0,70.0,45.0,HIGH,17.9,27.1
SYNTH_USER_0146,AVERAGE,2026-09-11 02:10:14,PUBLIC,NOT_SURE,YES,NO,FULL_BIRTHDAY,NO,NO,SOMETIMES,IMMEDIATELY,SOMETIMES,PUBLIC,NEVER,VERIFY_FIRST,NOT_SURE,APP_OR_HARDWARE,COMPLETELY_UNIQUE,NOT_SURE,NEVER,INSPECT_URL,NEVER,NEVER,72.5,40.0,66.0,37.5,50.0,75.0,36.0,75.0,27.5,76.0,51.3,HIGH,25.9,25.4
SYNTH_USER_0147,CONSCIOUS,2026-08-30 14:52:14,FRIENDS_ONLY,NO,NO,NO,DAY_MONTH_ONLY,NO,NO,NO,AFTER_LEAVING,NO,FRIENDS,NEVER,VERIFY_FIRST,YES,APP_OR_HARDWARE,COMPLETELY_UNIQUE,YES,REGULARLY,VERIFY_OUT_OF_BAND,NEVER,REGULARLY,5.0,8.0,2.0,7.5,15.0,12.5,0.0,12.5,0.0,0.0,5.5,LOW,5.0,0.5
SYNTH_USER_0148,AVERAGE,2026-07-25 11:04:14,FRIENDS_ONLY,NO,YES,NO,DAY_MONTH_ONLY,NO,NO,SOMETIMES,SOMETIMES_LATER,SOMETIMES,FRIENDS,SOMETIMES,VERIFY_FIRST,NOT_SURE,APP_OR_HARDWARE,SLIGHT_VARIATION,NOT_SURE,NEVER,VERIFY_OUT_OF_BAND,HESITATE,NEVER,35.0,28.0,56.0,32.5,70.0,55.0,38.0,50.0,15.0,70.0,42.3,HIGH,21.6,20.7
SYNTH_USER_0149,HIGH_EXPOSURE,2026-07-09 05:34:14,PUBLIC,YES,NOT_SURE,YES,FULL_BIRTHDAY,YES,YES,YES,IMMEDIATELY,YES,PUBLIC,SOMETIMES,ACCEPT_MOST,NO,DISABLED,REUSED,NO,NEVER,CLICK_IMMEDIATELY,HESITATE,NEVER,95.0,86.0,96.0,85.0,87.5,85.0,92.0,95.0,87.5,84.0,89.8,CRITICAL,57.2,32.6
SYNTH_USER_0150,AVERAGE,2026-08-30 16:39:14,PUBLIC,NOT_SURE,YES,NO,FULL_BIRTHDAY,CITY_ONLY,NO,SOMETIMES,IMMEDIATELY,SOMETIMES,PUBLIC,NEVER,SOMETIMES,NOT_SURE,SMS_ONLY,COMPLETELY_UNIQUE,YES,RARELY,INSPECT_URL,HESITATE,NEVER,72.5,48.0,66.0,47.5,55.0,60.0,42.0,37.5,27.5,76.0,52.3,HIGH,31.0,21.3
SYNTH_USER_0151,AVERAGE,2026-07-30 06:15:14,PUBLIC,NO,NOT_SURE,NO,FULL_BIRTHDAY,NO,NO,NO,IMMEDIATELY,NO,PUBLIC,SOMETIMES,SOMETIMES,NO,SMS_ONLY,COMPLETELY_UNIQUE,YES,NEVER,INSPECT_URL,NEVER,NEVER,42.5,32.0,32.0,52.5,55.0,70.0,34.0,62.5,25.0,54.0,41.5,HIGH,20.1,21.4
SYNTH_USER_0152,AVERAGE,2026-09-27 19:52:14,PUBLIC,NO,NO,NO,FULL_BIRTHDAY,CITY_ONLY,SOMETIMES,NO,IMMEDIATELY,SOMETIMES,FRIENDS,NEVER,SOMETIMES,YES,DISABLED,COMPLETELY_UNIQUE,YES,NEVER,VERIFY_OUT_OF_BAND,NEVER,RARELY,42.5,36.0,54.0,7.5,55.0,60.0,46.0,62.5,0.0,54.0,39.7,MODERATE,14.8,24.9
SYNTH_USER_0153,CONSCIOUS,2026-09-20 17:20:14,FRIENDS_ONLY,NO,NO,NO,DAY_MONTH_ONLY,NO,NO,NO,AFTER_LEAVING,NO,CUSTOM_LISTS,NEVER,REJECT_UNKNOWN,YES,APP_OR_HARDWARE,COMPLETELY_UNIQUE,YES,REGULARLY,VERIFY_OUT_OF_BAND,NEVER,REGULARLY,5.0,8.0,2.0,0.0,7.5,0.0,0.0,12.5,0.0,0.0,3.4,LOW,5.0,-1.6
SYNTH_USER_0154,HIGH_EXPOSURE,2026-07-27 16:19:14,PUBLIC,YES,YES,YES,FULL_BIRTHDAY,YES,YES,YES,IMMEDIATELY,YES,PUBLIC,YES,ACCEPT_MOST,NO,DISABLED,REUSED,NO,NEVER,CLICK_IMMEDIATELY,YES_HELP,NEVER,95.0,94.0,96.0,95.0,87.5,85.0,92.0,95.0,97.5,84.0,93.0,CRITICAL,48.6,44.4
SYNTH_USER_0155,AVERAGE,2026-07-13 10:12:14,FRIENDS_ONLY,NOT_SURE,NOT_SURE,NO,FULL_BIRTHDAY,CITY_ONLY,NO,SOMETIMES,SOMETIMES_LATER,NO,PUBLIC,SOMETIMES,SOMETIMES,NOT_SURE,DISABLED,SLIGHT_VARIATION,NOT_SURE,RARELY,VERIFY_OUT_OF_BAND,HESITATE,NEVER,65.0,40.0,40.0,52.5,67.5,40.0,58.0,62.5,42.5,68.0,52.0,HIGH,24.0,28.0
SYNTH_USER_0156,AVERAGE,2026-09-29 15:26:14,FRIENDS_OF_FRIENDS,YES,NOT_SURE,NO,FULL_BIRTHDAY,NO,SOMETIMES,SOMETIMES,IMMEDIATELY,NO,PUBLIC,SOMETIMES,VERIFY_FIRST,NOT_SURE,APP_OR_HARDWARE,COMPLETELY_UNIQUE,YES,NEVER,VERIFY_OUT_OF_BAND,NEVER,NEVER,67.5,40.0,44.0,62.5,60.0,40.0,34.0,85.0,12.5,84.0,48.4,HIGH,27.6,20.8
SYNTH_USER_0157,CONSCIOUS,2026-07-26 03:38:14,FRIENDS_ONLY,NO,NO,NO,DAY_MONTH_ONLY,NO,NO,NO,NEVER_CHECKIN,NO,CUSTOM_LISTS,NEVER,VERIFY_FIRST,YES,APP_OR_HARDWARE,COMPLETELY_UNIQUE,YES,REGULARLY,VERIFY_OUT_OF_BAND,NEVER,REGULARLY,15.0,8.0,0.0,0.0,15.0,5.0,0.0,12.5,0.0,0.0,5.1,LOW,5.0,0.1
SYNTH_USER_0158,AVERAGE,2026-08-09 17:05:14,PUBLIC,NOT_SURE,NOT_SURE,NO,DAY_MONTH_ONLY,NO,NO,NO,SOMETIMES_LATER,SOMETIMES,PUBLIC,SOMETIMES,SOMETIMES,NOT_SURE,SMS_ONLY,REUSED,YES,RARELY,INSPECT_URL,NEVER,NEVER,70.0,20.0,40.0,52.5,45.0,52.5,62.0,62.5,12.5,68.0,45.4,HIGH,23.7,21.7
SYNTH_USER_0159,AVERAGE,2026-08-06 19:52:14,FRIENDS_ONLY,NOT_SURE,NO,YES,FULL_BIRTHDAY,NO,NO,NO,SOMETIMES_LATER,NO,PUBLIC,NEVER,SOMETIMES,NOT_SURE,APP_OR_HARDWARE,REUSED,YES,NEVER,VERIFY_OUT_OF_BAND,NEVER,NEVER,37.5,38.0,28.0,35.0,55.0,75.0,36.0,75.0,15.0,62.0,40.1,HIGH,16.9,23.2
SYNTH_USER_0160,CONSCIOUS,2026-08-24 06:59:14,FRIENDS_ONLY,NO,NO,NO,DAY_MONTH_ONLY,NO,NO,NO,AFTER_LEAVING,NO,FRIENDS,NEVER,VERIFY_FIRST,YES,APP_OR_HARDWARE,COMPLETELY_UNIQUE,YES,REGULARLY,VERIFY_OUT_OF_BAND,NEVER,REGULARLY,5.0,8.0,2.0,7.5,7.5,12.5,0.0,12.5,0.0,0.0,4.8,LOW,5.0,-0.2
SYNTH_USER_0161,AVERAGE,2026-07-31 05:47:14,FRIENDS_ONLY,YES,YES,YES,FULL_BIRTHDAY,CITY_ONLY,SOMETIMES,SOMETIMES,IMMEDIATELY,NO,FRIENDS,SOMETIMES,VERIFY_FIRST,YES,DISABLED,REUSED,NOT_SURE,NEVER,VERIFY_OUT_OF_BAND,HESITATE,RARELY,60.0,74.0,60.0,35.0,47.5,45.0,84.0,60.0,15.0,76.0,57.5,HIGH,24.9,32.6
SYNTH_USER_0162,HIGH_EXPOSURE,2026-08-24 17:48:14,PUBLIC,YES,YES,YES,FULL_BIRTHDAY,YES,YES,YES,IMMEDIATELY,YES,PUBLIC,SOMETIMES,ACCEPT_MOST,NO,DISABLED,REUSED,NO,NEVER,CLICK_IMMEDIATELY,YES_HELP,NEVER,95.0,94.0,96.0,85.0,87.5,85.0,92.0,95.0,97.5,84.0,92.0,CRITICAL,47.5,44.5
SYNTH_USER_0163,HIGH_EXPOSURE,2026-07-25 08:12:14,PUBLIC,YES,YES,YES,FULL_BIRTHDAY,CITY_ONLY,YES,YES,IMMEDIATELY,YES,PUBLIC,YES,ACCEPT_MOST,NO,DISABLED,REUSED,NO,NEVER,CLICK_IMMEDIATELY,YES_HELP,NEVER,95.0,82.0,96.0,95.0,87.5,85.0,92.0,95.0,97.5,84.0,91.2,CRITICAL,43.5,47.7
SYNTH_USER_0164,AVERAGE,2026-08-19 18:59:14,FRIENDS_OF_FRIENDS,YES,YES,NO,FULL_BIRTHDAY,CITY_ONLY,SOMETIMES,SOMETIMES,SOMETIMES_LATER,NO,FRIENDS,NEVER,VERIFY_FIRST,NOT_SURE,APP_OR_HARDWARE,COMPLETELY_UNIQUE,YES,NEVER,VERIFY_OUT_OF_BAND,NEVER,RARELY,55.0,56.0,34.0,7.5,57.5,60.0,24.0,85.0,15.0,70.0,41.4,HIGH,15.5,25.9
SYNTH_USER_0165,AVERAGE,2026-08-18 03:08:14,FRIENDS_OF_FRIENDS,NO,NOT_SURE,YES,FULL_BIRTHDAY,NO,NO,SOMETIMES,SOMETIMES_LATER,SOMETIMES,FRIENDS,SOMETIMES,VERIFY_FIRST,NOT_SURE,APP_OR_HARDWARE,SLIGHT_VARIATION,YES,NEVER,INSPECT_URL,NEVER,RARELY,30.0,50.0,56.0,45.0,37.5,40.0,28.0,72.5,27.5,52.0,42.3,HIGH,25.7,16.6
SYNTH_USER_0166,HIGH_EXPOSURE,2026-09-04 08:26:14,PUBLIC,YES,NOT_SURE,YES,FULL_BIRTHDAY,CITY_ONLY,YES,YES,IMMEDIATELY,YES,PUBLIC,YES,ACCEPT_MOST,NO,DISABLED,REUSED,NO,NEVER,CLICK_IMMEDIATELY,YES_HELP,NEVER,95.0,74.0,96.0,95.0,87.5,85.0,92.0,95.0,97.5,84.0,90.0,CRITICAL,47.5,42.5
SYNTH_USER_0167,AVERAGE,2026-09-24 10:22:14,FRIENDS_ONLY,YES,NOT_SURE,NO,DAY_MONTH_ONLY,NO,NO,NO,IMMEDIATELY,NO,PUBLIC,SOMETIMES,VERIFY_FIRST,NOT_SURE,DISABLED,COMPLETELY_UNIQUE,NOT_SURE,NEVER,INSPECT_URL,HESITATE,RARELY,47.5,20.0,48.0,50.0,60.0,55.0,54.0,60.0,27.5,62.0,45.6,HIGH,23.0,22.6
SYNTH_USER_0168,AVERAGE,2026-08-26 14:13:14,FRIENDS_ONLY,NO,NO,NO,DAY_MONTH_ONLY,CITY_ONLY,NO,SOMETIMES,IMMEDIATELY,NO,PUBLIC,NEVER,SOMETIMES,NOT_SURE,APP_OR_HARDWARE,SLIGHT_VARIATION,NOT_SURE,NEVER,VERIFY_OUT_OF_BAND,NEVER,NEVER,22.5,16.0,50.0,47.5,45.0,55.0,38.0,50.0,0.0,62.0,35.4,MODERATE,13.0,22.4
SYNTH_USER_0169,AVERAGE,2026-08-07 17:10:14,PUBLIC,YES,NO,NO,FULL_BIRTHDAY,NO,SOMETIMES,SOMETIMES,SOMETIMES_LATER,NO,FRIENDS,NEVER,SOMETIMES,NOT_SURE,SMS_ONLY,COMPLETELY_UNIQUE,NOT_SURE,NEVER,VERIFY_OUT_OF_BAND,HESITATE,RARELY,80.0,28.0,44.0,7.5,57.5,55.0,34.0,75.0,30.0,60.0,42.9,HIGH,24.9,18.0
SYNTH_USER_0170,CONSCIOUS,2026-09-17 08:27:14,PRIVATE,NO,NO,NO,DAY_MONTH_ONLY,NO,NO,NO,NEVER_CHECKIN,NO,FRIENDS,NEVER,VERIFY_FIRST,YES,APP_OR_HARDWARE,COMPLETELY_UNIQUE,YES,REGULARLY,VERIFY_OUT_OF_BAND,NEVER,REGULARLY,10.0,8.0,0.0,7.5,15.0,5.0,0.0,12.5,0.0,0.0,5.3,LOW,5.0,0.3
SYNTH_USER_0171,AVERAGE,2026-08-17 14:45:14,FRIENDS_OF_FRIENDS,NO,YES,YES,FULL_BIRTHDAY,CITY_ONLY,NO,SOMETIMES,IMMEDIATELY,NO,PUBLIC,SOMETIMES,VERIFY_FIRST,YES,DISABLED,COMPLETELY_UNIQUE,YES,RARELY,INSPECT_URL,NEVER,RARELY,57.5,66.0,50.0,40.0,47.5,32.5,46.0,50.0,25.0,68.0,48.8,HIGH,23.1,25.7
SYNTH_USER_0172,AVERAGE,2026-09-27 06:01:14,PUBLIC,NOT_SURE,NO,NO,DAY_MONTH_ONLY,NO,SOMETIMES,SOMETIMES,SOMETIMES_LATER,NO,PUBLIC,NEVER,SOMETIMES,NOT_SURE,DISABLED,COMPLETELY_UNIQUE,YES,NEVER,INSPECT_URL,HESITATE,RARELY,85.0,16.0,40.0,47.5,55.0,47.5,36.0,62.5,40.0,52.0,44.6,HIGH,25.6,19.0
SYNTH_USER_0173,AVERAGE,2026-08-09 23:35:14,FRIENDS_ONLY,NO,NO,NO,FULL_BIRTHDAY,NO,SOMETIMES,NO,IMMEDIATELY,NO,FRIENDS,NEVER,SOMETIMES,NOT_SURE,APP_OR_HARDWARE,SLIGHT_VARIATION,NOT_SURE,RARELY,INSPECT_URL,NEVER,RARELY,35.0,28.0,38.0,20.0,77.5,75.0,48.0,72.5,25.0,60.0,43.2,HIGH,17.1,26.1
SYNTH_USER_0174,AVERAGE,2026-09-06 06:26:14,PUBLIC,YES,YES,YES,DAY_MONTH_ONLY,CITY_ONLY,NO,NO,SOMETIMES_LATER,NO,PUBLIC,NEVER,VERIFY_FIRST,NO,SMS_ONLY,REUSED,YES,RARELY,VERIFY_OUT_OF_BAND,NEVER,NEVER,80.0,54.0,38.0,47.5,70.0,50.0,44.0,62.5,27.5,70.0,52.0,HIGH,23.4,28.6
SYNTH_USER_0175,CONSCIOUS,2026-09-29 05:51:14,PRIVATE,NO,NO,NO,DAY_MONTH_ONLY,NO,NO,NO,NEVER_CHECKIN,NO,CUSTOM_LISTS,NEVER,VERIFY_FIRST,YES,APP_OR_HARDWARE,COMPLETELY_UNIQUE,YES,REGULARLY,VERIFY_OUT_OF_BAND,NEVER,REGULARLY,0.0,8.0,0.0,0.0,15.0,5.0,0.0,12.5,0.0,0.0,3.6,LOW,5.0,-1.4
SYNTH_USER_0176,AVERAGE,2026-09-13 17:52:14,FRIENDS_ONLY,NO,NO,YES,FULL_BIRTHDAY,NO,SOMETIMES,SOMETIMES,IMMEDIATELY,NO,PUBLIC,NEVER,VERIFY_FIRST,YES,SMS_ONLY,SLIGHT_VARIATION,NOT_SURE,RARELY,VERIFY_OUT_OF_BAND,HESITATE,NEVER,50.0,46.0,50.0,37.5,60.0,45.0,56.0,50.0,30.0,76.0,49.1,HIGH,20.3,28.8
SYNTH_USER_0177,AVERAGE,2026-08-21 23:19:14,FRIENDS_OF_FRIENDS,NO,YES,NO,FULL_BIRTHDAY,CITY_ONLY,NO,SOMETIMES,SOMETIMES_LATER,NO,PUBLIC,NEVER,VERIFY_FIRST,NO,DISABLED,COMPLETELY_UNIQUE,YES,RARELY,INSPECT_URL,HESITATE,NEVER,42.5,48.0,50.0,47.5,57.5,85.0,44.0,37.5,40.0,70.0,49.7,HIGH,22.6,27.1
SYNTH_USER_0178,AVERAGE,2026-08-15 02:26:14,FRIENDS_ONLY,YES,NOT_SURE,NO,FULL_BIRTHDAY,CITY_ONLY,SOMETIMES,NO,IMMEDIATELY,SOMETIMES,PUBLIC,NEVER,VERIFY_FIRST,YES,APP_OR_HARDWARE,COMPLETELY_UNIQUE,NOT_SURE,NEVER,VERIFY_OUT_OF_BAND,HESITATE,NEVER,62.5,48.0,60.0,47.5,70.0,37.5,34.0,62.5,42.5,68.0,52.0,HIGH,33.2,18.8
SYNTH_USER_0179,HIGH_EXPOSURE,2026-07-11 07:18:14,PUBLIC,YES,NOT_SURE,YES,FULL_BIRTHDAY,YES,YES,YES,IMMEDIATELY,YES,PUBLIC,YES,ACCEPT_MOST,NO,DISABLED,REUSED,NO,NEVER,CLICK_IMMEDIATELY,YES_HELP,NEVER,95.0,86.0,96.0,95.0,87.5,85.0,92.0,95.0,97.5,84.0,91.8,CRITICAL,35.8,56.0
SYNTH_USER_0180,AVERAGE,2026-09-03 02:31:14,FRIENDS_ONLY,NO,NO,NO,FULL_BIRTHDAY,CITY_ONLY,NO,SOMETIMES,IMMEDIATELY,NO,FRIENDS,NEVER,SOMETIMES,NO,APP_OR_HARDWARE,COMPLETELY_UNIQUE,NOT_SURE,NEVER,VERIFY_OUT_OF_BAND,HESITATE,RARELY,50.0,28.0,60.0,30.0,57.5,85.0,26.0,60.0,15.0,70.0,43.1,HIGH,21.8,21.3
SYNTH_USER_0181,HIGH_EXPOSURE,2026-09-25 12:51:14,PUBLIC,YES,YES,YES,FULL_BIRTHDAY,CITY_ONLY,YES,YES,IMMEDIATELY,YES,PUBLIC,YES,ACCEPT_MOST,NO,DISABLED,REUSED,NO,NEVER,CLICK_IMMEDIATELY,HESITATE,NEVER,95.0,82.0,96.0,95.0,87.5,85.0,92.0,95.0,87.5,84.0,90.2,CRITICAL,45.5,44.7
SYNTH_USER_0182,AVERAGE,2026-07-30 09:42:14,FRIENDS_OF_FRIENDS,YES,NO,YES,FULL_BIRTHDAY,CITY_ONLY,SOMETIMES,NO,IMMEDIATELY,SOMETIMES,PUBLIC,NEVER,VERIFY_FIRST,YES,DISABLED,REUSED,NOT_SURE,NEVER,VERIFY_OUT_OF_BAND,HESITATE,RARELY,55.0,54.0,54.0,25.0,50.0,45.0,66.0,72.5,15.0,54.0,49.2,HIGH,30.0,19.2
SYNTH_USER_0183,AVERAGE,2026-08-13 07:21:14,FRIENDS_OF_FRIENDS,NO,YES,NO,DAY_MONTH_ONLY,CITY_ONLY,SOMETIMES,SOMETIMES,IMMEDIATELY,SOMETIMES,FRIENDS,SOMETIMES,SOMETIMES,NOT_SURE,APP_OR_HARDWARE,REUSED,NOT_SURE,RARELY,INSPECT_URL,HESITATE,RARELY,30.0,44.0,62.0,35.0,77.5,52.5,46.0,60.0,27.5,54.0,48.1,HIGH,19.2,28.9
SYNTH_USER_0184,AVERAGE,2026-09-05 08:29:14,FRIENDS_ONLY,NO,YES,YES,DAY_MONTH_ONLY,CITY_ONLY,NO,NO,IMMEDIATELY,NO,PUBLIC,NEVER,SOMETIMES,YES,SMS_ONLY,COMPLETELY_UNIQUE,YES,NEVER,INSPECT_URL,NEVER,RARELY,37.5,54.0,48.0,37.5,77.5,37.5,32.0,72.5,12.5,54.0,44.8,HIGH,17.3,27.5
SYNTH_USER_0185,CONSCIOUS,2026-08-08 13:58:14,FRIENDS_ONLY,NO,NO,NO,HIDDEN,NO,NO,NO,AFTER_LEAVING,NO,CUSTOM_LISTS,NEVER,REJECT_UNKNOWN,YES,APP_OR_HARDWARE,COMPLETELY_UNIQUE,YES,REGULARLY,VERIFY_OUT_OF_BAND,NEVER,REGULARLY,5.0,0.0,2.0,0.0,7.5,12.5,0.0,12.5,0.0,0.0,2.8,LOW,5.0,-2.2
SYNTH_USER_0186,AVERAGE,2026-08-11 00:44:14,FRIENDS_ONLY,YES,YES,YES,FULL_BIRTHDAY,NO,SOMETIMES,SOMETIMES,SOMETIMES_LATER,NO,FRIENDS,SOMETIMES,SOMETIMES,NOT_SURE,APP_OR_HARDWARE,COMPLETELY_UNIQUE,NOT_SURE,RARELY,INSPECT_URL,NEVER,NEVER,75.0,66.0,40.0,32.5,77.5,47.5,34.0,50.0,27.5,68.0,50.5,HIGH,28.4,22.1
SYNTH_USER_0187,AVERAGE,2026-09-13 22:28:14,PUBLIC,YES,NO,YES,DAY_MONTH_ONLY,CITY_ONLY,NO,SOMETIMES,SOMETIMES_LATER,SOMETIMES,FRIENDS,SOMETIMES,VERIFY_FIRST,NO,DISABLED,REUSED,NOT_SURE,RARELY,INSPECT_URL,HESITATE,NEVER,67.5,34.0,46.0,32.5,57.5,62.5,74.0,47.5,42.5,62.0,51.7,HIGH,22.5,29.2
SYNTH_USER_0188,AVERAGE,2026-09-28 10:28:14,PUBLIC,YES,NOT_SURE,NO,DAY_MONTH_ONLY,CITY_ONLY,SOMETIMES,NO,IMMEDIATELY,NO,PUBLIC,SOMETIMES,VERIFY_FIRST,NO,DISABLED,SLIGHT_VARIATION,YES,NEVER,VERIFY_OUT_OF_BAND,HESITATE,RARELY,95.0,36.0,48.0,50.0,47.5,77.5,56.0,60.0,27.5,60.0,52.9,HIGH,23.4,29.5
SYNTH_USER_0189,AVERAGE,2026-08-06 17:21:14,PUBLIC,NOT_SURE,NOT_SURE,YES,DAY_MONTH_ONLY,NO,NO,NO,IMMEDIATELY,SOMETIMES,PUBLIC,NEVER,SOMETIMES,YES,DISABLED,COMPLETELY_UNIQUE,YES,NEVER,INSPECT_URL,NEVER,NEVER,72.5,38.0,60.0,25.0,65.0,45.0,44.0,75.0,27.5,76.0,50.1,HIGH,25.7,24.4
SYNTH_USER_0190,AVERAGE,2026-09-16 22:46:14,FRIENDS_ONLY,NO,YES,YES,FULL_BIRTHDAY,CITY_ONLY,NO,SOMETIMES,IMMEDIATELY,NO,FRIENDS,NEVER,SOMETIMES,NO,DISABLED,COMPLETELY_UNIQUE,NOT_SURE,NEVER,VERIFY_OUT_OF_BAND,HESITATE,RARELY,35.0,66.0,54.0,20.0,45.0,57.5,56.0,72.5,27.5,62.0,48.8,HIGH,17.1,31.7
SYNTH_USER_0191,HIGH_EXPOSURE,2026-08-25 00:03:14,PUBLIC,YES,YES,YES,FULL_BIRTHDAY,YES,YES,YES,IMMEDIATELY,YES,PUBLIC,SOMETIMES,ACCEPT_MOST,NO,DISABLED,REUSED,NO,NEVER,CLICK_IMMEDIATELY,HESITATE,NEVER,95.0,94.0,96.0,85.0,87.5,85.0,92.0,95.0,87.5,84.0,91.0,CRITICAL,48.9,42.1
SYNTH_USER_0192,AVERAGE,2026-10-05 22:46:14,PUBLIC,NO,NO,NO,FULL_BIRTHDAY,NO,NO,SOMETIMES,IMMEDIATELY,SOMETIMES,PUBLIC,SOMETIMES,VERIFY_FIRST,YES,APP_OR_HARDWARE,SLIGHT_VARIATION,YES,NEVER,VERIFY_OUT_OF_BAND,HESITATE,NEVER,57.5,20.0,66.0,50.0,37.5,47.5,46.0,75.0,30.0,70.0,46.9,HIGH,24.4,22.5
SYNTH_USER_0193,AVERAGE,2026-07-22 06:50:14,FRIENDS_ONLY,NOT_SURE,NOT_SURE,NO,DAY_MONTH_ONLY,CITY_ONLY,NO,SOMETIMES,IMMEDIATELY,SOMETIMES,FRIENDS,NEVER,VERIFY_FIRST,NO,SMS_ONLY,COMPLETELY_UNIQUE,NOT_SURE,RARELY,INSPECT_URL,HESITATE,NEVER,52.5,28.0,56.0,7.5,70.0,57.5,44.0,60.0,40.0,76.0,45.9,HIGH,16.3,29.6
SYNTH_USER_0194,HIGH_EXPOSURE,2026-10-04 19:10:14,PUBLIC,YES,YES,YES,FULL_BIRTHDAY,CITY_ONLY,YES,YES,IMMEDIATELY,YES,PUBLIC,SOMETIMES,ACCEPT_MOST,NO,DISABLED,REUSED,NO,NEVER,CLICK_IMMEDIATELY,YES_HELP,NEVER,95.0,82.0,96.0,85.0,87.5,85.0,92.0,95.0,97.5,84.0,90.2,CRITICAL,38.6,51.6
SYNTH_USER_0195,CONSCIOUS,2026-09-26 16:52:14,FRIENDS_ONLY,NO,NO,NO,DAY_MONTH_ONLY,NO,NO,NO,AFTER_LEAVING,NO,FRIENDS,NEVER,REJECT_UNKNOWN,YES,APP_OR_HARDWARE,COMPLETELY_UNIQUE,YES,REGULARLY,VERIFY_OUT_OF_BAND,NEVER,REGULARLY,5.0,8.0,2.0,7.5,0.0,5.0,0.0,12.5,0.0,0.0,3.6,LOW,5.0,-1.4
SYNTH_USER_0196,AVERAGE,2026-07-15 12:05:14,FRIENDS_OF_FRIENDS,NOT_SURE,NO,NO,FULL_BIRTHDAY,NO,NO,NO,IMMEDIATELY,SOMETIMES,FRIENDS,NEVER,SOMETIMES,YES,APP_OR_HARDWARE,COMPLETELY_UNIQUE,YES,NEVER,VERIFY_OUT_OF_BAND,NEVER,RARELY,57.5,20.0,50.0,17.5,77.5,52.5,34.0,85.0,15.0,62.0,42.3,HIGH,23.3,19.0
SYNTH_USER_0197,CONSCIOUS,2026-07-15 07:21:14,FRIENDS_ONLY,NO,NO,NO,HIDDEN,NO,NO,NO,AFTER_LEAVING,NO,CUSTOM_LISTS,NEVER,REJECT_UNKNOWN,YES,APP_OR_HARDWARE,COMPLETELY_UNIQUE,YES,REGULARLY,VERIFY_OUT_OF_BAND,NEVER,REGULARLY,5.0,0.0,2.0,0.0,7.5,12.5,0.0,12.5,0.0,0.0,2.8,LOW,5.0,-2.2
SYNTH_USER_0198,HIGH_EXPOSURE,2026-07-24 00:21:14,PUBLIC,YES,YES,YES,FULL_BIRTHDAY,YES,YES,YES,IMMEDIATELY,YES,PUBLIC,YES,ACCEPT_MOST,NO,DISABLED,REUSED,NO,NEVER,CLICK_IMMEDIATELY,YES_HELP,NEVER,95.0,94.0,96.0,95.0,87.5,85.0,92.0,95.0,97.5,84.0,93.0,CRITICAL,56.4,36.6
SYNTH_USER_0199,HIGH_EXPOSURE,2026-09-29 14:19:14,PUBLIC,YES,YES,YES,FULL_BIRTHDAY,YES,YES,YES,IMMEDIATELY,YES,PUBLIC,YES,ACCEPT_MOST,NO,DISABLED,REUSED,NO,NEVER,CLICK_IMMEDIATELY,HESITATE,NEVER,95.0,94.0,96.0,95.0,87.5,85.0,92.0,95.0,87.5,84.0,92.0,CRITICAL,40.3,51.7
SYNTH_USER_0200,AVERAGE,2026-08-19 00:15:14,FRIENDS_OF_FRIENDS,YES,NO,NO,FULL_BIRTHDAY,CITY_ONLY,NO,NO,IMMEDIATELY,SOMETIMES,PUBLIC,NEVER,SOMETIMES,NO,APP_OR_HARDWARE,COMPLETELY_UNIQUE,YES,RARELY,VERIFY_OUT_OF_BAND,NEVER,RARELY,55.0,28.0,50.0,35.0,67.5,70.0,24.0,50.0,12.5,60.0,41.3,HIGH,16.3,25.0
SYNTH_USER_0201,CONSCIOUS,2026-09-13 23:00:14,PRIVATE,NO,NO,NO,HIDDEN,NO,NO,NO,NEVER_CHECKIN,NO,FRIENDS,NEVER,VERIFY_FIRST,YES,APP_OR_HARDWARE,COMPLETELY_UNIQUE,YES,REGULARLY,VERIFY_OUT_OF_BAND,NEVER,REGULARLY,0.0,0.0,0.0,7.5,15.0,0.0,0.0,12.5,0.0,0.0,2.9,LOW,5.0,-2.1
SYNTH_USER_0202,AVERAGE,2026-10-01 04:08:14,FRIENDS_OF_FRIENDS,NOT_SURE,YES,YES,DAY_MONTH_ONLY,NO,NO,SOMETIMES,SOMETIMES_LATER,SOMETIMES,FRIENDS,NEVER,VERIFY_FIRST,NO,APP_OR_HARDWARE,COMPLETELY_UNIQUE,YES,NEVER,INSPECT_URL,HESITATE,NEVER,60.0,46.0,46.0,17.5,47.5,62.5,24.0,60.0,42.5,62.0,43.4,HIGH,25.7,17.7
SYNTH_USER_0203,HIGH_EXPOSURE,2026-09-08 07:40:14,PUBLIC,YES,YES,YES,FULL_BIRTHDAY,YES,YES,YES,IMMEDIATELY,YES,PUBLIC,YES,ACCEPT_MOST,NO,DISABLED,REUSED,NO,NEVER,CLICK_IMMEDIATELY,YES_HELP,NEVER,95.0,94.0,96.0,95.0,87.5,85.0,92.0,95.0,97.5,84.0,93.0,CRITICAL,53.1,39.9
SYNTH_USER_0204,AVERAGE,2026-07-10 02:44:14,FRIENDS_ONLY,NOT_SURE,NO,NO,DAY_MONTH_ONLY,NO,SOMETIMES,NO,SOMETIMES_LATER,SOMETIMES,FRIENDS,SOMETIMES,VERIFY_FIRST,NO,SMS_ONLY,COMPLETELY_UNIQUE,YES,NEVER,INSPECT_URL,NEVER,RARELY,65.0,16.0,44.0,45.0,70.0,70.0,24.0,50.0,25.0,52.0,41.7,HIGH,24.3,17.4
SYNTH_USER_0205,CONSCIOUS,2026-08-28 18:50:14,FRIENDS_ONLY,NO,NO,NO,HIDDEN,NO,NO,NO,NEVER_CHECKIN,NO,CUSTOM_LISTS,NEVER,VERIFY_FIRST,YES,APP_OR_HARDWARE,COMPLETELY_UNIQUE,YES,REGULARLY,VERIFY_OUT_OF_BAND,NEVER,REGULARLY,15.0,0.0,0.0,0.0,15.0,7.5,0.0,12.5,0.0,0.0,4.0,LOW,5.0,-1.0
SYNTH_USER_0206,AVERAGE,2026-07-16 19:25:14,PUBLIC,NO,YES,NO,FULL_BIRTHDAY,NO,NO,SOMETIMES,SOMETIMES_LATER,SOMETIMES,FRIENDS,SOMETIMES,VERIFY_FIRST,NO,SMS_ONLY,COMPLETELY_UNIQUE,NOT_SURE,RARELY,VERIFY_OUT_OF_BAND,NEVER,RARELY,57.5,40.0,56.0,35.0,37.5,85.0,42.0,60.0,27.5,52.0,46.3,HIGH,23.4,22.9
SYNTH_USER_0207,AVERAGE,2026-08-04 21:17:14,FRIENDS_ONLY,YES,YES,YES,DAY_MONTH_ONLY,CITY_ONLY,NO,SOMETIMES,SOMETIMES_LATER,SOMETIMES,FRIENDS,SOMETIMES,VERIFY_FIRST,NO,DISABLED,SLIGHT_VARIATION,NOT_SURE,RARELY,INSPECT_URL,HESITATE,RARELY,60.0,54.0,46.0,32.5,47.5,65.0,76.0,72.5,42.5,70.0,55.0,HIGH,31.8,23.2
SYNTH_USER_0208,CONSCIOUS,2026-08-31 11:34:14,FRIENDS_ONLY,NO,NO,NO,DAY_MONTH_ONLY,NO,NO,NO,NEVER_CHECKIN,NO,CUSTOM_LISTS,NEVER,VERIFY_FIRST,YES,APP_OR_HARDWARE,COMPLETELY_UNIQUE,YES,REGULARLY,VERIFY_OUT_OF_BAND,NEVER,REGULARLY,15.0,8.0,0.0,0.0,7.5,0.0,0.0,12.5,0.0,0.0,4.1,LOW,5.0,-0.9
SYNTH_USER_0209,CONSCIOUS,2026-09-09 13:06:14,PRIVATE,NO,NO,NO,DAY_MONTH_ONLY,NO,NO,NO,AFTER_LEAVING,NO,FRIENDS,NEVER,REJECT_UNKNOWN,YES,APP_OR_HARDWARE,COMPLETELY_UNIQUE,YES,REGULARLY,VERIFY_OUT_OF_BAND,NEVER,REGULARLY,0.0,8.0,2.0,7.5,7.5,7.5,0.0,12.5,0.0,0.0,4.0,LOW,5.0,-1.0
SYNTH_USER_0210,AVERAGE,2026-09-05 06:41:14,FRIENDS_OF_FRIENDS,NO,NOT_SURE,NO,DAY_MONTH_ONLY,CITY_ONLY,NO,SOMETIMES,SOMETIMES_LATER,NO,PUBLIC,SOMETIMES,SOMETIMES,NOT_SURE,DISABLED,COMPLETELY_UNIQUE,NOT_SURE,NEVER,VERIFY_OUT_OF_BAND,NEVER,NEVER,45.0,28.0,34.0,40.0,67.5,60.0,56.0,62.5,27.5,62.0,44.9,HIGH,20.9,24.0
SYNTH_USER_0211,AVERAGE,2026-08-03 04:19:14,PUBLIC,NO,NO,YES,DAY_MONTH_ONLY,CITY_ONLY,NO,SOMETIMES,SOMETIMES_LATER,NO,FRIENDS,NEVER,VERIFY_FIRST,YES,DISABLED,COMPLETELY_UNIQUE,NOT_SURE,RARELY,INSPECT_URL,NEVER,RARELY,70.0,34.0,40.0,30.0,70.0,32.5,56.0,50.0,40.0,60.0,47.6,HIGH,18.8,28.8
SYNTH_USER_0212,CONSCIOUS,2026-08-06 04:20:14,PRIVATE,NO,NO,NO,HIDDEN,NO,NO,NO,NEVER_CHECKIN,NO,CUSTOM_LISTS,NEVER,REJECT_UNKNOWN,YES,APP_OR_HARDWARE,COMPLETELY_UNIQUE,YES,REGULARLY,VERIFY_OUT_OF_BAND,NEVER,REGULARLY,10.0,0.0,0.0,0.0,7.5,5.0,0.0,12.5,0.0,0.0,2.6,LOW,5.0,-2.4
SYNTH_USER_0213,AVERAGE,2026-09-14 17:13:14,FRIENDS_ONLY,YES,YES,YES,FULL_BIRTHDAY,NO,SOMETIMES,NO,SOMETIMES_LATER,NO,FRIENDS,NEVER,VERIFY_FIRST,YES,SMS_ONLY,COMPLETELY_UNIQUE,NOT_SURE,RARELY,VERIFY_OUT_OF_BAND,NEVER,RARELY,47.5,66.0,38.0,30.0,57.5,45.0,34.0,60.0,15.0,62.0,44.1,HIGH,20.4,23.7
SYNTH_USER_0214,AVERAGE,2026-08-30 23:03:14,PUBLIC,YES,NOT_SURE,YES,DAY_MONTH_ONLY,CITY_ONLY,NO,NO,IMMEDIATELY,NO,FRIENDS,SOMETIMES,SOMETIMES,NOT_SURE,SMS_ONLY,REUSED,NOT_SURE,RARELY,VERIFY_OUT_OF_BAND,HESITATE,NEVER,80.0,46.0,48.0,35.0,55.0,47.5,54.0,62.5,30.0,76.0,51.5,HIGH,20.3,31.2
SYNTH_USER_0215,AVERAGE,2026-07-07 15:55:14,FRIENDS_OF_FRIENDS,YES,NOT_SURE,NO,DAY_MONTH_ONLY,NO,NO,NO,IMMEDIATELY,SOMETIMES,PUBLIC,SOMETIMES,VERIFY_FIRST,YES,DISABLED,COMPLETELY_UNIQUE,YES,RARELY,VERIFY_OUT_OF_BAND,NEVER,NEVER,55.0,20.0,50.0,62.5,57.5,52.5,46.0,62.5,15.0,78.0,46.0,HIGH,16.5,29.5
SYNTH_USER_0216,AVERAGE,2026-07-30 15:17:14,FRIENDS_ONLY,NO,YES,YES,FULL_BIRTHDAY,CITY_ONLY,NO,SOMETIMES,SOMETIMES_LATER,SOMETIMES,PUBLIC,NEVER,VERIFY_FIRST,YES,APP_OR_HARDWARE,SLIGHT_VARIATION,YES,NEVER,VERIFY_OUT_OF_BAND,NEVER,RARELY,35.0,66.0,52.0,25.0,60.0,45.0,36.0,62.5,0.0,62.0,43.6,HIGH,25.3,18.3
SYNTH_USER_0217,HIGH_EXPOSURE,2026-10-03 22:45:14,PUBLIC,YES,NOT_SURE,YES,FULL_BIRTHDAY,CITY_ONLY,YES,YES,IMMEDIATELY,YES,PUBLIC,SOMETIMES,ACCEPT_MOST,NO,DISABLED,REUSED,NO,NEVER,CLICK_IMMEDIATELY,HESITATE,NEVER,95.0,74.0,96.0,85.0,87.5,85.0,92.0,95.0,87.5,84.0,88.0,CRITICAL,48.9,39.1
SYNTH_USER_0218,AVERAGE,2026-07-21 13:40:14,FRIENDS_OF_FRIENDS,NOT_SURE,YES,YES,FULL_BIRTHDAY,NO,NO,NO,SOMETIMES_LATER,SOMETIMES,PUBLIC,SOMETIMES,VERIFY_FIRST,NO,APP_OR_HARDWARE,REUSED,YES,NEVER,INSPECT_URL,HESITATE,NEVER,72.5,58.0,44.0,50.0,37.5,72.5,44.0,62.5,55.0,54.0,52.9,HIGH,25.3,27.6
SYNTH_USER_0219,HIGH_EXPOSURE,2026-09-30 04:16:14,PUBLIC,YES,NOT_SURE,YES,FULL_BIRTHDAY,YES,YES,YES,IMMEDIATELY,YES,PUBLIC,YES,ACCEPT_MOST,NO,DISABLED,REUSED,NO,NEVER,CLICK_IMMEDIATELY,YES_HELP,NEVER,95.0,86.0,96.0,95.0,87.5,85.0,92.0,95.0,97.5,84.0,91.8,CRITICAL,33.0,58.8
SYNTH_USER_0220,CONSCIOUS,2026-08-01 17:21:14,FRIENDS_ONLY,NO,NO,NO,DAY_MONTH_ONLY,NO,NO,NO,AFTER_LEAVING,NO,CUSTOM_LISTS,NEVER,VERIFY_FIRST,YES,APP_OR_HARDWARE,COMPLETELY_UNIQUE,YES,REGULARLY,VERIFY_OUT_OF_BAND,NEVER,REGULARLY,5.0,8.0,2.0,0.0,15.0,12.5,0.0,12.5,0.0,0.0,4.8,LOW,5.0,-0.2
SYNTH_USER_0221,AVERAGE,2026-09-04 07:26:14,PUBLIC,NOT_SURE,NOT_SURE,NO,DAY_MONTH_ONLY,CITY_ONLY,SOMETIMES,SOMETIMES,SOMETIMES_LATER,SOMETIMES,PUBLIC,SOMETIMES,VERIFY_FIRST,NO,SMS_ONLY,COMPLETELY_UNIQUE,YES,RARELY,INSPECT_URL,NEVER,RARELY,57.5,36.0,46.0,50.0,47.5,72.5,24.0,72.5,12.5,62.0,43.0,HIGH,20.0,23.0
SYNTH_USER_0222,AVERAGE,2026-09-08 02:53:14,FRIENDS_OF_FRIENDS,NOT_SURE,NOT_SURE,NO,DAY_MONTH_ONLY,NO,NO,SOMETIMES,SOMETIMES_LATER,NO,FRIENDS,SOMETIMES,VERIFY_FIRST,NO,SMS_ONLY,COMPLETELY_UNIQUE,NOT_SURE,NEVER,VERIFY_OUT_OF_BAND,NEVER,NEVER,45.0,20.0,50.0,45.0,47.5,65.0,44.0,72.5,0.0,70.0,41.2,HIGH,15.9,25.3
SYNTH_USER_0223,AVERAGE,2026-09-18 09:10:14,PUBLIC,NOT_SURE,NO,YES,DAY_MONTH_ONLY,CITY_ONLY,NO,NO,SOMETIMES_LATER,NO,FRIENDS,NEVER,VERIFY_FIRST,YES,SMS_ONLY,REUSED,YES,NEVER,INSPECT_URL,NEVER,NEVER,85.0,34.0,32.0,17.5,70.0,25.0,62.0,75.0,25.0,76.0,47.7,HIGH,27.6,20.1
SYNTH_USER_0224,AVERAGE,2026-08-31 06:11:14,FRIENDS_ONLY,NO,YES,NO,DAY_MONTH_ONLY,NO,NO,NO,IMMEDIATELY,NO,PUBLIC,SOMETIMES,VERIFY_FIRST,NOT_SURE,DISABLED,REUSED,NOT_SURE,RARELY,INSPECT_URL,NEVER,RARELY,22.5,28.0,38.0,62.5,60.0,47.5,76.0,60.0,25.0,60.0,46.7,HIGH,25.6,21.1
SYNTH_USER_0225,HIGH_EXPOSURE,2026-08-25 06:03:14,PUBLIC,YES,NOT_SURE,YES,FULL_BIRTHDAY,YES,YES,YES,IMMEDIATELY,YES,PUBLIC,SOMETIMES,ACCEPT_MOST,NO,DISABLED,REUSED,NO,NEVER,CLICK_IMMEDIATELY,YES_HELP,NEVER,95.0,86.0,96.0,85.0,87.5,85.0,92.0,95.0,97.5,84.0,90.8,CRITICAL,58.6,32.2
SYNTH_USER_0226,AVERAGE,2026-09-11 17:15:14,PUBLIC,YES,NOT_SURE,YES,FULL_BIRTHDAY,CITY_ONLY,NO,NO,IMMEDIATELY,SOMETIMES,PUBLIC,NEVER,VERIFY_FIRST,YES,SMS_ONLY,COMPLETELY_UNIQUE,YES,RARELY,VERIFY_OUT_OF_BAND,NEVER,NEVER,95.0,58.0,44.0,37.5,47.5,32.5,34.0,60.0,12.5,70.0,47.8,HIGH,25.7,22.1
SYNTH_USER_0227,AVERAGE,2026-08-12 09:14:14,FRIENDS_ONLY,NO,YES,YES,DAY_MONTH_ONLY,CITY_ONLY,NO,NO,SOMETIMES_LATER,SOMETIMES,FRIENDS,NEVER,SOMETIMES,YES,DISABLED,SLIGHT_VARIATION,NOT_SURE,RARELY,VERIFY_OUT_OF_BAND,NEVER,RARELY,22.5,54.0,50.0,20.0,77.5,45.0,58.0,47.5,15.0,54.0,45.1,HIGH,19.3,25.8
SYNTH_USER_0228,CONSCIOUS,2026-10-01 09:35:14,FRIENDS_ONLY,NO,NO,NO,DAY_MONTH_ONLY,NO,NO,NO,AFTER_LEAVING,NO,FRIENDS,NEVER,REJECT_UNKNOWN,YES,APP_OR_HARDWARE,COMPLETELY_UNIQUE,YES,REGULARLY,VERIFY_OUT_OF_BAND,NEVER,REGULARLY,5.0,8.0,2.0,7.5,0.0,7.5,0.0,12.5,0.0,0.0,3.8,LOW,5.0,-1.2
SYNTH_USER_0229,CONSCIOUS,2026-08-16 22:32:14,FRIENDS_ONLY,NO,NO,NO,DAY_MONTH_ONLY,NO,NO,NO,AFTER_LEAVING,NO,CUSTOM_LISTS,NEVER,REJECT_UNKNOWN,YES,APP_OR_HARDWARE,COMPLETELY_UNIQUE,YES,REGULARLY,VERIFY_OUT_OF_BAND,NEVER,REGULARLY,15.0,8.0,2.0,0.0,7.5,12.5,0.0,12.5,0.0,0.0,5.0,LOW,5.0,0.0
SYNTH_USER_0230,AVERAGE,2026-08-06 20:52:14,FRIENDS_OF_FRIENDS,NO,NO,NO,DAY_MONTH_ONLY,CITY_ONLY,SOMETIMES,NO,IMMEDIATELY,NO,FRIENDS,NEVER,VERIFY_FIRST,NO,DISABLED,SLIGHT_VARIATION,NOT_SURE,NEVER,INSPECT_URL,HESITATE,RARELY,45.0,24.0,32.0,17.5,60.0,72.5,58.0,72.5,27.5,70.0,42.8,HIGH,27.0,15.8
SYNTH_USER_0231,HIGH_EXPOSURE,2026-08-11 14:31:14,PUBLIC,YES,YES,YES,FULL_BIRTHDAY,CITY_ONLY,YES,YES,IMMEDIATELY,YES,PUBLIC,SOMETIMES,ACCEPT_MOST,NO,DISABLED,REUSED,NO,NEVER,CLICK_IMMEDIATELY,HESITATE,NEVER,95.0,82.0,96.0,85.0,87.5,85.0,92.0,95.0,87.5,84.0,89.2,CRITICAL,52.3,36.9
SYNTH_USER_0232,HIGH_EXPOSURE,2026-07-19 17:23:14,PUBLIC,YES,NOT_SURE,YES,FULL_BIRTHDAY,CITY_ONLY,YES,YES,IMMEDIATELY,YES,PUBLIC,SOMETIMES,ACCEPT_MOST,NO,DISABLED,REUSED,NO,NEVER,CLICK_IMMEDIATELY,HESITATE,NEVER,95.0,74.0,96.0,85.0,87.5,85.0,92.0,95.0,87.5,84.0,88.0,CRITICAL,49.7,38.3
SYNTH_USER_0233,AVERAGE,2026-07-28 13:04:14,PUBLIC,YES,NOT_SURE,NO,DAY_MONTH_ONLY,CITY_ONLY,NO,SOMETIMES,SOMETIMES_LATER,NO,FRIENDS,SOMETIMES,SOMETIMES,NOT_SURE,SMS_ONLY,COMPLETELY_UNIQUE,YES,NEVER,VERIFY_OUT_OF_BAND,NEVER,RARELY,67.5,28.0,50.0,45.0,67.5,55.0,34.0,72.5,27.5,54.0,46.6,HIGH,20.0,26.6
SYNTH_USER_0234,AVERAGE,2026-08-26 10:06:14,FRIENDS_ONLY,YES,NOT_SURE,NO,DAY_MONTH_ONLY,CITY_ONLY,NO,NO,IMMEDIATELY,SOMETIMES,PUBLIC,NEVER,VERIFY_FIRST,YES,DISABLED,SLIGHT_VARIATION,NOT_SURE,NEVER,INSPECT_URL,NEVER,RARELY,75.0,28.0,54.0,25.0,47.5,45.0,68.0,62.5,27.5,68.0,48.8,HIGH,27.1,21.7
SYNTH_USER_0235,HIGH_EXPOSURE,2026-08-07 03:37:14,PUBLIC,YES,NOT_SURE,YES,FULL_BIRTHDAY,YES,YES,YES,IMMEDIATELY,YES,PUBLIC,YES,ACCEPT_MOST,NO,DISABLED,REUSED,NO,NEVER,CLICK_IMMEDIATELY,YES_HELP,NEVER,95.0,86.0,96.0,95.0,87.5,85.0,92.0,95.0,97.5,84.0,91.8,CRITICAL,33.6,58.2
SYNTH_USER_0236,AVERAGE,2026-07-30 13:09:14,FRIENDS_ONLY,NO,NOT_SURE,YES,FULL_BIRTHDAY,NO,NO,SOMETIMES,SOMETIMES_LATER,SOMETIMES,FRIENDS,NEVER,SOMETIMES,NOT_SURE,SMS_ONLY,REUSED,YES,NEVER,VERIFY_OUT_OF_BAND,HESITATE,RARELY,50.0,50.0,46.0,20.0,65.0,60.0,62.0,72.5,15.0,54.0,48.0,HIGH,17.6,30.4
SYNTH_USER_0237,AVERAGE,2026-08-11 07:21:14,FRIENDS_ONLY,YES,NOT_SURE,NO,FULL_BIRTHDAY,NO,NO,NO,IMMEDIATELY,SOMETIMES,FRIENDS,SOMETIMES,SOMETIMES,YES,SMS_ONLY,SLIGHT_VARIATION,NOT_SURE,NEVER,VERIFY_OUT_OF_BAND,HESITATE,RARELY,60.0,32.0,54.0,32.5,55.0,25.0,64.0,50.0,30.0,68.0,47.4,HIGH,25.5,21.9
SYNTH_USER_0238,CONSCIOUS,2026-09-16 07:03:14,FRIENDS_ONLY,NO,NO,NO,HIDDEN,NO,NO,NO,AFTER_LEAVING,NO,FRIENDS,NEVER,VERIFY_FIRST,YES,APP_OR_HARDWARE,COMPLETELY_UNIQUE,YES,REGULARLY,VERIFY_OUT_OF_BAND,NEVER,REGULARLY,5.0,0.0,2.0,7.5,7.5,5.0,0.0,12.5,0.0,0.0,3.2,LOW,5.0,-1.8
SYNTH_USER_0239,CONSCIOUS,2026-08-13 08:27:14,PRIVATE,NO,NO,NO,DAY_MONTH_ONLY,NO,NO,NO,NEVER_CHECKIN,NO,FRIENDS,NEVER,VERIFY_FIRST,YES,APP_OR_HARDWARE,COMPLETELY_UNIQUE,YES,REGULARLY,VERIFY_OUT_OF_BAND,NEVER,REGULARLY,10.0,8.0,0.0,7.5,15.0,7.5,0.0,12.5,0.0,0.0,5.5,LOW,5.0,0.5
SYNTH_USER_0240,HIGH_EXPOSURE,2026-08-16 09:17:14,PUBLIC,YES,YES,YES,FULL_BIRTHDAY,YES,YES,YES,IMMEDIATELY,YES,PUBLIC,SOMETIMES,ACCEPT_MOST,NO,DISABLED,REUSED,NO,NEVER,CLICK_IMMEDIATELY,HESITATE,NEVER,95.0,94.0,96.0,85.0,87.5,85.0,92.0,95.0,87.5,84.0,91.0,CRITICAL,53.7,37.3
SYNTH_USER_0241,CONSCIOUS,2026-08-30 23:18:14,FRIENDS_ONLY,NO,NO,NO,DAY_MONTH_ONLY,NO,NO,NO,NEVER_CHECKIN,NO,CUSTOM_LISTS,NEVER,REJECT_UNKNOWN,YES,APP_OR_HARDWARE,COMPLETELY_UNIQUE,YES,REGULARLY,VERIFY_OUT_OF_BAND,NEVER,REGULARLY,5.0,8.0,0.0,0.0,0.0,0.0,0.0,12.5,0.0,0.0,2.3,LOW,5.0,-2.7
SYNTH_USER_0242,CONSCIOUS,2026-08-31 14:37:14,PRIVATE,NO,NO,NO,DAY_MONTH_ONLY,NO,NO,NO,NEVER_CHECKIN,NO,CUSTOM_LISTS,NEVER,VERIFY_FIRST,YES,APP_OR_HARDWARE,COMPLETELY_UNIQUE,YES,REGULARLY,VERIFY_OUT_OF_BAND,NEVER,REGULARLY,10.0,8.0,0.0,0.0,15.0,5.0,0.0,12.5,0.0,0.0,4.6,LOW,5.0,-0.4
SYNTH_USER_0243,HIGH_EXPOSURE,2026-09-12 00:57:14,PUBLIC,YES,NOT_SURE,YES,FULL_BIRTHDAY,YES,YES,YES,IMMEDIATELY,YES,PUBLIC,YES,ACCEPT_MOST,NO,DISABLED,REUSED,NO,NEVER,CLICK_IMMEDIATELY,HESITATE,NEVER,95.0,86.0,96.0,95.0,87.5,85.0,92.0,95.0,87.5,84.0,90.8,CRITICAL,54.7,36.1
SYNTH_USER_0244,AVERAGE,2026-08-28 09:26:14,FRIENDS_ONLY,NOT_SURE,YES,YES,FULL_BIRTHDAY,CITY_ONLY,NO,NO,IMMEDIATELY,NO,PUBLIC,NEVER,VERIFY_FIRST,YES,APP_OR_HARDWARE,REUSED,YES,RARELY,INSPECT_URL,NEVER,NEVER,65.0,66.0,42.0,47.5,50.0,47.5,46.0,37.5,40.0,60.0,50.6,HIGH,24.7,25.9
SYNTH_USER_0245,AVERAGE,2026-09-09 11:16:14,FRIENDS_OF_FRIENDS,YES,NOT_SURE,NO,DAY_MONTH_ONLY,CITY_ONLY,SOMETIMES,SOMETIMES,SOMETIMES_LATER,SOMETIMES,PUBLIC,NEVER,VERIFY_FIRST,NOT_SURE,SMS_ONLY,SLIGHT_VARIATION,NOT_SURE,NEVER,INSPECT_URL,HESITATE,RARELY,55.0,36.0,56.0,47.5,50.0,47.5,54.0,62.5,27.5,60.0,48.4,HIGH,31.2,17.2
SYNTH_USER_0246,AVERAGE,2026-07-28 07:10:14,FRIENDS_ONLY,YES,NOT_SURE,YES,FULL_BIRTHDAY,CITY_ONLY,SOMETIMES,SOMETIMES,IMMEDIATELY,NO,FRIENDS,NEVER,VERIFY_FIRST,NO,DISABLED,REUSED,NOT_SURE,RARELY,VERIFY_OUT_OF_BAND,NEVER,RARELY,62.5,66.0,60.0,17.5,57.5,65.0,74.0,60.0,15.0,62.0,54.6,HIGH,21.9,32.7
SYNTH_USER_0247,CONSCIOUS,2026-07-27 17:31:14,PRIVATE,NO,NO,NO,HIDDEN,NO,NO,NO,AFTER_LEAVING,NO,FRIENDS,NEVER,VERIFY_FIRST,YES,APP_OR_HARDWARE,COMPLETELY_UNIQUE,YES,REGULARLY,VERIFY_OUT_OF_BAND,NEVER,REGULARLY,0.0,0.0,2.0,7.5,15.0,0.0,0.0,12.5,0.0,0.0,3.2,LOW,5.0,-1.8
SYNTH_USER_0248,HIGH_EXPOSURE,2026-08-05 15:14:14,PUBLIC,YES,YES,YES,FULL_BIRTHDAY,YES,YES,YES,IMMEDIATELY,YES,PUBLIC,SOMETIMES,ACCEPT_MOST,NO,DISABLED,REUSED,NO,NEVER,CLICK_IMMEDIATELY,HESITATE,NEVER,95.0,94.0,96.0,85.0,87.5,85.0,92.0,95.0,87.5,84.0,91.0,CRITICAL,35.0,56.0
SYNTH_USER_0249,CONSCIOUS,2026-07-21 15:29:14,PRIVATE,NO,NO,NO,HIDDEN,NO,NO,NO,AFTER_LEAVING,NO,CUSTOM_LISTS,NEVER,VERIFY_FIRST,YES,APP_OR_HARDWARE,COMPLETELY_UNIQUE,YES,REGULARLY,VERIFY_OUT_OF_BAND,NEVER,REGULARLY,0.0,0.0,2.0,0.0,15.0,7.5,0.0,12.5,0.0,0.0,2.8,LOW,5.0,-2.2
SYNTH_USER_0250,AVERAGE,2026-07-09 10:30:14,PUBLIC,NO,NO,NO,DAY_MONTH_ONLY,NO,SOMETIMES,NO,IMMEDIATELY,NO,FRIENDS,NEVER,SOMETIMES,NO,APP_OR_HARDWARE,SLIGHT_VARIATION,YES,NEVER,VERIFY_OUT_OF_BAND,HESITATE,NEVER,70.0,16.0,42.0,30.0,65.0,72.5,36.0,75.0,27.5,78.0,44.6,HIGH,21.5,23.1
SYNTH_USER_0251,AVERAGE,2026-08-15 11:06:14,PUBLIC,NOT_SURE,NOT_SURE,NO,FULL_BIRTHDAY,CITY_ONLY,NO,SOMETIMES,SOMETIMES_LATER,SOMETIMES,FRIENDS,NEVER,SOMETIMES,NOT_SURE,APP_OR_HARDWARE,REUSED,YES,NEVER,VERIFY_OUT_OF_BAND,HESITATE,NEVER,57.5,40.0,52.0,7.5,67.5,47.5,36.0,72.5,27.5,60.0,44.2,HIGH,18.7,25.5
SYNTH_USER_0252,HIGH_EXPOSURE,2026-08-21 14:42:14,PUBLIC,YES,YES,YES,FULL_BIRTHDAY,YES,YES,YES,IMMEDIATELY,YES,PUBLIC,SOMETIMES,ACCEPT_MOST,NO,DISABLED,REUSED,NO,NEVER,CLICK_IMMEDIATELY,HESITATE,NEVER,95.0,94.0,96.0,85.0,87.5,85.0,92.0,95.0,87.5,84.0,91.0,CRITICAL,49.0,42.0
SYNTH_USER_0253,HIGH_EXPOSURE,2026-08-07 11:16:14,PUBLIC,YES,YES,YES,FULL_BIRTHDAY,CITY_ONLY,YES,YES,IMMEDIATELY,YES,PUBLIC,SOMETIMES,ACCEPT_MOST,NO,DISABLED,REUSED,NO,NEVER,CLICK_IMMEDIATELY,YES_HELP,NEVER,95.0,82.0,96.0,85.0,87.5,85.0,92.0,95.0,97.5,84.0,90.2,CRITICAL,43.8,46.4
SYNTH_USER_0254,AVERAGE,2026-07-12 10:49:14,FRIENDS_ONLY,NO,NOT_SURE,YES,DAY_MONTH_ONLY,NO,SOMETIMES,SOMETIMES,IMMEDIATELY,SOMETIMES,PUBLIC,SOMETIMES,SOMETIMES,NO,SMS_ONLY,REUSED,YES,NEVER,VERIFY_OUT_OF_BAND,HESITATE,NEVER,37.5,46.0,62.0,40.0,57.5,65.0,62.0,72.5,42.5,62.0,53.2,HIGH,25.9,27.3
SYNTH_USER_0255,HIGH_EXPOSURE,2026-09-18 20:41:14,PUBLIC,YES,NOT_SURE,YES,FULL_BIRTHDAY,YES,YES,YES,IMMEDIATELY,YES,PUBLIC,SOMETIMES,ACCEPT_MOST,NO,DISABLED,REUSED,NO,NEVER,CLICK_IMMEDIATELY,YES_HELP,NEVER,95.0,86.0,96.0,85.0,87.5,85.0,92.0,95.0,97.5,84.0,90.8,CRITICAL,35.1,55.7
SYNTH_USER_0256,AVERAGE,2026-09-27 14:34:14,PUBLIC,YES,NOT_SURE,YES,FULL_BIRTHDAY,CITY_ONLY,SOMETIMES,SOMETIMES,IMMEDIATELY,SOMETIMES,PUBLIC,SOMETIMES,SOMETIMES,NOT_SURE,DISABLED,REUSED,NOT_SURE,NEVER,VERIFY_OUT_OF_BAND,HESITATE,RARELY,67.5,66.0,62.0,52.5,55.0,62.5,76.0,85.0,15.0,68.0,60.4,HIGH,34.5,25.9
SYNTH_USER_0257,CONSCIOUS,2026-09-13 16:40:14,FRIENDS_ONLY,NO,NO,NO,DAY_MONTH_ONLY,NO,NO,NO,AFTER_LEAVING,NO,FRIENDS,NEVER,VERIFY_FIRST,YES,APP_OR_HARDWARE,COMPLETELY_UNIQUE,YES,REGULARLY,VERIFY_OUT_OF_BAND,NEVER,REGULARLY,5.0,8.0,2.0,7.5,15.0,5.0,0.0,12.5,0.0,0.0,5.1,LOW,5.0,0.1
SYNTH_USER_0258,AVERAGE,2026-07-22 12:51:14,PUBLIC,NOT_SURE,YES,YES,FULL_BIRTHDAY,CITY_ONLY,NO,SOMETIMES,IMMEDIATELY,NO,PUBLIC,NEVER,SOMETIMES,NOT_SURE,SMS_ONLY,SLIGHT_VARIATION,YES,NEVER,INSPECT_URL,NEVER,NEVER,70.0,66.0,60.0,25.0,45.0,40.0,46.0,62.5,27.5,76.0,51.5,HIGH,23.8,27.7
SYNTH_USER_0259,CONSCIOUS,2026-07-11 01:19:14,FRIENDS_ONLY,NO,NO,NO,HIDDEN,NO,NO,NO,AFTER_LEAVING,NO,CUSTOM_LISTS,NEVER,VERIFY_FIRST,YES,APP_OR_HARDWARE,COMPLETELY_UNIQUE,YES,REGULARLY,VERIFY_OUT_OF_BAND,NEVER,REGULARLY,5.0,0.0,2.0,0.0,7.5,0.0,0.0,12.5,0.0,0.0,2.2,LOW,5.0,-2.8
SYNTH_USER_0260,CONSCIOUS,2026-09-09 18:29:14,FRIENDS_ONLY,NO,NO,NO,DAY_MONTH_ONLY,NO,NO,NO,AFTER_LEAVING,NO,FRIENDS,NEVER,REJECT_UNKNOWN,YES,APP_OR_HARDWARE,COMPLETELY_UNIQUE,YES,REGULARLY,VERIFY_OUT_OF_BAND,NEVER,REGULARLY,5.0,8.0,2.0,7.5,0.0,5.0,0.0,12.5,0.0,0.0,3.6,LOW,5.0,-1.4
SYNTH_USER_0261,HIGH_EXPOSURE,2026-09-17 01:41:14,PUBLIC,YES,NOT_SURE,YES,FULL_BIRTHDAY,YES,YES,YES,IMMEDIATELY,YES,PUBLIC,YES,ACCEPT_MOST,NO,DISABLED,REUSED,NO,NEVER,CLICK_IMMEDIATELY,HESITATE,NEVER,95.0,86.0,96.0,95.0,87.5,85.0,92.0,95.0,87.5,84.0,90.8,CRITICAL,58.0,32.8
SYNTH_USER_0262,CONSCIOUS,2026-09-25 18:16:14,PRIVATE,NO,NO,NO,DAY_MONTH_ONLY,NO,NO,NO,AFTER_LEAVING,NO,FRIENDS,NEVER,REJECT_UNKNOWN,YES,APP_OR_HARDWARE,COMPLETELY_UNIQUE,YES,REGULARLY,VERIFY_OUT_OF_BAND,NEVER,REGULARLY,0.0,8.0,2.0,7.5,0.0,0.0,0.0,12.5,0.0,0.0,2.9,LOW,5.0,-2.1
SYNTH_USER_0263,HIGH_EXPOSURE,2026-08-27 09:46:14,PUBLIC,YES,NOT_SURE,YES,FULL_BIRTHDAY,YES,YES,YES,IMMEDIATELY,YES,PUBLIC,YES,ACCEPT_MOST,NO,DISABLED,REUSED,NO,NEVER,CLICK_IMMEDIATELY,YES_HELP,NEVER,95.0,86.0,96.0,95.0,87.5,85.0,92.0,95.0,97.5,84.0,91.8,CRITICAL,40.4,51.4
SYNTH_USER_0264,HIGH_EXPOSURE,2026-08-20 07:55:14,PUBLIC,YES,NOT_SURE,YES,FULL_BIRTHDAY,CITY_ONLY,YES,YES,IMMEDIATELY,YES,PUBLIC,YES,ACCEPT_MOST,NO,DISABLED,REUSED,NO,NEVER,CLICK_IMMEDIATELY,HESITATE,NEVER,95.0,74.0,96.0,95.0,87.5,85.0,92.0,95.0,87.5,84.0,89.0,CRITICAL,54.8,34.2
SYNTH_USER_0265,HIGH_EXPOSURE,2026-09-04 07:00:14,PUBLIC,YES,NOT_SURE,YES,FULL_BIRTHDAY,CITY_ONLY,YES,YES,IMMEDIATELY,YES,PUBLIC,YES,ACCEPT_MOST,NO,DISABLED,REUSED,NO,NEVER,CLICK_IMMEDIATELY,HESITATE,NEVER,95.0,74.0,96.0,95.0,87.5,85.0,92.0,95.0,87.5,84.0,89.0,CRITICAL,40.3,48.7
SYNTH_USER_0266,CONSCIOUS,2026-09-29 07:43:14,FRIENDS_ONLY,NO,NO,NO,HIDDEN,NO,NO,NO,AFTER_LEAVING,NO,FRIENDS,NEVER,VERIFY_FIRST,YES,APP_OR_HARDWARE,COMPLETELY_UNIQUE,YES,REGULARLY,VERIFY_OUT_OF_BAND,NEVER,REGULARLY,15.0,0.0,2.0,7.5,7.5,0.0,0.0,12.5,0.0,0.0,3.9,LOW,5.0,-1.1
SYNTH_USER_0267,AVERAGE,2026-09-17 19:35:14,FRIENDS_ONLY,YES,NOT_SURE,YES,FULL_BIRTHDAY,CITY_ONLY,SOMETIMES,SOMETIMES,IMMEDIATELY,NO,PUBLIC,SOMETIMES,VERIFY_FIRST,YES,DISABLED,SLIGHT_VARIATION,YES,RARELY,VERIFY_OUT_OF_BAND,NEVER,RARELY,62.5,66.0,60.0,50.0,50.0,25.0,58.0,60.0,27.5,46.0,53.1,HIGH,22.7,30.4
SYNTH_USER_0268,AVERAGE,2026-09-21 08:38:14,FRIENDS_OF_FRIENDS,NOT_SURE,YES,YES,DAY_MONTH_ONLY,NO,SOMETIMES,NO,IMMEDIATELY,NO,FRIENDS,NEVER,SOMETIMES,YES,DISABLED,SLIGHT_VARIATION,NOT_SURE,NEVER,INSPECT_URL,HESITATE,RARELY,60.0,54.0,32.0,20.0,67.5,60.0,68.0,62.5,27.5,60.0,49.7,HIGH,29.4,20.3
SYNTH_USER_0269,AVERAGE,2026-08-19 05:51:14,FRIENDS_OF_FRIENDS,NOT_SURE,NO,YES,DAY_MONTH_ONLY,NO,SOMETIMES,SOMETIMES,IMMEDIATELY,SOMETIMES,PUBLIC,SOMETIMES,VERIFY_FIRST,NOT_SURE,SMS_ONLY,SLIGHT_VARIATION,NOT_SURE,NEVER,INSPECT_URL,HESITATE,NEVER,60.0,34.0,56.0,50.0,37.5,47.5,54.0,62.5,27.5,70.0,48.1,HIGH,23.4,24.7
SYNTH_USER_0270,CONSCIOUS,2026-07-24 12:42:14,FRIENDS_ONLY,NO,NO,NO,DAY_MONTH_ONLY,NO,NO,NO,AFTER_LEAVING,NO,CUSTOM_LISTS,NEVER,REJECT_UNKNOWN,YES,APP_OR_HARDWARE,COMPLETELY_UNIQUE,YES,REGULARLY,VERIFY_OUT_OF_BAND,NEVER,REGULARLY,15.0,8.0,2.0,0.0,0.0,0.0,0.0,12.5,0.0,0.0,3.6,LOW,5.0,-1.4
SYNTH_USER_0271,CONSCIOUS,2026-07-09 04:16:14,PRIVATE,NO,NO,NO,HIDDEN,NO,NO,NO,AFTER_LEAVING,NO,FRIENDS,NEVER,REJECT_UNKNOWN,YES,APP_OR_HARDWARE,COMPLETELY_UNIQUE,YES,REGULARLY,VERIFY_OUT_OF_BAND,NEVER,REGULARLY,0.0,0.0,2.0,7.5,0.0,0.0,0.0,12.5,0.0,0.0,1.7,LOW,5.0,-3.3
SYNTH_USER_0272,AVERAGE,2026-07-25 21:07:14,PUBLIC,NOT_SURE,NOT_SURE,YES,DAY_MONTH_ONLY,CITY_ONLY,SOMETIMES,SOMETIMES,IMMEDIATELY,SOMETIMES,FRIENDS,NEVER,VERIFY_FIRST,NO,APP_OR_HARDWARE,SLIGHT_VARIATION,YES,NEVER,INSPECT_URL,NEVER,NEVER,85.0,54.0,62.0,7.5,50.0,77.5,28.0,60.0,40.0,62.0,49.8,HIGH,25.7,24.1
SYNTH_USER_0273,CONSCIOUS,2026-08-20 04:54:14,PRIVATE,NO,NO,NO,DAY_MONTH_ONLY,NO,NO,NO,AFTER_LEAVING,NO,FRIENDS,NEVER,REJECT_UNKNOWN,YES,APP_OR_HARDWARE,COMPLETELY_UNIQUE,YES,REGULARLY,VERIFY_OUT_OF_BAND,NEVER,REGULARLY,10.0,8.0,2.0,7.5,7.5,7.5,0.0,12.5,0.0,0.0,5.0,LOW,5.0,0.0
SYNTH_USER_0274,CONSCIOUS,2026-08-16 01:54:14,FRIENDS_ONLY,NO,NO,NO,HIDDEN,NO,NO,NO,AFTER_LEAVING,NO,FRIENDS,NEVER,VERIFY_FIRST,YES,APP_OR_HARDWARE,COMPLETELY_UNIQUE,YES,REGULARLY,VERIFY_OUT_OF_BAND,NEVER,REGULARLY,15.0,0.0,2.0,7.5,7.5,7.5,0.0,12.5,0.0,0.0,4.3,LOW,5.0,-0.7
SYNTH_USER_0275,AVERAGE,2026-09-20 07:41:14,FRIENDS_OF_FRIENDS,NO,YES,NO,DAY_MONTH_ONLY,CITY_ONLY,SOMETIMES,SOMETIMES,SOMETIMES_LATER,NO,FRIENDS,SOMETIMES,VERIFY_FIRST,NO,SMS_ONLY,COMPLETELY_UNIQUE,YES,NEVER,VERIFY_OUT_OF_BAND,HESITATE,NEVER,45.0,44.0,40.0,45.0,47.5,65.0,24.0,60.0,15.0,84.0,41.9,HIGH,22.7,19.2
SYNTH_USER_0276,CONSCIOUS,2026-08-23 20:14:14,FRIENDS_ONLY,NO,NO,NO,DAY_MONTH_ONLY,NO,NO,NO,NEVER_CHECKIN,NO,FRIENDS,NEVER,REJECT_UNKNOWN,YES,APP_OR_HARDWARE,COMPLETELY_UNIQUE,YES,REGULARLY,VERIFY_OUT_OF_BAND,NEVER,REGULARLY,5.0,8.0,0.0,7.5,0.0,5.0,0.0,12.5,0.0,0.0,3.3,LOW,5.0,-1.7
SYNTH_USER_0277,CONSCIOUS,2026-09-01 01:02:14,FRIENDS_ONLY,NO,NO,NO,HIDDEN,NO,NO,NO,NEVER_CHECKIN,NO,FRIENDS,NEVER,VERIFY_FIRST,YES,APP_OR_HARDWARE,COMPLETELY_UNIQUE,YES,REGULARLY,VERIFY_OUT_OF_BAND,NEVER,REGULARLY,5.0,0.0,0.0,7.5,7.5,0.0,0.0,12.5,0.0,0.0,2.6,LOW,5.0,-2.4
SYNTH_USER_0278,HIGH_EXPOSURE,2026-08-05 20:20:14,PUBLIC,YES,NOT_SURE,YES,FULL_BIRTHDAY,CITY_ONLY,YES,YES,IMMEDIATELY,YES,PUBLIC,SOMETIMES,ACCEPT_MOST,NO,DISABLED,REUSED,NO,NEVER,CLICK_IMMEDIATELY,YES_HELP,NEVER,95.0,74.0,96.0,85.0,87.5,85.0,92.0,95.0,97.5,84.0,89.0,CRITICAL,35.9,53.1
SYNTH_USER_0279,CONSCIOUS,2026-08-01 21:51:14,FRIENDS_ONLY,NO,NO,NO,DAY_MONTH_ONLY,NO,NO,NO,NEVER_CHECKIN,NO,FRIENDS,NEVER,VERIFY_FIRST,YES,APP_OR_HARDWARE,COMPLETELY_UNIQUE,YES,REGULARLY,VERIFY_OUT_OF_BAND,NEVER,REGULARLY,5.0,8.0,0.0,7.5,15.0,7.5,0.0,12.5,0.0,0.0,5.0,LOW,5.0,0.0
SYNTH_USER_0280,AVERAGE,2026-10-03 00:27:14,FRIENDS_OF_FRIENDS,YES,YES,NO,FULL_BIRTHDAY,CITY_ONLY,NO,NO,IMMEDIATELY,NO,FRIENDS,SOMETIMES,SOMETIMES,YES,SMS_ONLY,REUSED,YES,NEVER,VERIFY_OUT_OF_BAND,HESITATE,RARELY,67.5,48.0,32.0,35.0,55.0,47.5,52.0,72.5,27.5,70.0,47.8,HIGH,22.7,25.1
SYNTH_USER_0281,HIGH_EXPOSURE,2026-07-26 22:15:14,PUBLIC,YES,NOT_SURE,YES,FULL_BIRTHDAY,CITY_ONLY,YES,YES,IMMEDIATELY,YES,PUBLIC,YES,ACCEPT_MOST,NO,DISABLED,REUSED,NO,NEVER,CLICK_IMMEDIATELY,YES_HELP,NEVER,95.0,74.0,96.0,95.0,87.5,85.0,92.0,95.0,97.5,84.0,90.0,CRITICAL,56.4,33.6
SYNTH_USER_0282,AVERAGE,2026-08-02 16:34:14,FRIENDS_ONLY,NO,NO,YES,DAY_MONTH_ONLY,NO,SOMETIMES,NO,SOMETIMES_LATER,NO,PUBLIC,SOMETIMES,SOMETIMES,NO,SMS_ONLY,SLIGHT_VARIATION,NOT_SURE,NEVER,VERIFY_OUT_OF_BAND,NEVER,RARELY,22.5,34.0,28.0,62.5,55.0,57.5,64.0,62.5,15.0,62.0,43.5,HIGH,20.3,23.2
SYNTH_USER_0283,CONSCIOUS,2026-09-02 14:31:14,PRIVATE,NO,NO,NO,DAY_MONTH_ONLY,NO,NO,NO,NEVER_CHECKIN,NO,FRIENDS,NEVER,REJECT_UNKNOWN,YES,APP_OR_HARDWARE,COMPLETELY_UNIQUE,YES,REGULARLY,VERIFY_OUT_OF_BAND,NEVER,REGULARLY,0.0,8.0,0.0,7.5,0.0,12.5,0.0,12.5,0.0,0.0,3.2,LOW,5.0,-1.8
SYNTH_USER_0284,AVERAGE,2026-07-17 08:23:14,PUBLIC,NO,NOT_SURE,YES,DAY_MONTH_ONLY,CITY_ONLY,NO,NO,IMMEDIATELY,NO,FRIENDS,SOMETIMES,VERIFY_FIRST,NOT_SURE,DISABLED,COMPLETELY_UNIQUE,NOT_SURE,NEVER,INSPECT_URL,HESITATE,NEVER,42.5,46.0,32.0,32.5,47.5,52.5,56.0,62.5,27.5,62.0,44.0,HIGH,21.5,22.5
SYNTH_USER_0285,AVERAGE,2026-08-16 01:42:14,FRIENDS_OF_FRIENDS,YES,NO,YES,DAY_MONTH_ONLY,CITY_ONLY,NO,SOMETIMES,SOMETIMES_LATER,NO,FRIENDS,SOMETIMES,VERIFY_FIRST,NO,SMS_ONLY,REUSED,YES,RARELY,VERIFY_OUT_OF_BAND,NEVER,RARELY,55.0,34.0,40.0,45.0,60.0,62.5,44.0,60.0,27.5,54.0,45.3,HIGH,21.2,24.1
SYNTH_USER_0286,AVERAGE,2026-08-12 08:18:14,PUBLIC,YES,NOT_SURE,NO,DAY_MONTH_ONLY,CITY_ONLY,SOMETIMES,NO,SOMETIMES_LATER,SOMETIMES,PUBLIC,SOMETIMES,SOMETIMES,NOT_SURE,APP_OR_HARDWARE,REUSED,NOT_SURE,RARELY,INSPECT_URL,HESITATE,RARELY,95.0,36.0,34.0,62.5,55.0,67.5,56.0,47.5,27.5,62.0,51.8,HIGH,19.2,32.6
SYNTH_USER_0287,AVERAGE,2026-09-22 02:26:14,PUBLIC,NOT_SURE,YES,YES,DAY_MONTH_ONLY,CITY_ONLY,NO,SOMETIMES,IMMEDIATELY,NO,PUBLIC,NEVER,VERIFY_FIRST,YES,SMS_ONLY,COMPLETELY_UNIQUE,YES,RARELY,INSPECT_URL,NEVER,RARELY,57.5,54.0,60.0,37.5,60.0,37.5,24.0,62.5,12.5,54.0,45.2,HIGH,19.0,26.2
SYNTH_USER_0288,HIGH_EXPOSURE,2026-08-30 08:31:14,PUBLIC,YES,YES,YES,FULL_BIRTHDAY,CITY_ONLY,YES,YES,IMMEDIATELY,YES,PUBLIC,SOMETIMES,ACCEPT_MOST,NO,DISABLED,REUSED,NO,NEVER,CLICK_IMMEDIATELY,YES_HELP,NEVER,95.0,82.0,96.0,85.0,87.5,85.0,92.0,95.0,97.5,84.0,90.2,CRITICAL,45.7,44.5
SYNTH_USER_0289,AVERAGE,2026-08-23 00:03:14,PUBLIC,NOT_SURE,NO,NO,DAY_MONTH_ONLY,CITY_ONLY,SOMETIMES,NO,IMMEDIATELY,SOMETIMES,PUBLIC,NEVER,SOMETIMES,NO,APP_OR_HARDWARE,SLIGHT_VARIATION,YES,RARELY,INSPECT_URL,HESITATE,NEVER,57.5,24.0,44.0,47.5,45.0,62.5,46.0,37.5,27.5,70.0,43.4,HIGH,27.6,15.8
SYNTH_USER_0290,CONSCIOUS,2026-08-15 07:13:14,PRIVATE,NO,NO,NO,HIDDEN,NO,NO,NO,AFTER_LEAVING,NO,CUSTOM_LISTS,NEVER,VERIFY_FIRST,YES,APP_OR_HARDWARE,COMPLETELY_UNIQUE,YES,REGULARLY,VERIFY_OUT_OF_BAND,NEVER,REGULARLY,0.0,0.0,2.0,0.0,7.5,5.0,0.0,12.5,0.0,0.0,1.9,LOW,5.0,-3.1
SYNTH_USER_0291,CONSCIOUS,2026-07-25 10:09:14,FRIENDS_ONLY,NO,NO,NO,HIDDEN,NO,NO,NO,NEVER_CHECKIN,NO,CUSTOM_LISTS,NEVER,REJECT_UNKNOWN,YES,APP_OR_HARDWARE,COMPLETELY_UNIQUE,YES,REGULARLY,VERIFY_OUT_OF_BAND,NEVER,REGULARLY,5.0,0.0,0.0,0.0,0.0,0.0,0.0,12.5,0.0,0.0,1.1,LOW,5.0,-3.9
SYNTH_USER_0292,CONSCIOUS,2026-08-16 08:16:14,FRIENDS_ONLY,NO,NO,NO,DAY_MONTH_ONLY,NO,NO,NO,NEVER_CHECKIN,NO,CUSTOM_LISTS,NEVER,REJECT_UNKNOWN,YES,APP_OR_HARDWARE,COMPLETELY_UNIQUE,YES,REGULARLY,VERIFY_OUT_OF_BAND,NEVER,REGULARLY,15.0,8.0,0.0,0.0,0.0,0.0,0.0,12.5,0.0,0.0,3.3,LOW,5.0,-1.7
SYNTH_USER_0293,CONSCIOUS,2026-08-24 09:42:14,FRIENDS_ONLY,NO,NO,NO,HIDDEN,NO,NO,NO,AFTER_LEAVING,NO,FRIENDS,NEVER,REJECT_UNKNOWN,YES,APP_OR_HARDWARE,COMPLETELY_UNIQUE,YES,REGULARLY,VERIFY_OUT_OF_BAND,NEVER,REGULARLY,15.0,0.0,2.0,7.5,0.0,0.0,0.0,12.5,0.0,0.0,3.2,LOW,5.0,-1.8
SYNTH_USER_0294,AVERAGE,2026-10-05 01:12:14,FRIENDS_OF_FRIENDS,NO,NOT_SURE,NO,FULL_BIRTHDAY,CITY_ONLY,SOMETIMES,NO,IMMEDIATELY,SOMETIMES,PUBLIC,SOMETIMES,VERIFY_FIRST,NOT_SURE,APP_OR_HARDWARE,REUSED,YES,RARELY,VERIFY_OUT_OF_BAND,HESITATE,RARELY,57.5,48.0,44.0,62.5,47.5,47.5,54.0,60.0,15.0,54.0,48.2,HIGH,17.9,30.3
SYNTH_USER_0295,AVERAGE,2026-07-08 00:17:14,FRIENDS_OF_FRIENDS,NO,NO,YES,DAY_MONTH_ONLY,CITY_ONLY,SOMETIMES,NO,SOMETIMES_LATER,SOMETIMES,PUBLIC,SOMETIMES,SOMETIMES,YES,DISABLED,SLIGHT_VARIATION,NOT_SURE,NEVER,VERIFY_OUT_OF_BAND,NEVER,RARELY,42.5,42.0,34.0,62.5,77.5,37.5,76.0,62.5,27.5,54.0,51.5,HIGH,21.3,30.2
SYNTH_USER_0296,AVERAGE,2026-09-06 09:33:14,FRIENDS_OF_FRIENDS,YES,YES,YES,FULL_BIRTHDAY,NO,NO,NO,SOMETIMES_LATER,NO,PUBLIC,NEVER,SOMETIMES,NO,DISABLED,REUSED,YES,NEVER,INSPECT_URL,NEVER,NEVER,55.0,58.0,28.0,37.5,65.0,70.0,66.0,50.0,27.5,76.0,51.1,HIGH,32.3,18.8
SYNTH_USER_0297,AVERAGE,2026-07-21 20:44:14,PUBLIC,NO,YES,NO,DAY_MONTH_ONLY,CITY_ONLY,SOMETIMES,NO,SOMETIMES_LATER,NO,FRIENDS,SOMETIMES,SOMETIMES,NO,DISABLED,REUSED,NOT_SURE,RARELY,INSPECT_URL,NEVER,NEVER,42.5,44.0,22.0,35.0,45.0,77.5,84.0,50.0,40.0,78.0,49.0,HIGH,20.4,28.6
SYNTH_USER_0298,CONSCIOUS,2026-09-13 18:33:14,PRIVATE,NO,NO,NO,DAY_MONTH_ONLY,NO,NO,NO,NEVER_CHECKIN,NO,FRIENDS,NEVER,REJECT_UNKNOWN,YES,APP_OR_HARDWARE,COMPLETELY_UNIQUE,YES,REGULARLY,VERIFY_OUT_OF_BAND,NEVER,REGULARLY,10.0,8.0,0.0,7.5,0.0,7.5,0.0,12.5,0.0,0.0,4.0,LOW,5.0,-1.0
SYNTH_USER_0299,AVERAGE,2026-10-02 03:01:14,FRIENDS_OF_FRIENDS,YES,YES,NO,DAY_MONTH_ONLY,NO,SOMETIMES,NO,IMMEDIATELY,SOMETIMES,FRIENDS,NEVER,SOMETIMES,YES,APP_OR_HARDWARE,SLIGHT_VARIATION,YES,NEVER,INSPECT_URL,HESITATE,NEVER,67.5,36.0,44.0,17.5,67.5,32.5,46.0,62.5,40.0,68.0,46.3,HIGH,20.9,25.4
SYNTH_USER_0300,HIGH_EXPOSURE,2026-08-01 10:33:14,PUBLIC,YES,NOT_SURE,YES,FULL_BIRTHDAY,YES,YES,YES,IMMEDIATELY,YES,PUBLIC,SOMETIMES,ACCEPT_MOST,NO,DISABLED,REUSED,NO,NEVER,CLICK_IMMEDIATELY,HESITATE,NEVER,95.0,86.0,96.0,85.0,87.5,85.0,92.0,95.0,87.5,84.0,89.8,CRITICAL,50.2,39.6
SYNTH_USER_0301,AVERAGE,2026-10-01 08:44:14,PUBLIC,NOT_SURE,YES,YES,FULL_BIRTHDAY,CITY_ONLY,SOMETIMES,NO,IMMEDIATELY,NO,PUBLIC,SOMETIMES,SOMETIMES,YES,DISABLED,REUSED,NOT_SURE,NEVER,INSPECT_URL,HESITATE,NEVER,70.0,74.0,42.0,50.0,67.5,37.5,66.0,62.5,55.0,76.0,60.4,HIGH,35.2,25.2
SYNTH_USER_0302,HIGH_EXPOSURE,2026-07-21 13:46:14,PUBLIC,YES,NOT_SURE,YES,FULL_BIRTHDAY,CITY_ONLY,YES,YES,IMMEDIATELY,YES,PUBLIC,SOMETIMES,ACCEPT_MOST,NO,DISABLED,REUSED,NO,NEVER,CLICK_IMMEDIATELY,HESITATE,NEVER,95.0,74.0,96.0,85.0,87.5,85.0,92.0,95.0,87.5,84.0,88.0,CRITICAL,31.1,56.9
SYNTH_USER_0303,AVERAGE,2026-07-29 01:21:14,FRIENDS_ONLY,NO,YES,YES,FULL_BIRTHDAY,CITY_ONLY,SOMETIMES,NO,IMMEDIATELY,NO,PUBLIC,NEVER,VERIFY_FIRST,NO,SMS_ONLY,COMPLETELY_UNIQUE,NOT_SURE,RARELY,INSPECT_URL,HESITATE,RARELY,50.0,74.0,32.0,47.5,60.0,62.5,42.0,62.5,40.0,60.0,51.2,HIGH,32.8,18.4
SYNTH_USER_0304,CONSCIOUS,2026-09-29 12:54:14,PRIVATE,NO,NO,NO,HIDDEN,NO,NO,NO,NEVER_CHECKIN,NO,FRIENDS,NEVER,REJECT_UNKNOWN,YES,APP_OR_HARDWARE,COMPLETELY_UNIQUE,YES,REGULARLY,VERIFY_OUT_OF_BAND,NEVER,REGULARLY,10.0,0.0,0.0,7.5,0.0,5.0,0.0,12.5,0.0,0.0,2.6,LOW,5.0,-2.4
SYNTH_USER_0305,CONSCIOUS,2026-08-08 20:03:14,FRIENDS_ONLY,NO,NO,NO,DAY_MONTH_ONLY,NO,NO,NO,AFTER_LEAVING,NO,FRIENDS,NEVER,REJECT_UNKNOWN,YES,APP_OR_HARDWARE,COMPLETELY_UNIQUE,YES,REGULARLY,VERIFY_OUT_OF_BAND,NEVER,REGULARLY,5.0,8.0,2.0,7.5,0.0,7.5,0.0,12.5,0.0,0.0,3.8,LOW,5.0,-1.2
SYNTH_USER_0306,AVERAGE,2026-09-07 15:12:14,PUBLIC,YES,NOT_SURE,YES,DAY_MONTH_ONLY,CITY_ONLY,SOMETIMES,NO,SOMETIMES_LATER,NO,PUBLIC,NEVER,SOMETIMES,NO,DISABLED,COMPLETELY_UNIQUE,YES,RARELY,INSPECT_URL,HESITATE,NEVER,80.0,54.0,38.0,25.0,57.5,70.0,44.0,50.0,42.5,60.0,49.9,HIGH,26.3,23.6
SYNTH_USER_0307,AVERAGE,2026-07-14 14:26:14,FRIENDS_ONLY,YES,NO,NO,FULL_BIRTHDAY,NO,SOMETIMES,NO,IMMEDIATELY,NO,PUBLIC,SOMETIMES,VERIFY_FIRST,YES,SMS_ONLY,REUSED,YES,NEVER,INSPECT_URL,NEVER,RARELY,60.0,28.0,48.0,62.5,60.0,32.5,62.0,62.5,12.5,46.0,47.2,HIGH,18.9,28.3
SYNTH_USER_0308,AVERAGE,2026-09-28 04:31:14,FRIENDS_OF_FRIENDS,NOT_SURE,NOT_SURE,YES,DAY_MONTH_ONLY,NO,SOMETIMES,SOMETIMES,SOMETIMES_LATER,NO,PUBLIC,NEVER,SOMETIMES,YES,DISABLED,REUSED,YES,RARELY,VERIFY_OUT_OF_BAND,NEVER,RARELY,57.5,46.0,34.0,47.5,55.0,40.0,56.0,50.0,0.0,60.0,43.9,HIGH,27.6,16.3
SYNTH_USER_0309,HIGH_EXPOSURE,2026-09-03 21:58:14,PUBLIC,YES,NOT_SURE,YES,FULL_BIRTHDAY,CITY_ONLY,YES,YES,IMMEDIATELY,YES,PUBLIC,YES,ACCEPT_MOST,NO,DISABLED,REUSED,NO,NEVER,CLICK_IMMEDIATELY,HESITATE,NEVER,95.0,74.0,96.0,95.0,87.5,85.0,92.0,95.0,87.5,84.0,89.0,CRITICAL,31.3,57.7
SYNTH_USER_0310,AVERAGE,2026-08-18 12:49:14,PUBLIC,YES,NOT_SURE,NO,DAY_MONTH_ONLY,NO,NO,SOMETIMES,SOMETIMES_LATER,SOMETIMES,FRIENDS,SOMETIMES,SOMETIMES,NOT_SURE,APP_OR_HARDWARE,REUSED,YES,RARELY,INSPECT_URL,NEVER,RARELY,82.5,20.0,46.0,32.5,77.5,75.0,44.0,47.5,40.0,60.0,48.9,HIGH,23.3,25.6
SYNTH_USER_0311,AVERAGE,2026-09-21 08:19:14,FRIENDS_OF_FRIENDS,NO,NOT_SURE,YES,FULL_BIRTHDAY,CITY_ONLY,NO,NO,IMMEDIATELY,SOMETIMES,PUBLIC,SOMETIMES,SOMETIMES,NOT_SURE,DISABLED,REUSED,NOT_SURE,RARELY,VERIFY_OUT_OF_BAND,HESITATE,NEVER,42.5,58.0,54.0,50.0,57.5,47.5,84.0,50.0,30.0,62.0,55.4,HIGH,22.5,32.9
SYNTH_USER_0312,CONSCIOUS,2026-07-18 13:03:14,FRIENDS_ONLY,NO,NO,NO,HIDDEN,NO,NO,NO,AFTER_LEAVING,NO,CUSTOM_LISTS,NEVER,VERIFY_FIRST,YES,APP_OR_HARDWARE,COMPLETELY_UNIQUE,YES,REGULARLY,VERIFY_OUT_OF_BAND,NEVER,REGULARLY,15.0,0.0,2.0,0.0,15.0,5.0,0.0,12.5,0.0,0.0,4.2,LOW,5.0,-0.8
SYNTH_USER_0313,AVERAGE,2026-09-21 04:17:14,FRIENDS_OF_FRIENDS,NO,NOT_SURE,YES,FULL_BIRTHDAY,CITY_ONLY,NO,SOMETIMES,IMMEDIATELY,SOMETIMES,FRIENDS,NEVER,VERIFY_FIRST,NO,DISABLED,REUSED,NOT_SURE,NEVER,VERIFY_OUT_OF_BAND,NEVER,RARELY,57.5,58.0,62.0,20.0,37.5,70.0,84.0,60.0,27.5,68.0,54.8,HIGH,31.4,23.4
SYNTH_USER_0314,AVERAGE,2026-09-11 00:14:14,FRIENDS_ONLY,YES,NO,NO,DAY_MONTH_ONLY,CITY_ONLY,SOMETIMES,SOMETIMES,SOMETIMES_LATER,NO,FRIENDS,NEVER,SOMETIMES,NOT_SURE,DISABLED,COMPLETELY_UNIQUE,YES,NEVER,VERIFY_OUT_OF_BAND,HESITATE,RARELY,62.5,24.0,44.0,20.0,45.0,62.5,36.0,75.0,30.0,62.0,41.3,HIGH,16.5,24.8
SYNTH_USER_0315,HIGH_EXPOSURE,2026-09-18 18:16:14,PUBLIC,YES,NOT_SURE,YES,FULL_BIRTHDAY,CITY_ONLY,YES,YES,IMMEDIATELY,YES,PUBLIC,YES,ACCEPT_MOST,NO,DISABLED,REUSED,NO,NEVER,CLICK_IMMEDIATELY,YES_HELP,NEVER,95.0,74.0,96.0,95.0,87.5,85.0,92.0,95.0,97.5,84.0,90.0,CRITICAL,31.6,58.4
SYNTH_USER_0316,AVERAGE,2026-09-27 07:14:14,FRIENDS_ONLY,YES,NO,YES,FULL_BIRTHDAY,CITY_ONLY,SOMETIMES,SOMETIMES,SOMETIMES_LATER,SOMETIMES,PUBLIC,NEVER,SOMETIMES,NO,SMS_ONLY,COMPLETELY_UNIQUE,NOT_SURE,NEVER,VERIFY_OUT_OF_BAND,HESITATE,NEVER,47.5,54.0,46.0,35.0,45.0,72.5,52.0,75.0,30.0,68.0,49.3,HIGH,30.1,19.2
SYNTH_USER_0317,CONSCIOUS,2026-08-31 22:48:14,PRIVATE,NO,NO,NO,HIDDEN,NO,NO,NO,NEVER_CHECKIN,NO,FRIENDS,NEVER,REJECT_UNKNOWN,YES,APP_OR_HARDWARE,COMPLETELY_UNIQUE,YES,REGULARLY,VERIFY_OUT_OF_BAND,NEVER,REGULARLY,10.0,0.0,0.0,7.5,7.5,5.0,0.0,12.5,0.0,0.0,3.4,LOW,5.0,-1.6
SYNTH_USER_0318,HIGH_EXPOSURE,2026-07-29 18:15:14,PUBLIC,YES,YES,YES,FULL_BIRTHDAY,CITY_ONLY,YES,YES,IMMEDIATELY,YES,PUBLIC,YES,ACCEPT_MOST,NO,DISABLED,REUSED,NO,NEVER,CLICK_IMMEDIATELY,HESITATE,NEVER,95.0,82.0,96.0,95.0,87.5,85.0,92.0,95.0,87.5,84.0,90.2,CRITICAL,36.6,53.6
SYNTH_USER_0319,AVERAGE,2026-07-15 05:23:14,FRIENDS_ONLY,NOT_SURE,NOT_SURE,NO,DAY_MONTH_ONLY,NO,SOMETIMES,SOMETIMES,SOMETIMES_LATER,SOMETIMES,FRIENDS,NEVER,SOMETIMES,NO,SMS_ONLY,SLIGHT_VARIATION,YES,RARELY,INSPECT_URL,HESITATE,NEVER,50.0,28.0,46.0,30.0,67.5,62.5,36.0,37.5,40.0,76.0,44.0,HIGH,17.4,26.6
SYNTH_USER_0320,AVERAGE,2026-08-11 03:21:14,FRIENDS_ONLY,NOT_SURE,NO,YES,DAY_MONTH_ONLY,NO,SOMETIMES,SOMETIMES,SOMETIMES_LATER,SOMETIMES,FRIENDS,SOMETIMES,SOMETIMES,NO,DISABLED,REUSED,YES,RARELY,INSPECT_URL,NEVER,NEVER,65.0,34.0,62.0,22.5,67.5,62.5,56.0,62.5,27.5,76.0,51.1,HIGH,31.3,19.8
SYNTH_USER_0321,AVERAGE,2026-07-09 23:14:14,FRIENDS_OF_FRIENDS,NO,NO,NO,FULL_BIRTHDAY,CITY_ONLY,NO,NO,IMMEDIATELY,SOMETIMES,FRIENDS,SOMETIMES,SOMETIMES,NOT_SURE,APP_OR_HARDWARE,REUSED,NOT_SURE,NEVER,INSPECT_URL,NEVER,RARELY,57.5,28.0,60.0,32.5,67.5,62.5,56.0,72.5,25.0,54.0,49.3,HIGH,20.3,29.0
SYNTH_USER_0322,AVERAGE,2026-09-02 08:23:14,PUBLIC,NOT_SURE,NOT_SURE,NO,FULL_BIRTHDAY,NO,SOMETIMES,NO,SOMETIMES_LATER,SOMETIMES,PUBLIC,SOMETIMES,SOMETIMES,YES,APP_OR_HARDWARE,SLIGHT_VARIATION,NOT_SURE,RARELY,INSPECT_URL,NEVER,NEVER,72.5,40.0,44.0,50.0,65.0,25.0,46.0,50.0,40.0,76.0,49.8,HIGH,28.2,21.6
SYNTH_USER_0323,CONSCIOUS,2026-09-04 05:24:14,FRIENDS_ONLY,NO,NO,NO,DAY_MONTH_ONLY,NO,NO,NO,AFTER_LEAVING,NO,FRIENDS,NEVER,VERIFY_FIRST,YES,APP_OR_HARDWARE,COMPLETELY_UNIQUE,YES,REGULARLY,VERIFY_OUT_OF_BAND,NEVER,REGULARLY,15.0,8.0,2.0,7.5,15.0,0.0,0.0,12.5,0.0,0.0,5.9,LOW,5.0,0.9
SYNTH_USER_0324,HIGH_EXPOSURE,2026-07-19 04:03:14,PUBLIC,YES,NOT_SURE,YES,FULL_BIRTHDAY,YES,YES,YES,IMMEDIATELY,YES,PUBLIC,SOMETIMES,ACCEPT_MOST,NO,DISABLED,REUSED,NO,NEVER,CLICK_IMMEDIATELY,YES_HELP,NEVER,95.0,86.0,96.0,85.0,87.5,85.0,92.0,95.0,97.5,84.0,90.8,CRITICAL,39.2,51.6
SYNTH_USER_0325,HIGH_EXPOSURE,2026-07-31 11:14:14,PUBLIC,YES,YES,YES,FULL_BIRTHDAY,YES,YES,YES,IMMEDIATELY,YES,PUBLIC,SOMETIMES,ACCEPT_MOST,NO,DISABLED,REUSED,NO,NEVER,CLICK_IMMEDIATELY,YES_HELP,NEVER,95.0,94.0,96.0,85.0,87.5,85.0,92.0,95.0,97.5,84.0,92.0,CRITICAL,38.2,53.8
SYNTH_USER_0326,AVERAGE,2026-08-27 03:51:14,PUBLIC,NO,NOT_SURE,YES,FULL_BIRTHDAY,CITY_ONLY,SOMETIMES,NO,IMMEDIATELY,SOMETIMES,PUBLIC,SOMETIMES,SOMETIMES,YES,APP_OR_HARDWARE,SLIGHT_VARIATION,NOT_SURE,RARELY,INSPECT_URL,NEVER,NEVER,42.5,66.0,44.0,40.0,55.0,37.5,48.0,60.0,40.0,68.0,49.7,HIGH,28.6,21.1
SYNTH_USER_0327,AVERAGE,2026-09-03 21:49:14,FRIENDS_OF_FRIENDS,NO,YES,NO,FULL_BIRTHDAY,NO,SOMETIMES,SOMETIMES,SOMETIMES_LATER,NO,FRIENDS,SOMETIMES,SOMETIMES,YES,DISABLED,SLIGHT_VARIATION,YES,RARELY,INSPECT_URL,HESITATE,RARELY,42.5,48.0,34.0,32.5,45.0,25.0,66.0,72.5,40.0,54.0,45.8,HIGH,22.9,22.9
SYNTH_USER_0328,HIGH_EXPOSURE,2026-07-16 17:24:14,PUBLIC,YES,YES,YES,FULL_BIRTHDAY,YES,YES,YES,IMMEDIATELY,YES,PUBLIC,SOMETIMES,ACCEPT_MOST,NO,DISABLED,REUSED,NO,NEVER,CLICK_IMMEDIATELY,HESITATE,NEVER,95.0,94.0,96.0,85.0,87.5,85.0,92.0,95.0,87.5,84.0,91.0,CRITICAL,41.5,49.5
SYNTH_USER_0329,HIGH_EXPOSURE,2026-07-24 15:15:14,PUBLIC,YES,NOT_SURE,YES,FULL_BIRTHDAY,CITY_ONLY,YES,YES,IMMEDIATELY,YES,PUBLIC,SOMETIMES,ACCEPT_MOST,NO,DISABLED,REUSED,NO,NEVER,CLICK_IMMEDIATELY,HESITATE,NEVER,95.0,74.0,96.0,85.0,87.5,85.0,92.0,95.0,87.5,84.0,88.0,CRITICAL,48.0,40.0
SYNTH_USER_0330,AVERAGE,2026-09-23 02:52:14,FRIENDS_OF_FRIENDS,YES,YES,NO,FULL_BIRTHDAY,NO,NO,NO,SOMETIMES_LATER,NO,PUBLIC,SOMETIMES,SOMETIMES,NO,DISABLED,REUSED,YES,NEVER,INSPECT_URL,HESITATE,RARELY,55.0,40.0,28.0,62.5,67.5,77.5,64.0,75.0,27.5,68.0,52.1,HIGH,23.6,28.5
SYNTH_USER_0331,HIGH_EXPOSURE,2026-07-27 02:48:14,PUBLIC,YES,NOT_SURE,YES,FULL_BIRTHDAY,YES,YES,YES,IMMEDIATELY,YES,PUBLIC,SOMETIMES,ACCEPT_MOST,NO,DISABLED,REUSED,NO,NEVER,CLICK_IMMEDIATELY,HESITATE,NEVER,95.0,86.0,96.0,85.0,87.5,85.0,92.0,95.0,87.5,84.0,89.8,CRITICAL,32.5,57.3
SYNTH_USER_0332,AVERAGE,2026-09-17 06:51:14,FRIENDS_OF_FRIENDS,NO,NO,YES,FULL_BIRTHDAY,NO,SOMETIMES,SOMETIMES,SOMETIMES_LATER,SOMETIMES,FRIENDS,SOMETIMES,SOMETIMES,NOT_SURE,APP_OR_HARDWARE,REUSED,NOT_SURE,NEVER,INSPECT_URL,NEVER,NEVER,45.0,46.0,52.0,45.0,65.0,75.0,46.0,85.0,12.5,76.0,50.1,HIGH,29.9,20.2
SYNTH_USER_0333,CONSCIOUS,2026-10-02 00:55:14,FRIENDS_ONLY,NO,NO,NO,HIDDEN,NO,NO,NO,AFTER_LEAVING,NO,FRIENDS,NEVER,REJECT_UNKNOWN,YES,APP_OR_HARDWARE,COMPLETELY_UNIQUE,YES,REGULARLY,VERIFY_OUT_OF_BAND,NEVER,REGULARLY,5.0,0.0,2.0,7.5,7.5,0.0,0.0,12.5,0.0,0.0,2.9,LOW,5.0,-2.1
SYNTH_USER_0334,AVERAGE,2026-07-19 14:30:14,PUBLIC,YES,YES,NO,DAY_MONTH_ONLY,CITY_ONLY,SOMETIMES,NO,SOMETIMES_LATER,NO,PUBLIC,SOMETIMES,VERIFY_FIRST,YES,DISABLED,REUSED,YES,RARELY,VERIFY_OUT_OF_BAND,NEVER,NEVER,82.5,44.0,38.0,50.0,60.0,32.5,74.0,50.0,27.5,84.0,53.7,HIGH,30.1,23.6
SYNTH_USER_0335,HIGH_EXPOSURE,2026-09-25 04:45:14,PUBLIC,YES,YES,YES,FULL_BIRTHDAY,YES,YES,YES,IMMEDIATELY,YES,PUBLIC,SOMETIMES,ACCEPT_MOST,NO,DISABLED,REUSED,NO,NEVER,CLICK_IMMEDIATELY,YES_HELP,NEVER,95.0,94.0,96.0,85.0,87.5,85.0,92.0,95.0,97.5,84.0,92.0,CRITICAL,45.9,46.1
SYNTH_USER_0336,AVERAGE,2026-09-19 00:47:14,FRIENDS_ONLY,NO,NOT_SURE,NO,DAY_MONTH_ONLY,NO,NO,SOMETIMES,SOMETIMES_LATER,NO,FRIENDS,NEVER,VERIFY_FIRST,YES,APP_OR_HARDWARE,SLIGHT_VARIATION,YES,RARELY,VERIFY_OUT_OF_BAND,NEVER,RARELY,37.5,20.0,50.0,20.0,60.0,47.5,28.0,37.5,12.5,62.0,35.0,MODERATE,20.7,14.3
SYNTH_USER_0337,HIGH_EXPOSURE,2026-08-31 18:45:14,PUBLIC,YES,NOT_SURE,YES,FULL_BIRTHDAY,YES,YES,YES,IMMEDIATELY,YES,PUBLIC,SOMETIMES,ACCEPT_MOST,NO,DISABLED,REUSED,NO,NEVER,CLICK_IMMEDIATELY,HESITATE,NEVER,95.0,86.0,96.0,85.0,87.5,85.0,92.0,95.0,87.5,84.0,89.8,CRITICAL,45.4,44.4
SYNTH_USER_0338,HIGH_EXPOSURE,2026-07-27 21:52:14,PUBLIC,YES,YES,YES,FULL_BIRTHDAY,YES,YES,YES,IMMEDIATELY,YES,PUBLIC,SOMETIMES,ACCEPT_MOST,NO,DISABLED,REUSED,NO,NEVER,CLICK_IMMEDIATELY,HESITATE,NEVER,95.0,94.0,96.0,85.0,87.5,85.0,92.0,95.0,87.5,84.0,91.0,CRITICAL,54.7,36.3
SYNTH_USER_0339,CONSCIOUS,2026-09-27 08:28:14,FRIENDS_ONLY,NO,NO,NO,DAY_MONTH_ONLY,NO,NO,NO,AFTER_LEAVING,NO,FRIENDS,NEVER,VERIFY_FIRST,YES,APP_OR_HARDWARE,COMPLETELY_UNIQUE,YES,REGULARLY,VERIFY_OUT_OF_BAND,NEVER,REGULARLY,5.0,8.0,2.0,7.5,7.5,12.5,0.0,12.5,0.0,0.0,4.8,LOW,5.0,-0.2
SYNTH_USER_0340,AVERAGE,2026-09-30 06:19:14,PUBLIC,NO,NO,NO,FULL_BIRTHDAY,NO,SOMETIMES,NO,SOMETIMES_LATER,SOMETIMES,PUBLIC,NEVER,SOMETIMES,NO,SMS_ONLY,REUSED,YES,RARELY,INSPECT_URL,NEVER,NEVER,57.5,28.0,44.0,47.5,65.0,57.5,44.0,72.5,12.5,62.0,45.2,HIGH,28.1,17.1
SYNTH_USER_0341,AVERAGE,2026-09-08 01:35:14,PUBLIC,NOT_SURE,NOT_SURE,NO,DAY_MONTH_ONLY,NO,SOMETIMES,SOMETIMES,SOMETIMES_LATER,SOMETIMES,FRIENDS,SOMETIMES,VERIFY_FIRST,YES,DISABLED,SLIGHT_VARIATION,YES,NEVER,INSPECT_URL,NEVER,NEVER,57.5,28.0,56.0,45.0,37.5,32.5,56.0,72.5,40.0,70.0,47.8,HIGH,28.1,19.7
SYNTH_USER_0342,AVERAGE,2026-09-22 18:12:14,FRIENDS_ONLY,NO,YES,NO,FULL_BIRTHDAY,NO,SOMETIMES,NO,IMMEDIATELY,SOMETIMES,PUBLIC,NEVER,VERIFY_FIRST,NO,DISABLED,SLIGHT_VARIATION,NOT_SURE,RARELY,INSPECT_URL,NEVER,RARELY,22.5,48.0,44.0,25.0,47.5,85.0,66.0,72.5,25.0,62.0,46.7,HIGH,21.7,25.0
SYNTH_USER_0343,CONSCIOUS,2026-09-08 12:56:14,PRIVATE,NO,NO,NO,HIDDEN,NO,NO,NO,NEVER_CHECKIN,NO,CUSTOM_LISTS,NEVER,REJECT_UNKNOWN,YES,APP_OR_HARDWARE,COMPLETELY_UNIQUE,YES,REGULARLY,VERIFY_OUT_OF_BAND,NEVER,REGULARLY,10.0,0.0,0.0,0.0,7.5,12.5,0.0,12.5,0.0,0.0,3.0,LOW,5.0,-2.0
SYNTH_USER_0344,AVERAGE,2026-08-18 10:25:14,PUBLIC,YES,YES,YES,DAY_MONTH_ONLY,CITY_ONLY,NO,SOMETIMES,SOMETIMES_LATER,NO,FRIENDS,SOMETIMES,SOMETIMES,NOT_SURE,DISABLED,REUSED,YES,NEVER,VERIFY_OUT_OF_BAND,HESITATE,RARELY,82.5,54.0,34.0,32.5,55.0,62.5,64.0,60.0,30.0,46.0,51.2,HIGH,19.5,31.7
SYNTH_USER_0345,AVERAGE,2026-07-14 17:39:14,PUBLIC,NOT_SURE,YES,NO,DAY_MONTH_ONLY,NO,SOMETIMES,SOMETIMES,SOMETIMES_LATER,NO,FRIENDS,NEVER,SOMETIMES,NOT_SURE,APP_OR_HARDWARE,SLIGHT_VARIATION,YES,NEVER,INSPECT_URL,NEVER,NEVER,72.5,36.0,50.0,20.0,55.0,47.5,36.0,85.0,27.5,54.0,45.1,HIGH,28.9,16.2
SYNTH_USER_0346,AVERAGE,2026-08-27 04:06:14,FRIENDS_OF_FRIENDS,YES,NO,YES,DAY_MONTH_ONLY,NO,NO,NO,SOMETIMES_LATER,SOMETIMES,FRIENDS,NEVER,VERIFY_FIRST,NOT_SURE,SMS_ONLY,REUSED,NOT_SURE,NEVER,INSPECT_URL,NEVER,NEVER,70.0,26.0,44.0,20.0,50.0,60.0,54.0,50.0,12.5,68.0,42.8,HIGH,17.7,25.1
SYNTH_USER_0347,AVERAGE,2026-07-19 17:11:14,PUBLIC,YES,NO,NO,FULL_BIRTHDAY,NO,SOMETIMES,NO,SOMETIMES_LATER,NO,FRIENDS,NEVER,SOMETIMES,NO,SMS_ONLY,COMPLETELY_UNIQUE,YES,NEVER,INSPECT_URL,NEVER,RARELY,67.5,28.0,38.0,30.0,45.0,70.0,24.0,85.0,27.5,68.0,41.6,HIGH,23.7,17.9
SYNTH_USER_0348,HIGH_EXPOSURE,2026-07-15 16:50:14,PUBLIC,YES,NOT_SURE,YES,FULL_BIRTHDAY,CITY_ONLY,YES,YES,IMMEDIATELY,YES,PUBLIC,YES,ACCEPT_MOST,NO,DISABLED,REUSED,NO,NEVER,CLICK_IMMEDIATELY,YES_HELP,NEVER,95.0,74.0,96.0,95.0,87.5,85.0,92.0,95.0,97.5,84.0,90.0,CRITICAL,40.0,50.0
SYNTH_USER_0349,AVERAGE,2026-09-26 11:48:14,FRIENDS_OF_FRIENDS,NOT_SURE,NOT_SURE,YES,DAY_MONTH_ONLY,CITY_ONLY,NO,SOMETIMES,SOMETIMES_LATER,SOMETIMES,PUBLIC,NEVER,SOMETIMES,NO,SMS_ONLY,REUSED,YES,NEVER,VERIFY_OUT_OF_BAND,NEVER,NEVER,60.0,46.0,52.0,35.0,57.5,62.5,62.0,72.5,12.5,76.0,51.0,HIGH,28.3,22.7
SYNTH_USER_0350,HIGH_EXPOSURE,2026-09-19 11:23:14,PUBLIC,YES,YES,YES,FULL_BIRTHDAY,YES,YES,YES,IMMEDIATELY,YES,PUBLIC,SOMETIMES,ACCEPT_MOST,NO,DISABLED,REUSED,NO,NEVER,CLICK_IMMEDIATELY,HESITATE,NEVER,95.0,94.0,96.0,85.0,87.5,85.0,92.0,95.0,87.5,84.0,91.0,CRITICAL,32.7,58.3
SYNTH_USER_0351,HIGH_EXPOSURE,2026-08-25 07:45:14,PUBLIC,YES,NOT_SURE,YES,FULL_BIRTHDAY,YES,YES,YES,IMMEDIATELY,YES,PUBLIC,YES,ACCEPT_MOST,NO,DISABLED,REUSED,NO,NEVER,CLICK_IMMEDIATELY,YES_HELP,NEVER,95.0,86.0,96.0,95.0,87.5,85.0,92.0,95.0,97.5,84.0,91.8,CRITICAL,57.5,34.3
SYNTH_USER_0352,HIGH_EXPOSURE,2026-08-27 06:05:14,PUBLIC,YES,NOT_SURE,YES,FULL_BIRTHDAY,YES,YES,YES,IMMEDIATELY,YES,PUBLIC,SOMETIMES,ACCEPT_MOST,NO,DISABLED,REUSED,NO,NEVER,CLICK_IMMEDIATELY,HESITATE,NEVER,95.0,86.0,96.0,85.0,87.5,85.0,92.0,95.0,87.5,84.0,89.8,CRITICAL,55.4,34.4
SYNTH_USER_0353,HIGH_EXPOSURE,2026-10-04 22:32:14,PUBLIC,YES,NOT_SURE,YES,FULL_BIRTHDAY,CITY_ONLY,YES,YES,IMMEDIATELY,YES,PUBLIC,YES,ACCEPT_MOST,NO,DISABLED,REUSED,NO,NEVER,CLICK_IMMEDIATELY,YES_HELP,NEVER,95.0,74.0,96.0,95.0,87.5,85.0,92.0,95.0,97.5,84.0,90.0,CRITICAL,47.1,42.9
SYNTH_USER_0354,AVERAGE,2026-09-05 22:54:14,FRIENDS_OF_FRIENDS,YES,NO,NO,FULL_BIRTHDAY,CITY_ONLY,NO,SOMETIMES,IMMEDIATELY,SOMETIMES,FRIENDS,SOMETIMES,VERIFY_FIRST,YES,DISABLED,SLIGHT_VARIATION,YES,NEVER,VERIFY_OUT_OF_BAND,HESITATE,RARELY,55.0,28.0,62.0,35.0,50.0,25.0,58.0,50.0,27.5,60.0,45.7,HIGH,19.0,26.7
SYNTH_USER_0355,HIGH_EXPOSURE,2026-08-15 06:58:14,PUBLIC,YES,NOT_SURE,YES,FULL_BIRTHDAY,CITY_ONLY,YES,YES,IMMEDIATELY,YES,PUBLIC,SOMETIMES,ACCEPT_MOST,NO,DISABLED,REUSED,NO,NEVER,CLICK_IMMEDIATELY,YES_HELP,NEVER,95.0,74.0,96.0,85.0,87.5,85.0,92.0,95.0,97.5,84.0,89.0,CRITICAL,55.0,34.0
SYNTH_USER_0356,CONSCIOUS,2026-08-15 06:38:14,PRIVATE,NO,NO,NO,DAY_MONTH_ONLY,NO,NO,NO,AFTER_LEAVING,NO,CUSTOM_LISTS,NEVER,VERIFY_FIRST,YES,APP_OR_HARDWARE,COMPLETELY_UNIQUE,YES,REGULARLY,VERIFY_OUT_OF_BAND,NEVER,REGULARLY,0.0,8.0,2.0,0.0,7.5,7.5,0.0,12.5,0.0,0.0,3.2,LOW,5.0,-1.8
SYNTH_USER_0357,AVERAGE,2026-09-20 09:11:14,FRIENDS_ONLY,NOT_SURE,NO,NO,FULL_BIRTHDAY,NO,NO,NO,IMMEDIATELY,NO,FRIENDS,NEVER,VERIFY_FIRST,NO,SMS_ONLY,REUSED,YES,NEVER,INSPECT_URL,NEVER,RARELY,37.5,20.0,38.0,30.0,50.0,65.0,44.0,75.0,25.0,70.0,40.0,MODERATE,15.5,24.5
SYNTH_USER_0358,HIGH_EXPOSURE,2026-10-02 08:33:14,PUBLIC,YES,YES,YES,FULL_BIRTHDAY,YES,YES,YES,IMMEDIATELY,YES,PUBLIC,YES,ACCEPT_MOST,NO,DISABLED,REUSED,NO,NEVER,CLICK_IMMEDIATELY,HESITATE,NEVER,95.0,94.0,96.0,95.0,87.5,85.0,92.0,95.0,87.5,84.0,92.0,CRITICAL,36.0,56.0
SYNTH_USER_0359,CONSCIOUS,2026-08-07 17:45:14,PRIVATE,NO,NO,NO,HIDDEN,NO,NO,NO,AFTER_LEAVING,NO,FRIENDS,NEVER,VERIFY_FIRST,YES,APP_OR_HARDWARE,COMPLETELY_UNIQUE,YES,REGULARLY,VERIFY_OUT_OF_BAND,NEVER,REGULARLY,10.0,0.0,2.0,7.5,15.0,12.5,0.0,12.5,0.0,0.0,4.8,LOW,5.0,-0.2
SYNTH_USER_0360,AVERAGE,2026-09-29 09:18:14,FRIENDS_ONLY,YES,NO,YES,FULL_BIRTHDAY,NO,SOMETIMES,SOMETIMES,IMMEDIATELY,NO,PUBLIC,SOMETIMES,SOMETIMES,NOT_SURE,APP_OR_HARDWARE,REUSED,YES,RARELY,VERIFY_OUT_OF_BAND,HESITATE,NEVER,60.0,46.0,60.0,62.5,57.5,75.0,54.0,60.0,27.5,68.0,54.9,HIGH,19.8,35.1
SYNTH_USER_0361,AVERAGE,2026-08-06 15:36:14,FRIENDS_OF_FRIENDS,NOT_SURE,NOT_SURE,NO,DAY_MONTH_ONLY,NO,SOMETIMES,NO,IMMEDIATELY,SOMETIMES,FRIENDS,NEVER,VERIFY_FIRST,YES,APP_OR_HARDWARE,COMPLETELY_UNIQUE,YES,NEVER,INSPECT_URL,HESITATE,RARELY,45.0,28.0,54.0,20.0,57.5,47.5,16.0,85.0,55.0,68.0,42.5,HIGH,24.6,17.9
SYNTH_USER_0362,HIGH_EXPOSURE,2026-07-21 13:33:14,PUBLIC,YES,NOT_SURE,YES,FULL_BIRTHDAY,CITY_ONLY,YES,YES,IMMEDIATELY,YES,PUBLIC,YES,ACCEPT_MOST,NO,DISABLED,REUSED,NO,NEVER,CLICK_IMMEDIATELY,YES_HELP,NEVER,95.0,74.0,96.0,95.0,87.5,85.0,92.0,95.0,97.5,84.0,90.0,CRITICAL,48.0,42.0
SYNTH_USER_0363,HIGH_EXPOSURE,2026-10-05 02:03:14,PUBLIC,YES,NOT_SURE,YES,FULL_BIRTHDAY,CITY_ONLY,YES,YES,IMMEDIATELY,YES,PUBLIC,YES,ACCEPT_MOST,NO,DISABLED,REUSED,NO,NEVER,CLICK_IMMEDIATELY,YES_HELP,NEVER,95.0,74.0,96.0,95.0,87.5,85.0,92.0,95.0,97.5,84.0,90.0,CRITICAL,40.2,49.8
SYNTH_USER_0364,CONSCIOUS,2026-09-12 17:44:14,FRIENDS_ONLY,NO,NO,NO,HIDDEN,NO,NO,NO,NEVER_CHECKIN,NO,CUSTOM_LISTS,NEVER,REJECT_UNKNOWN,YES,APP_OR_HARDWARE,COMPLETELY_UNIQUE,YES,REGULARLY,VERIFY_OUT_OF_BAND,NEVER,REGULARLY,15.0,0.0,0.0,0.0,7.5,12.5,0.0,12.5,0.0,0.0,3.5,LOW,5.0,-1.5
SYNTH_USER_0365,AVERAGE,2026-09-18 19:33:14,FRIENDS_ONLY,NO,NO,NO,DAY_MONTH_ONLY,NO,NO,SOMETIMES,IMMEDIATELY,SOMETIMES,PUBLIC,NEVER,SOMETIMES,YES,SMS_ONLY,COMPLETELY_UNIQUE,NOT_SURE,RARELY,INSPECT_URL,HESITATE,NEVER,50.0,8.0,56.0,25.0,67.5,52.5,44.0,50.0,27.5,68.0,41.7,HIGH,15.5,26.2
SYNTH_USER_0366,AVERAGE,2026-08-02 05:17:14,FRIENDS_ONLY,NO,YES,NO,DAY_MONTH_ONLY,NO,NO,SOMETIMES,SOMETIMES_LATER,NO,PUBLIC,NEVER,SOMETIMES,NOT_SURE,SMS_ONLY,REUSED,YES,RARELY,VERIFY_OUT_OF_BAND,HESITATE,NEVER,22.5,28.0,40.0,47.5,55.0,40.0,44.0,62.5,15.0,62.0,39.0,MODERATE,14.0,25.0
SYNTH_USER_0367,HIGH_EXPOSURE,2026-10-04 16:06:14,PUBLIC,YES,YES,YES,FULL_BIRTHDAY,CITY_ONLY,YES,YES,IMMEDIATELY,YES,PUBLIC,YES,ACCEPT_MOST,NO,DISABLED,REUSED,NO,NEVER,CLICK_IMMEDIATELY,HESITATE,NEVER,95.0,82.0,96.0,95.0,87.5,85.0,92.0,95.0,87.5,84.0,90.2,CRITICAL,52.3,37.9
SYNTH_USER_0368,HIGH_EXPOSURE,2026-08-23 22:51:14,PUBLIC,YES,YES,YES,FULL_BIRTHDAY,YES,YES,YES,IMMEDIATELY,YES,PUBLIC,SOMETIMES,ACCEPT_MOST,NO,DISABLED,REUSED,NO,NEVER,CLICK_IMMEDIATELY,YES_HELP,NEVER,95.0,94.0,96.0,85.0,87.5,85.0,92.0,95.0,97.5,84.0,92.0,CRITICAL,57.0,35.0
SYNTH_USER_0369,AVERAGE,2026-08-29 10:18:14,PUBLIC,NOT_SURE,YES,NO,DAY_MONTH_ONLY,NO,SOMETIMES,SOMETIMES,SOMETIMES_LATER,SOMETIMES,PUBLIC,NEVER,SOMETIMES,NOT_SURE,APP_OR_HARDWARE,SLIGHT_VARIATION,NOT_SURE,NEVER,VERIFY_OUT_OF_BAND,NEVER,RARELY,85.0,36.0,56.0,35.0,65.0,47.5,46.0,72.5,0.0,62.0,48.3,HIGH,21.9,26.4
SYNTH_USER_0370,AVERAGE,2026-08-20 11:32:14,PUBLIC,NOT_SURE,NOT_SURE,NO,DAY_MONTH_ONLY,NO,SOMETIMES,SOMETIMES,SOMETIMES_LATER,NO,PUBLIC,NEVER,VERIFY_FIRST,NO,SMS_ONLY,REUSED,YES,RARELY,VERIFY_OUT_OF_BAND,HESITATE,NEVER,85.0,28.0,34.0,35.0,57.5,72.5,54.0,60.0,30.0,70.0,48.3,HIGH,27.9,20.4
SYNTH_USER_0371,AVERAGE,2026-09-16 18:05:14,FRIENDS_OF_FRIENDS,NO,YES,YES,FULL_BIRTHDAY,NO,NO,NO,SOMETIMES_LATER,NO,PUBLIC,SOMETIMES,SOMETIMES,YES,DISABLED,REUSED,NOT_SURE,NEVER,VERIFY_OUT_OF_BAND,NEVER,RARELY,57.5,58.0,22.0,40.0,67.5,40.0,76.0,85.0,12.5,68.0,50.8,HIGH,27.5,23.3
SYNTH_USER_0372,CONSCIOUS,2026-07-23 19:19:14,FRIENDS_ONLY,NO,NO,NO,HIDDEN,NO,NO,NO,AFTER_LEAVING,NO,CUSTOM_LISTS,NEVER,VERIFY_FIRST,YES,APP_OR_HARDWARE,COMPLETELY_UNIQUE,YES,REGULARLY,VERIFY_OUT_OF_BAND,NEVER,REGULARLY,5.0,0.0,2.0,0.0,7.5,0.0,0.0,12.5,0.0,0.0,2.2,LOW,5.0,-2.8
SYNTH_USER_0373,CONSCIOUS,2026-08-09 19:40:14,FRIENDS_ONLY,NO,NO,NO,DAY_MONTH_ONLY,NO,NO,NO,AFTER_LEAVING,NO,FRIENDS,NEVER,REJECT_UNKNOWN,YES,APP_OR_HARDWARE,COMPLETELY_UNIQUE,YES,REGULARLY,VERIFY_OUT_OF_BAND,NEVER,REGULARLY,15.0,8.0,2.0,7.5,0.0,12.5,0.0,12.5,0.0,0.0,5.0,LOW,5.0,0.0
SYNTH_USER_0374,AVERAGE,2026-09-28 13:43:14,FRIENDS_OF_FRIENDS,NO,NOT_SURE,NO,DAY_MONTH_ONLY,NO,SOMETIMES,SOMETIMES,SOMETIMES_LATER,SOMETIMES,FRIENDS,SOMETIMES,SOMETIMES,NOT_SURE,DISABLED,COMPLETELY_UNIQUE,NOT_SURE,NEVER,INSPECT_URL,HESITATE,RARELY,57.5,28.0,52.0,22.5,67.5,62.5,54.0,62.5,27.5,60.0,46.9,HIGH,27.1,19.8
SYNTH_USER_0375,HIGH_EXPOSURE,2026-09-30 04:12:14,PUBLIC,YES,YES,YES,FULL_BIRTHDAY,CITY_ONLY,YES,YES,IMMEDIATELY,YES,PUBLIC,YES,ACCEPT_MOST,NO,DISABLED,REUSED,NO,NEVER,CLICK_IMMEDIATELY,YES_HELP,NEVER,95.0,82.0,96.0,95.0,87.5,85.0,92.0,95.0,97.5,84.0,91.2,CRITICAL,48.5,42.7
SYNTH_USER_0376,AVERAGE,2026-08-10 05:24:14,FRIENDS_OF_FRIENDS,NOT_SURE,NOT_SURE,NO,FULL_BIRTHDAY,CITY_ONLY,NO,NO,SOMETIMES_LATER,SOMETIMES,FRIENDS,SOMETIMES,VERIFY_FIRST,NOT_SURE,DISABLED,COMPLETELY_UNIQUE,YES,NEVER,VERIFY_OUT_OF_BAND,NEVER,RARELY,57.5,40.0,40.0,35.0,60.0,52.5,44.0,75.0,12.5,54.0,44.2,HIGH,17.1,27.1
SYNTH_USER_0377,HIGH_EXPOSURE,2026-07-28 13:47:14,PUBLIC,YES,YES,YES,FULL_BIRTHDAY,YES,YES,YES,IMMEDIATELY,YES,PUBLIC,YES,ACCEPT_MOST,NO,DISABLED,REUSED,NO,NEVER,CLICK_IMMEDIATELY,HESITATE,NEVER,95.0,94.0,96.0,95.0,87.5,85.0,92.0,95.0,87.5,84.0,92.0,CRITICAL,32.9,59.1
SYNTH_USER_0378,AVERAGE,2026-07-29 15:41:14,FRIENDS_ONLY,YES,NO,YES,DAY_MONTH_ONLY,NO,SOMETIMES,NO,IMMEDIATELY,SOMETIMES,FRIENDS,NEVER,VERIFY_FIRST,YES,SMS_ONLY,COMPLETELY_UNIQUE,YES,NEVER,INSPECT_URL,HESITATE,NEVER,47.5,34.0,54.0,7.5,57.5,37.5,42.0,62.5,27.5,76.0,42.3,HIGH,19.7,22.6
SYNTH_USER_0379,HIGH_EXPOSURE,2026-08-12 16:46:14,PUBLIC,YES,YES,YES,FULL_BIRTHDAY,CITY_ONLY,YES,YES,IMMEDIATELY,YES,PUBLIC,SOMETIMES,ACCEPT_MOST,NO,DISABLED,REUSED,NO,NEVER,CLICK_IMMEDIATELY,HESITATE,NEVER,95.0,82.0,96.0,85.0,87.5,85.0,92.0,95.0,87.5,84.0,89.2,CRITICAL,33.9,55.3
SYNTH_USER_0380,AVERAGE,2026-08-12 02:19:14,FRIENDS_OF_FRIENDS,YES,NOT_SURE,YES,DAY_MONTH_ONLY,CITY_ONLY,NO,SOMETIMES,SOMETIMES_LATER,SOMETIMES,PUBLIC,SOMETIMES,SOMETIMES,YES,DISABLED,REUSED,NOT_SURE,NEVER,INSPECT_URL,NEVER,RARELY,82.5,46.0,56.0,50.0,67.5,60.0,74.0,85.0,25.0,54.0,58.9,HIGH,29.6,29.3
SYNTH_USER_0381,HIGH_EXPOSURE,2026-10-06 03:59:14,PUBLIC,YES,YES,YES,FULL_BIRTHDAY,CITY_ONLY,YES,YES,IMMEDIATELY,YES,PUBLIC,YES,ACCEPT_MOST,NO,DISABLED,REUSED,NO,NEVER,CLICK_IMMEDIATELY,HESITATE,NEVER,95.0,82.0,96.0,95.0,87.5,85.0,92.0,95.0,87.5,84.0,90.2,CRITICAL,34.3,55.9
SYNTH_USER_0382,CONSCIOUS,2026-07-31 11:10:14,FRIENDS_ONLY,NO,NO,NO,DAY_MONTH_ONLY,NO,NO,NO,AFTER_LEAVING,NO,CUSTOM_LISTS,NEVER,VERIFY_FIRST,YES,APP_OR_HARDWARE,COMPLETELY_UNIQUE,YES,REGULARLY,VERIFY_OUT_OF_BAND,NEVER,REGULARLY,15.0,8.0,2.0,0.0,15.0,0.0,0.0,12.5,0.0,0.0,5.1,LOW,5.0,0.1
SYNTH_USER_0383,AVERAGE,2026-09-07 03:17:14,PUBLIC,NO,NO,YES,DAY_MONTH_ONLY,NO,SOMETIMES,SOMETIMES,SOMETIMES_LATER,NO,PUBLIC,NEVER,VERIFY_FIRST,NOT_SURE,DISABLED,SLIGHT_VARIATION,NOT_SURE,NEVER,VERIFY_OUT_OF_BAND,HESITATE,NEVER,70.0,34.0,40.0,37.5,60.0,62.5,66.0,85.0,27.5,70.0,51.4,HIGH,29.9,21.5
SYNTH_USER_0384,AVERAGE,2026-09-14 00:34:14,PUBLIC,NOT_SURE,YES,NO,FULL_BIRTHDAY,CITY_ONLY,NO,NO,IMMEDIATELY,NO,FRIENDS,NEVER,VERIFY_FIRST,YES,DISABLED,SLIGHT_VARIATION,NOT_SURE,RARELY,VERIFY_OUT_OF_BAND,HESITATE,RARELY,57.5,48.0,38.0,20.0,60.0,32.5,58.0,62.5,15.0,54.0,44.3,HIGH,28.6,15.7
SYNTH_USER_0385,HIGH_EXPOSURE,2026-09-16 10:54:14,PUBLIC,YES,NOT_SURE,YES,FULL_BIRTHDAY,YES,YES,YES,IMMEDIATELY,YES,PUBLIC,SOMETIMES,ACCEPT_MOST,NO,DISABLED,REUSED,NO,NEVER,CLICK_IMMEDIATELY,HESITATE,NEVER,95.0,86.0,96.0,85.0,87.5,85.0,92.0,95.0,87.5,84.0,89.8,CRITICAL,42.6,47.2
SYNTH_USER_0386,HIGH_EXPOSURE,2026-07-12 16:57:14,PUBLIC,YES,YES,YES,FULL_BIRTHDAY,YES,YES,YES,IMMEDIATELY,YES,PUBLIC,YES,ACCEPT_MOST,NO,DISABLED,REUSED,NO,NEVER,CLICK_IMMEDIATELY,HESITATE,NEVER,95.0,94.0,96.0,95.0,87.5,85.0,92.0,95.0,87.5,84.0,92.0,CRITICAL,54.0,38.0
SYNTH_USER_0387,AVERAGE,2026-08-24 05:24:14,PUBLIC,NO,NOT_SURE,NO,FULL_BIRTHDAY,NO,SOMETIMES,NO,SOMETIMES_LATER,SOMETIMES,PUBLIC,SOMETIMES,VERIFY_FIRST,NOT_SURE,DISABLED,SLIGHT_VARIATION,YES,NEVER,INSPECT_URL,NEVER,NEVER,70.0,40.0,50.0,62.5,60.0,47.5,56.0,85.0,12.5,68.0,52.4,HIGH,29.8,22.6
SYNTH_USER_0388,CONSCIOUS,2026-09-25 13:45:14,FRIENDS_ONLY,NO,NO,NO,HIDDEN,NO,NO,NO,AFTER_LEAVING,NO,CUSTOM_LISTS,NEVER,REJECT_UNKNOWN,YES,APP_OR_HARDWARE,COMPLETELY_UNIQUE,YES,REGULARLY,VERIFY_OUT_OF_BAND,NEVER,REGULARLY,15.0,0.0,2.0,0.0,0.0,7.5,0.0,12.5,0.0,0.0,2.8,LOW,5.0,-2.2
SYNTH_USER_0389,AVERAGE,2026-09-26 04:10:14,PUBLIC,YES,NO,YES,FULL_BIRTHDAY,CITY_ONLY,SOMETIMES,NO,IMMEDIATELY,NO,PUBLIC,SOMETIMES,SOMETIMES,YES,DISABLED,REUSED,NOT_SURE,RARELY,INSPECT_URL,HESITATE,RARELY,95.0,54.0,38.0,40.0,67.5,60.0,76.0,72.5,55.0,60.0,60.6,HIGH,30.2,30.4
SYNTH_USER_0390,CONSCIOUS,2026-08-24 06:20:14,PRIVATE,NO,NO,NO,DAY_MONTH_ONLY,NO,NO,NO,NEVER_CHECKIN,NO,FRIENDS,NEVER,REJECT_UNKNOWN,YES,APP_OR_HARDWARE,COMPLETELY_UNIQUE,YES,REGULARLY,VERIFY_OUT_OF_BAND,NEVER,REGULARLY,0.0,8.0,0.0,7.5,0.0,0.0,0.0,12.5,0.0,0.0,2.6,LOW,5.0,-2.4
SYNTH_USER_0391,CONSCIOUS,2026-09-05 11:59:14,PRIVATE,NO,NO,NO,HIDDEN,NO,NO,NO,NEVER_CHECKIN,NO,CUSTOM_LISTS,NEVER,REJECT_UNKNOWN,YES,APP_OR_HARDWARE,COMPLETELY_UNIQUE,YES,REGULARLY,VERIFY_OUT_OF_BAND,NEVER,REGULARLY,10.0,0.0,0.0,0.0,7.5,5.0,0.0,12.5,0.0,0.0,2.6,LOW,5.0,-2.4
SYNTH_USER_0392,AVERAGE,2026-08-05 17:44:14,PUBLIC,YES,NOT_SURE,NO,DAY_MONTH_ONLY,CITY_ONLY,NO,NO,SOMETIMES_LATER,SOMETIMES,PUBLIC,NEVER,SOMETIMES,NOT_SURE,DISABLED,COMPLETELY_UNIQUE,NOT_SURE,RARELY,VERIFY_OUT_OF_BAND,HESITATE,NEVER,95.0,28.0,34.0,35.0,67.5,62.5,46.0,60.0,27.5,70.0,48.3,HIGH,16.9,31.4
SYNTH_USER_0393,HIGH_EXPOSURE,2026-08-17 14:36:14,PUBLIC,YES,YES,YES,FULL_BIRTHDAY,YES,YES,YES,IMMEDIATELY,YES,PUBLIC,YES,ACCEPT_MOST,NO,DISABLED,REUSED,NO,NEVER,CLICK_IMMEDIATELY,HESITATE,NEVER,95.0,94.0,96.0,95.0,87.5,85.0,92.0,95.0,87.5,84.0,92.0,CRITICAL,56.3,35.7
SYNTH_USER_0394,HIGH_EXPOSURE,2026-09-09 14:54:14,PUBLIC,YES,YES,YES,FULL_BIRTHDAY,CITY_ONLY,YES,YES,IMMEDIATELY,YES,PUBLIC,SOMETIMES,ACCEPT_MOST,NO,DISABLED,REUSED,NO,NEVER,CLICK_IMMEDIATELY,HESITATE,NEVER,95.0,82.0,96.0,85.0,87.5,85.0,92.0,95.0,87.5,84.0,89.2,CRITICAL,40.0,49.2
SYNTH_USER_0395,AVERAGE,2026-07-12 07:56:14,FRIENDS_OF_FRIENDS,YES,NOT_SURE,YES,DAY_MONTH_ONLY,CITY_ONLY,SOMETIMES,NO,SOMETIMES_LATER,NO,FRIENDS,SOMETIMES,SOMETIMES,YES,APP_OR_HARDWARE,COMPLETELY_UNIQUE,YES,RARELY,VERIFY_OUT_OF_BAND,HESITATE,NEVER,55.0,54.0,28.0,22.5,67.5,60.0,24.0,37.5,27.5,70.0,41.5,HIGH,22.1,19.4
SYNTH_USER_0396,AVERAGE,2026-07-12 20:17:14,FRIENDS_OF_FRIENDS,NOT_SURE,YES,NO,DAY_MONTH_ONLY,NO,NO,NO,SOMETIMES_LATER,NO,FRIENDS,SOMETIMES,SOMETIMES,NO,SMS_ONLY,COMPLETELY_UNIQUE,NOT_SURE,NEVER,INSPECT_URL,NEVER,RARELY,45.0,28.0,32.0,45.0,55.0,65.0,44.0,62.5,27.5,54.0,41.9,HIGH,16.8,25.1
SYNTH_USER_0397,CONSCIOUS,2026-10-04 14:15:14,PRIVATE,NO,NO,NO,DAY_MONTH_ONLY,NO,NO,NO,NEVER_CHECKIN,NO,CUSTOM_LISTS,NEVER,REJECT_UNKNOWN,YES,APP_OR_HARDWARE,COMPLETELY_UNIQUE,YES,REGULARLY,VERIFY_OUT_OF_BAND,NEVER,REGULARLY,10.0,8.0,0.0,0.0,7.5,0.0,0.0,12.5,0.0,0.0,3.6,LOW,5.0,-1.4
SYNTH_USER_0398,HIGH_EXPOSURE,2026-07-30 22:16:14,PUBLIC,YES,YES,YES,FULL_BIRTHDAY,YES,YES,YES,IMMEDIATELY,YES,PUBLIC,YES,ACCEPT_MOST,NO,DISABLED,REUSED,NO,NEVER,CLICK_IMMEDIATELY,YES_HELP,NEVER,95.0,94.0,96.0,95.0,87.5,85.0,92.0,95.0,97.5,84.0,93.0,CRITICAL,52.9,40.1
SYNTH_USER_0399,AVERAGE,2026-10-05 04:14:14,PUBLIC,NOT_SURE,YES,YES,FULL_BIRTHDAY,CITY_ONLY,SOMETIMES,NO,SOMETIMES_LATER,SOMETIMES,FRIENDS,NEVER,SOMETIMES,NO,DISABLED,REUSED,YES,NEVER,VERIFY_OUT_OF_BAND,HESITATE,RARELY,85.0,74.0,34.0,17.5,65.0,77.5,66.0,72.5,27.5,68.0,56.5,HIGH,23.3,33.2
SYNTH_USER_0400,HIGH_EXPOSURE,2026-08-09 13:38:14,PUBLIC,YES,NOT_SURE,YES,FULL_BIRTHDAY,YES,YES,YES,IMMEDIATELY,YES,PUBLIC,YES,ACCEPT_MOST,NO,DISABLED,REUSED,NO,NEVER,CLICK_IMMEDIATELY,HESITATE,NEVER,95.0,86.0,96.0,95.0,87.5,85.0,92.0,95.0,87.5,84.0,90.8,CRITICAL,37.7,53.1
SYNTH_USER_0401,CONSCIOUS,2026-09-25 23:34:14,FRIENDS_ONLY,NO,NO,NO,DAY_MONTH_ONLY,NO,NO,NO,NEVER_CHECKIN,NO,CUSTOM_LISTS,NEVER,REJECT_UNKNOWN,YES,APP_OR_HARDWARE,COMPLETELY_UNIQUE,YES,REGULARLY,VERIFY_OUT_OF_BAND,NEVER,REGULARLY,5.0,8.0,0.0,0.0,0.0,7.5,0.0,12.5,0.0,0.0,2.7,LOW,5.0,-2.3
SYNTH_USER_0402,HIGH_EXPOSURE,2026-07-19 17:37:14,PUBLIC,YES,YES,YES,FULL_BIRTHDAY,CITY_ONLY,YES,YES,IMMEDIATELY,YES,PUBLIC,SOMETIMES,ACCEPT_MOST,NO,DISABLED,REUSED,NO,NEVER,CLICK_IMMEDIATELY,HESITATE,NEVER,95.0,82.0,96.0,85.0,87.5,85.0,92.0,95.0,87.5,84.0,89.2,CRITICAL,40.2,49.0
SYNTH_USER_0403,AVERAGE,2026-07-29 20:58:14,PUBLIC,YES,NOT_SURE,YES,FULL_BIRTHDAY,NO,NO,SOMETIMES,IMMEDIATELY,NO,FRIENDS,NEVER,SOMETIMES,YES,APP_OR_HARDWARE,SLIGHT_VARIATION,NOT_SURE,NEVER,VERIFY_OUT_OF_BAND,HESITATE,NEVER,95.0,50.0,50.0,30.0,77.5,52.5,48.0,62.5,15.0,62.0,52.8,HIGH,21.7,31.1
SYNTH_USER_0404,CONSCIOUS,2026-07-20 03:14:14,FRIENDS_ONLY,NO,NO,NO,HIDDEN,NO,NO,NO,AFTER_LEAVING,NO,FRIENDS,NEVER,VERIFY_FIRST,YES,APP_OR_HARDWARE,COMPLETELY_UNIQUE,YES,REGULARLY,VERIFY_OUT_OF_BAND,NEVER,REGULARLY,15.0,0.0,2.0,7.5,7.5,7.5,0.0,12.5,0.0,0.0,4.3,LOW,5.0,-0.7
SYNTH_USER_0405,AVERAGE,2026-08-26 09:31:14,FRIENDS_ONLY,NOT_SURE,NOT_SURE,NO,DAY_MONTH_ONLY,NO,SOMETIMES,NO,SOMETIMES_LATER,NO,FRIENDS,NEVER,VERIFY_FIRST,NO,APP_OR_HARDWARE,SLIGHT_VARIATION,NOT_SURE,NEVER,INSPECT_URL,NEVER,NEVER,37.5,28.0,28.0,17.5,37.5,72.5,48.0,62.5,27.5,70.0,37.8,MODERATE,16.5,21.3
SYNTH_USER_0406,AVERAGE,2026-08-12 12:46:14,FRIENDS_OF_FRIENDS,YES,NOT_SURE,NO,FULL_BIRTHDAY,CITY_ONLY,NO,SOMETIMES,IMMEDIATELY,SOMETIMES,PUBLIC,NEVER,VERIFY_FIRST,NOT_SURE,APP_OR_HARDWARE,REUSED,YES,RARELY,VERIFY_OUT_OF_BAND,HESITATE,NEVER,82.5,40.0,72.0,37.5,57.5,75.0,54.0,50.0,42.5,76.0,56.9,HIGH,20.7,36.2
SYNTH_USER_0407,HIGH_EXPOSURE,2026-08-20 08:57:14,PUBLIC,YES,NOT_SURE,YES,FULL_BIRTHDAY,CITY_ONLY,YES,YES,IMMEDIATELY,YES,PUBLIC,YES,ACCEPT_MOST,NO,DISABLED,REUSED,NO,NEVER,CLICK_IMMEDIATELY,HESITATE,NEVER,95.0,74.0,96.0,95.0,87.5,85.0,92.0,95.0,87.5,84.0,89.0,CRITICAL,37.9,51.1
SYNTH_USER_0408,HIGH_EXPOSURE,2026-07-10 01:59:14,PUBLIC,YES,YES,YES,FULL_BIRTHDAY,CITY_ONLY,YES,YES,IMMEDIATELY,YES,PUBLIC,YES,ACCEPT_MOST,NO,DISABLED,REUSED,NO,NEVER,CLICK_IMMEDIATELY,HESITATE,NEVER,95.0,82.0,96.0,95.0,87.5,85.0,92.0,95.0,87.5,84.0,90.2,CRITICAL,41.2,49.0
SYNTH_USER_0409,AVERAGE,2026-09-14 19:23:14,PUBLIC,NO,YES,NO,FULL_BIRTHDAY,CITY_ONLY,SOMETIMES,SOMETIMES,SOMETIMES_LATER,SOMETIMES,FRIENDS,NEVER,SOMETIMES,NOT_SURE,APP_OR_HARDWARE,COMPLETELY_UNIQUE,YES,NEVER,INSPECT_URL,HESITATE,NEVER,57.5,56.0,62.0,7.5,55.0,67.5,16.0,72.5,42.5,68.0,46.8,HIGH,25.0,21.8
SYNTH_USER_0410,HIGH_EXPOSURE,2026-10-03 16:56:14,PUBLIC,YES,NOT_SURE,YES,FULL_BIRTHDAY,CITY_ONLY,YES,YES,IMMEDIATELY,YES,PUBLIC,YES,ACCEPT_MOST,NO,DISABLED,REUSED,NO,NEVER,CLICK_IMMEDIATELY,HESITATE,NEVER,95.0,74.0,96.0,95.0,87.5,85.0,92.0,95.0,87.5,84.0,89.0,CRITICAL,38.5,50.5
SYNTH_USER_0411,AVERAGE,2026-09-30 05:44:14,PUBLIC,NO,YES,YES,FULL_BIRTHDAY,CITY_ONLY,NO,SOMETIMES,SOMETIMES_LATER,NO,FRIENDS,NEVER,SOMETIMES,NO,APP_OR_HARDWARE,REUSED,YES,NEVER,VERIFY_OUT_OF_BAND,NEVER,NEVER,55.0,66.0,50.0,20.0,57.5,57.5,54.0,60.0,12.5,68.0,49.3,HIGH,23.2,26.1
SYNTH_USER_0412,AVERAGE,2026-09-13 23:53:14,FRIENDS_ONLY,YES,YES,YES,FULL_BIRTHDAY,NO,NO,NO,IMMEDIATELY,SOMETIMES,FRIENDS,NEVER,VERIFY_FIRST,YES,SMS_ONLY,REUSED,NOT_SURE,RARELY,VERIFY_OUT_OF_BAND,NEVER,NEVER,75.0,58.0,54.0,20.0,60.0,45.0,54.0,50.0,12.5,76.0,50.2,HIGH,25.1,25.1
SYNTH_USER_0413,HIGH_EXPOSURE,2026-07-29 23:57:14,PUBLIC,YES,NOT_SURE,YES,FULL_BIRTHDAY,CITY_ONLY,YES,YES,IMMEDIATELY,YES,PUBLIC,SOMETIMES,ACCEPT_MOST,NO,DISABLED,REUSED,NO,NEVER,CLICK_IMMEDIATELY,HESITATE,NEVER,95.0,74.0,96.0,85.0,87.5,85.0,92.0,95.0,87.5,84.0,88.0,CRITICAL,34.9,53.1
SYNTH_USER_0414,CONSCIOUS,2026-09-24 18:47:14,PRIVATE,NO,NO,NO,DAY_MONTH_ONLY,NO,NO,NO,AFTER_LEAVING,NO,CUSTOM_LISTS,NEVER,REJECT_UNKNOWN,YES,APP_OR_HARDWARE,COMPLETELY_UNIQUE,YES,REGULARLY,VERIFY_OUT_OF_BAND,NEVER,REGULARLY,0.0,8.0,2.0,0.0,0.0,5.0,0.0,12.5,0.0,0.0,2.4,LOW,5.0,-2.6
SYNTH_USER_0415,AVERAGE,2026-07-17 00:55:14,FRIENDS_ONLY,NOT_SURE,NOT_SURE,NO,DAY_MONTH_ONLY,NO,SOMETIMES,NO,SOMETIMES_LATER,NO,FRIENDS,NEVER,VERIFY_FIRST,NOT_SURE,APP_OR_HARDWARE,REUSED,NOT_SURE,RARELY,VERIFY_OUT_OF_BAND,HESITATE,RARELY,50.0,28.0,32.0,30.0,47.5,52.5,64.0,60.0,27.5,60.0,42.7,HIGH,26.0,16.7
SYNTH_USER_0416,HIGH_EXPOSURE,2026-07-14 21:30:14,PUBLIC,YES,YES,YES,FULL_BIRTHDAY,YES,YES,YES,IMMEDIATELY,YES,PUBLIC,SOMETIMES,ACCEPT_MOST,NO,DISABLED,REUSED,NO,NEVER,CLICK_IMMEDIATELY,HESITATE,NEVER,95.0,94.0,96.0,85.0,87.5,85.0,92.0,95.0,87.5,84.0,91.0,CRITICAL,54.4,36.6
SYNTH_USER_0417,AVERAGE,2026-07-28 06:19:14,FRIENDS_ONLY,NOT_SURE,YES,YES,FULL_BIRTHDAY,CITY_ONLY,SOMETIMES,SOMETIMES,IMMEDIATELY,SOMETIMES,FRIENDS,NEVER,VERIFY_FIRST,NOT_SURE,SMS_ONLY,REUSED,YES,NEVER,INSPECT_URL,HESITATE,RARELY,37.5,74.0,72.0,30.0,47.5,47.5,62.0,72.5,40.0,68.0,56.1,HIGH,24.8,31.3
SYNTH_USER_0418,AVERAGE,2026-09-04 06:37:14,FRIENDS_ONLY,YES,YES,NO,DAY_MONTH_ONLY,NO,NO,NO,SOMETIMES_LATER,SOMETIMES,PUBLIC,SOMETIMES,VERIFY_FIRST,YES,DISABLED,REUSED,YES,NEVER,VERIFY_OUT_OF_BAND,HESITATE,RARELY,60.0,28.0,50.0,40.0,60.0,32.5,56.0,75.0,30.0,54.0,47.2,HIGH,21.6,25.6
SYNTH_USER_0419,AVERAGE,2026-09-05 17:45:14,PUBLIC,NO,NOT_SURE,NO,FULL_BIRTHDAY,CITY_ONLY,NO,SOMETIMES,IMMEDIATELY,SOMETIMES,PUBLIC,SOMETIMES,SOMETIMES,NO,APP_OR_HARDWARE,SLIGHT_VARIATION,NOT_SURE,RARELY,VERIFY_OUT_OF_BAND,NEVER,NEVER,70.0,40.0,72.0,52.5,55.0,85.0,46.0,50.0,27.5,62.0,54.0,HIGH,26.1,27.9
SYNTH_USER_0420,AVERAGE,2026-10-03 05:31:14,PUBLIC,NO,YES,NO,FULL_BIRTHDAY,CITY_ONLY,NO,SOMETIMES,IMMEDIATELY,SOMETIMES,FRIENDS,NEVER,VERIFY_FIRST,YES,APP_OR_HARDWARE,COMPLETELY_UNIQUE,YES,NEVER,VERIFY_OUT_OF_BAND,NEVER,RARELY,42.5,48.0,62.0,17.5,70.0,32.5,26.0,50.0,27.5,68.0,43.7,HIGH,19.8,23.9
SYNTH_USER_0421,CONSCIOUS,2026-08-03 06:22:14,FRIENDS_ONLY,NO,NO,NO,DAY_MONTH_ONLY,NO,NO,NO,NEVER_CHECKIN,NO,CUSTOM_LISTS,NEVER,REJECT_UNKNOWN,YES,APP_OR_HARDWARE,COMPLETELY_UNIQUE,YES,REGULARLY,VERIFY_OUT_OF_BAND,NEVER,REGULARLY,15.0,8.0,0.0,0.0,0.0,7.5,0.0,12.5,0.0,0.0,3.7,LOW,5.0,-1.3
SYNTH_USER_0422,CONSCIOUS,2026-08-10 19:38:14,FRIENDS_ONLY,NO,NO,NO,HIDDEN,NO,NO,NO,AFTER_LEAVING,NO,FRIENDS,NEVER,VERIFY_FIRST,YES,APP_OR_HARDWARE,COMPLETELY_UNIQUE,YES,REGULARLY,VERIFY_OUT_OF_BAND,NEVER,REGULARLY,15.0,0.0,2.0,7.5,7.5,0.0,0.0,12.5,0.0,0.0,3.9,LOW,5.0,-1.1
SYNTH_USER_0423,AVERAGE,2026-10-06 02:54:14,FRIENDS_OF_FRIENDS,YES,NOT_SURE,YES,FULL_BIRTHDAY,NO,NO,NO,IMMEDIATELY,NO,PUBLIC,NEVER,VERIFY_FIRST,NO,SMS_ONLY,REUSED,YES,RARELY,INSPECT_URL,HESITATE,NEVER,70.0,50.0,48.0,37.5,47.5,72.5,62.0,47.5,55.0,76.0,54.8,HIGH,30.5,24.3
SYNTH_USER_0424,AVERAGE,2026-10-05 19:55:14,FRIENDS_ONLY,NO,NO,NO,FULL_BIRTHDAY,NO,NO,NO,IMMEDIATELY,SOMETIMES,PUBLIC,NEVER,SOMETIMES,NOT_SURE,APP_OR_HARDWARE,COMPLETELY_UNIQUE,NOT_SURE,NEVER,INSPECT_URL,HESITATE,RARELY,35.0,20.0,44.0,37.5,55.0,47.5,36.0,60.0,27.5,70.0,39.4,MODERATE,21.8,17.6
SYNTH_USER_0425,AVERAGE,2026-08-04 22:06:14,PUBLIC,NOT_SURE,NOT_SURE,YES,FULL_BIRTHDAY,CITY_ONLY,SOMETIMES,NO,SOMETIMES_LATER,NO,FRIENDS,NEVER,SOMETIMES,YES,SMS_ONLY,COMPLETELY_UNIQUE,YES,RARELY,INSPECT_URL,NEVER,RARELY,72.5,66.0,38.0,20.0,45.0,45.0,42.0,72.5,12.5,68.0,46.2,HIGH,16.4,29.8
SYNTH_USER_0426,CONSCIOUS,2026-07-19 12:13:14,FRIENDS_ONLY,NO,NO,NO,HIDDEN,NO,NO,NO,AFTER_LEAVING,NO,CUSTOM_LISTS,NEVER,VERIFY_FIRST,YES,APP_OR_HARDWARE,COMPLETELY_UNIQUE,YES,REGULARLY,VERIFY_OUT_OF_BAND,NEVER,REGULARLY,5.0,0.0,2.0,0.0,15.0,12.5,0.0,12.5,0.0,0.0,3.5,LOW,5.0,-1.5
SYNTH_USER_0427,AVERAGE,2026-07-19 04:02:14,PUBLIC,NOT_SURE,NOT_SURE,YES,DAY_MONTH_ONLY,CITY_ONLY,SOMETIMES,NO,SOMETIMES_LATER,NO,PUBLIC,NEVER,VERIFY_FIRST,NOT_SURE,DISABLED,REUSED,NOT_SURE,RARELY,INSPECT_URL,HESITATE,NEVER,70.0,54.0,22.0,47.5,47.5,60.0,76.0,62.5,55.0,78.0,54.8,HIGH,22.6,32.2
SYNTH_USER_0428,AVERAGE,2026-07-21 16:40:14,FRIENDS_ONLY,NOT_SURE,NO,YES,FULL_BIRTHDAY,NO,SOMETIMES,NO,IMMEDIATELY,NO,FRIENDS,SOMETIMES,VERIFY_FIRST,NO,APP_OR_HARDWARE,SLIGHT_VARIATION,NOT_SURE,RARELY,VERIFY_OUT_OF_BAND,NEVER,NEVER,50.0,46.0,48.0,32.5,60.0,62.5,38.0,62.5,15.0,54.0,44.5,HIGH,20.4,24.1
SYNTH_USER_0429,AVERAGE,2026-07-23 15:53:14,FRIENDS_OF_FRIENDS,YES,YES,YES,DAY_MONTH_ONLY,CITY_ONLY,NO,SOMETIMES,IMMEDIATELY,SOMETIMES,PUBLIC,NEVER,SOMETIMES,NO,DISABLED,REUSED,YES,NEVER,VERIFY_OUT_OF_BAND,HESITATE,RARELY,55.0,54.0,72.0,47.5,55.0,77.5,66.0,60.0,15.0,62.0,56.0,HIGH,23.3,32.7
SYNTH_USER_0430,AVERAGE,2026-09-29 04:38:14,FRIENDS_ONLY,NOT_SURE,YES,NO,DAY_MONTH_ONLY,CITY_ONLY,NO,SOMETIMES,IMMEDIATELY,NO,PUBLIC,NEVER,SOMETIMES,NO,APP_OR_HARDWARE,SLIGHT_VARIATION,NOT_SURE,RARELY,VERIFY_OUT_OF_BAND,HESITATE,RARELY,37.5,36.0,50.0,25.0,55.0,62.5,46.0,60.0,15.0,70.0,42.7,HIGH,24.5,18.2
SYNTH_USER_0431,AVERAGE,2026-09-24 19:32:14,PUBLIC,YES,YES,YES,DAY_MONTH_ONLY,NO,NO,SOMETIMES,IMMEDIATELY,NO,PUBLIC,SOMETIMES,SOMETIMES,NOT_SURE,APP_OR_HARDWARE,SLIGHT_VARIATION,NOT_SURE,RARELY,INSPECT_URL,HESITATE,RARELY,67.5,46.0,54.0,52.5,67.5,75.0,48.0,37.5,42.5,54.0,53.5,HIGH,28.9,24.6
SYNTH_USER_0432,HIGH_EXPOSURE,2026-08-27 21:03:14,PUBLIC,YES,YES,YES,FULL_BIRTHDAY,CITY_ONLY,YES,YES,IMMEDIATELY,YES,PUBLIC,YES,ACCEPT_MOST,NO,DISABLED,REUSED,NO,NEVER,CLICK_IMMEDIATELY,HESITATE,NEVER,95.0,82.0,96.0,95.0,87.5,85.0,92.0,95.0,87.5,84.0,90.2,CRITICAL,32.9,57.3
SYNTH_USER_0433,HIGH_EXPOSURE,2026-08-14 11:43:14,PUBLIC,YES,NOT_SURE,YES,FULL_BIRTHDAY,CITY_ONLY,YES,YES,IMMEDIATELY,YES,PUBLIC,SOMETIMES,ACCEPT_MOST,NO,DISABLED,REUSED,NO,NEVER,CLICK_IMMEDIATELY,HESITATE,NEVER,95.0,74.0,96.0,85.0,87.5,85.0,92.0,95.0,87.5,84.0,88.0,CRITICAL,34.4,53.6
SYNTH_USER_0434,AVERAGE,2026-08-19 19:41:14,FRIENDS_ONLY,NO,YES,NO,DAY_MONTH_ONLY,NO,SOMETIMES,SOMETIMES,IMMEDIATELY,SOMETIMES,PUBLIC,NEVER,SOMETIMES,NOT_SURE,APP_OR_HARDWARE,COMPLETELY_UNIQUE,NOT_SURE,NEVER,INSPECT_URL,NEVER,RARELY,35.0,36.0,72.0,37.5,55.0,60.0,34.0,72.5,25.0,68.0,46.6,HIGH,18.5,28.1
SYNTH_USER_0435,AVERAGE,2026-10-02 10:36:14,FRIENDS_OF_FRIENDS,NOT_SURE,YES,NO,FULL_BIRTHDAY,NO,SOMETIMES,SOMETIMES,SOMETIMES_LATER,NO,FRIENDS,NEVER,VERIFY_FIRST,NOT_SURE,SMS_ONLY,SLIGHT_VARIATION,NOT_SURE,NEVER,VERIFY_OUT_OF_BAND,NEVER,RARELY,45.0,48.0,50.0,30.0,70.0,75.0,64.0,72.5,15.0,46.0,50.0,HIGH,22.9,27.1
SYNTH_USER_0436,AVERAGE,2026-07-20 10:44:14,FRIENDS_OF_FRIENDS,NO,YES,YES,FULL_BIRTHDAY,CITY_ONLY,NO,NO,SOMETIMES_LATER,SOMETIMES,FRIENDS,SOMETIMES,SOMETIMES,YES,DISABLED,REUSED,YES,RARELY,VERIFY_OUT_OF_BAND,NEVER,RARELY,45.0,66.0,44.0,22.5,77.5,60.0,64.0,50.0,12.5,68.0,50.8,HIGH,30.4,20.4
SYNTH_USER_0437,AVERAGE,2026-09-30 19:40:14,FRIENDS_OF_FRIENDS,NO,NOT_SURE,NO,FULL_BIRTHDAY,NO,NO,NO,IMMEDIATELY,NO,FRIENDS,SOMETIMES,VERIFY_FIRST,YES,SMS_ONLY,COMPLETELY_UNIQUE,YES,NEVER,VERIFY_OUT_OF_BAND,HESITATE,NEVER,42.5,32.0,42.0,45.0,60.0,37.5,34.0,85.0,30.0,62.0,43.2,HIGH,22.2,21.0
SYNTH_USER_0438,AVERAGE,2026-09-02 03:16:14,FRIENDS_ONLY,NOT_SURE,NOT_SURE,NO,DAY_MONTH_ONLY,CITY_ONLY,NO,SOMETIMES,SOMETIMES_LATER,NO,PUBLIC,NEVER,VERIFY_FIRST,NOT_SURE,DISABLED,COMPLETELY_UNIQUE,NOT_SURE,RARELY,VERIFY_OUT_OF_BAND,NEVER,NEVER,65.0,28.0,40.0,35.0,70.0,75.0,56.0,62.5,27.5,70.0,48.7,HIGH,23.8,24.9
SYNTH_USER_0439,AVERAGE,2026-08-28 06:23:14,PUBLIC,NOT_SURE,NOT_SURE,YES,DAY_MONTH_ONLY,CITY_ONLY,NO,SOMETIMES,IMMEDIATELY,NO,FRIENDS,SOMETIMES,VERIFY_FIRST,NO,SMS_ONLY,COMPLETELY_UNIQUE,YES,RARELY,INSPECT_URL,HESITATE,RARELY,70.0,46.0,60.0,35.0,70.0,65.0,24.0,60.0,55.0,62.0,51.9,HIGH,19.6,32.3
SYNTH_USER_0440,HIGH_EXPOSURE,2026-08-19 16:45:14,PUBLIC,YES,NOT_SURE,YES,FULL_BIRTHDAY,CITY_ONLY,YES,YES,IMMEDIATELY,YES,PUBLIC,SOMETIMES,ACCEPT_MOST,NO,DISABLED,REUSED,NO,NEVER,CLICK_IMMEDIATELY,HESITATE,NEVER,95.0,74.0,96.0,85.0,87.5,85.0,92.0,95.0,87.5,84.0,88.0,CRITICAL,34.5,53.5
SYNTH_USER_0441,AVERAGE,2026-09-01 12:18:14,PUBLIC,NO,NOT_SURE,NO,DAY_MONTH_ONLY,NO,NO,SOMETIMES,SOMETIMES_LATER,NO,FRIENDS,SOMETIMES,SOMETIMES,NO,DISABLED,REUSED,NOT_SURE,RARELY,INSPECT_URL,HESITATE,RARELY,42.5,20.0,50.0,35.0,55.0,62.5,84.0,37.5,42.5,62.0,48.7,HIGH,24.5,24.2
SYNTH_USER_0442,CONSCIOUS,2026-07-27 07:37:14,FRIENDS_ONLY,NO,NO,NO,HIDDEN,NO,NO,NO,AFTER_LEAVING,NO,CUSTOM_LISTS,NEVER,VERIFY_FIRST,YES,APP_OR_HARDWARE,COMPLETELY_UNIQUE,YES,REGULARLY,VERIFY_OUT_OF_BAND,NEVER,REGULARLY,5.0,0.0,2.0,0.0,15.0,7.5,0.0,12.5,0.0,0.0,3.3,LOW,5.0,-1.7
SYNTH_USER_0443,AVERAGE,2026-08-13 09:23:14,FRIENDS_OF_FRIENDS,NO,NO,NO,FULL_BIRTHDAY,CITY_ONLY,NO,SOMETIMES,SOMETIMES_LATER,NO,PUBLIC,NEVER,SOMETIMES,YES,SMS_ONLY,REUSED,YES,NEVER,VERIFY_OUT_OF_BAND,HESITATE,NEVER,30.0,28.0,50.0,35.0,67.5,32.5,52.0,85.0,30.0,84.0,45.8,HIGH,29.7,16.1
SYNTH_USER_0444,CONSCIOUS,2026-08-25 18:01:14,FRIENDS_ONLY,NO,NO,NO,DAY_MONTH_ONLY,NO,NO,NO,NEVER_CHECKIN,NO,FRIENDS,NEVER,REJECT_UNKNOWN,YES,APP_OR_HARDWARE,COMPLETELY_UNIQUE,YES,REGULARLY,VERIFY_OUT_OF_BAND,NEVER,REGULARLY,15.0,8.0,0.0,7.5,7.5,12.5,0.0,12.5,0.0,0.0,5.5,LOW,5.0,0.5
SYNTH_USER_0445,HIGH_EXPOSURE,2026-07-12 17:45:14,PUBLIC,YES,YES,YES,FULL_BIRTHDAY,CITY_ONLY,YES,YES,IMMEDIATELY,YES,PUBLIC,YES,ACCEPT_MOST,NO,DISABLED,REUSED,NO,NEVER,CLICK_IMMEDIATELY,HESITATE,NEVER,95.0,82.0,96.0,95.0,87.5,85.0,92.0,95.0,87.5,84.0,90.2,CRITICAL,50.0,40.2
SYNTH_USER_0446,AVERAGE,2026-09-02 16:21:14,PUBLIC,NOT_SURE,YES,NO,FULL_BIRTHDAY,CITY_ONLY,SOMETIMES,SOMETIMES,IMMEDIATELY,SOMETIMES,PUBLIC,SOMETIMES,VERIFY_FIRST,NO,APP_OR_HARDWARE,COMPLETELY_UNIQUE,YES,NEVER,VERIFY_OUT_OF_BAND,NEVER,RARELY,70.0,56.0,72.0,52.5,60.0,62.5,34.0,72.5,0.0,68.0,52.7,HIGH,19.1,33.6
SYNTH_USER_0447,AVERAGE,2026-07-13 05:39:14,PUBLIC,NO,NO,YES,DAY_MONTH_ONLY,CITY_ONLY,NO,SOMETIMES,IMMEDIATELY,NO,FRIENDS,NEVER,VERIFY_FIRST,NO,DISABLED,SLIGHT_VARIATION,NOT_SURE,RARELY,INSPECT_URL,NEVER,RARELY,70.0,34.0,50.0,30.0,50.0,50.0,58.0,62.5,12.5,54.0,45.9,HIGH,26.0,19.9
SYNTH_USER_0448,HIGH_EXPOSURE,2026-09-27 13:04:14,PUBLIC,YES,NOT_SURE,YES,FULL_BIRTHDAY,CITY_ONLY,YES,YES,IMMEDIATELY,YES,PUBLIC,YES,ACCEPT_MOST,NO,DISABLED,REUSED,NO,NEVER,CLICK_IMMEDIATELY,HESITATE,NEVER,95.0,74.0,96.0,95.0,87.5,85.0,92.0,95.0,87.5,84.0,89.0,CRITICAL,43.5,45.5
SYNTH_USER_0449,AVERAGE,2026-08-07 09:10:14,FRIENDS_OF_FRIENDS,NO,NO,NO,FULL_BIRTHDAY,NO,SOMETIMES,NO,SOMETIMES_LATER,SOMETIMES,PUBLIC,NEVER,SOMETIMES,YES,SMS_ONLY,SLIGHT_VARIATION,NOT_SURE,RARELY,INSPECT_URL,HESITATE,NEVER,57.5,28.0,34.0,47.5,55.0,60.0,54.0,60.0,55.0,84.0,49.1,HIGH,30.6,18.5
SYNTH_USER_0450,AVERAGE,2026-08-01 05:51:14,FRIENDS_OF_FRIENDS,NO,NO,YES,FULL_BIRTHDAY,CITY_ONLY,SOMETIMES,NO,SOMETIMES_LATER,NO,FRIENDS,SOMETIMES,SOMETIMES,YES,APP_OR_HARDWARE,REUSED,YES,NEVER,VERIFY_OUT_OF_BAND,NEVER,NEVER,30.0,54.0,22.0,22.5,67.5,45.0,44.0,72.5,0.0,62.0,39.0,MODERATE,16.2,22.8
SYNTH_USER_0451,HIGH_EXPOSURE,2026-08-03 23:48:14,PUBLIC,YES,NOT_SURE,YES,FULL_BIRTHDAY,CITY_ONLY,YES,YES,IMMEDIATELY,YES,PUBLIC,SOMETIMES,ACCEPT_MOST,NO,DISABLED,REUSED,NO,NEVER,CLICK_IMMEDIATELY,HESITATE,NEVER,95.0,74.0,96.0,85.0,87.5,85.0,92.0,95.0,87.5,84.0,88.0,CRITICAL,47.8,40.2
SYNTH_USER_0452,AVERAGE,2026-08-03 21:32:14,FRIENDS_ONLY,NO,YES,YES,DAY_MONTH_ONLY,CITY_ONLY,SOMETIMES,NO,SOMETIMES_LATER,NO,FRIENDS,SOMETIMES,SOMETIMES,YES,DISABLED,REUSED,NOT_SURE,RARELY,INSPECT_URL,HESITATE,NEVER,22.5,62.0,22.0,32.5,67.5,25.0,74.0,62.5,55.0,70.0,49.3,HIGH,28.3,21.0
SYNTH_USER_0453,CONSCIOUS,2026-07-26 17:05:14,PRIVATE,NO,NO,NO,HIDDEN,NO,NO,NO,NEVER_CHECKIN,NO,FRIENDS,NEVER,REJECT_UNKNOWN,YES,APP_OR_HARDWARE,COMPLETELY_UNIQUE,YES,REGULARLY,VERIFY_OUT_OF_BAND,NEVER,REGULARLY,0.0,0.0,0.0,7.5,0.0,12.5,0.0,12.5,0.0,0.0,2.0,LOW,5.0,-3.0
SYNTH_USER_0454,CONSCIOUS,2026-07-25 00:09:14,PRIVATE,NO,NO,NO,HIDDEN,NO,NO,NO,NEVER_CHECKIN,NO,FRIENDS,NEVER,VERIFY_FIRST,YES,APP_OR_HARDWARE,COMPLETELY_UNIQUE,YES,REGULARLY,VERIFY_OUT_OF_BAND,NEVER,REGULARLY,10.0,0.0,0.0,7.5,15.0,5.0,0.0,12.5,0.0,0.0,4.1,LOW,5.0,-0.9
SYNTH_USER_0455,AVERAGE,2026-08-11 11:27:14,PUBLIC,NOT_SURE,YES,NO,FULL_BIRTHDAY,CITY_ONLY,NO,NO,IMMEDIATELY,SOMETIMES,PUBLIC,SOMETIMES,SOMETIMES,NOT_SURE,SMS_ONLY,COMPLETELY_UNIQUE,NOT_SURE,RARELY,VERIFY_OUT_OF_BAND,NEVER,RARELY,57.5,48.0,44.0,40.0,57.5,47.5,52.0,72.5,27.5,76.0,49.6,HIGH,22.4,27.2
SYNTH_USER_0456,AVERAGE,2026-07-09 10:39:14,FRIENDS_ONLY,NOT_SURE,NO,NO,DAY_MONTH_ONLY,NO,NO,SOMETIMES,IMMEDIATELY,NO,FRIENDS,NEVER,VERIFY_FIRST,NOT_SURE,DISABLED,REUSED,YES,RARELY,INSPECT_URL,HESITATE,NEVER,50.0,8.0,44.0,7.5,57.5,55.0,56.0,62.5,55.0,54.0,41.8,HIGH,25.5,16.3
SYNTH_USER_0457,HIGH_EXPOSURE,2026-08-19 08:45:14,PUBLIC,YES,NOT_SURE,YES,FULL_BIRTHDAY,YES,YES,YES,IMMEDIATELY,YES,PUBLIC,YES,ACCEPT_MOST,NO,DISABLED,REUSED,NO,NEVER,CLICK_IMMEDIATELY,HESITATE,NEVER,95.0,86.0,96.0,95.0,87.5,85.0,92.0,95.0,87.5,84.0,90.8,CRITICAL,49.0,41.8
SYNTH_USER_0458,AVERAGE,2026-09-10 07:57:14,PUBLIC,NO,YES,NO,DAY_MONTH_ONLY,CITY_ONLY,SOMETIMES,SOMETIMES,IMMEDIATELY,SOMETIMES,PUBLIC,NEVER,VERIFY_FIRST,NOT_SURE,SMS_ONLY,COMPLETELY_UNIQUE,NOT_SURE,NEVER,INSPECT_URL,HESITATE,NEVER,70.0,44.0,66.0,37.5,47.5,55.0,34.0,62.5,55.0,68.0,51.9,HIGH,27.5,24.4
SYNTH_USER_0459,CONSCIOUS,2026-08-21 10:42:14,PRIVATE,NO,NO,NO,DAY_MONTH_ONLY,NO,NO,NO,AFTER_LEAVING,NO,CUSTOM_LISTS,NEVER,REJECT_UNKNOWN,YES,APP_OR_HARDWARE,COMPLETELY_UNIQUE,YES,REGULARLY,VERIFY_OUT_OF_BAND,NEVER,REGULARLY,0.0,8.0,2.0,0.0,7.5,12.5,0.0,12.5,0.0,0.0,3.5,LOW,5.0,-1.5
SYNTH_USER_0460,AVERAGE,2026-09-29 16:48:14,FRIENDS_OF_FRIENDS,NOT_SURE,YES,NO,FULL_BIRTHDAY,NO,SOMETIMES,NO,IMMEDIATELY,NO,FRIENDS,NEVER,VERIFY_FIRST,NO,DISABLED,REUSED,YES,RARELY,VERIFY_OUT_OF_BAND,HESITATE,NEVER,57.5,48.0,38.0,7.5,37.5,72.5,74.0,50.0,27.5,70.0,46.6,HIGH,22.4,24.2
SYNTH_USER_0461,AVERAGE,2026-09-12 21:00:14,PUBLIC,NOT_SURE,NOT_SURE,YES,DAY_MONTH_ONLY,NO,NO,SOMETIMES,SOMETIMES_LATER,NO,FRIENDS,NEVER,VERIFY_FIRST,NO,SMS_ONLY,SLIGHT_VARIATION,YES,RARELY,VERIFY_OUT_OF_BAND,NEVER,RARELY,85.0,38.0,34.0,30.0,70.0,65.0,54.0,60.0,12.5,70.0,48.4,HIGH,25.6,22.8
SYNTH_USER_0462,HIGH_EXPOSURE,2026-08-24 00:54:14,PUBLIC,YES,YES,YES,FULL_BIRTHDAY,CITY_ONLY,YES,YES,IMMEDIATELY,YES,PUBLIC,SOMETIMES,ACCEPT_MOST,NO,DISABLED,REUSED,NO,NEVER,CLICK_IMMEDIATELY,YES_HELP,NEVER,95.0,82.0,96.0,85.0,87.5,85.0,92.0,95.0,97.5,84.0,90.2,CRITICAL,32.0,58.2
SYNTH_USER_0463,CONSCIOUS,2026-09-26 06:37:14,PRIVATE,NO,NO,NO,HIDDEN,NO,NO,NO,NEVER_CHECKIN,NO,CUSTOM_LISTS,NEVER,REJECT_UNKNOWN,YES,APP_OR_HARDWARE,COMPLETELY_UNIQUE,YES,REGULARLY,VERIFY_OUT_OF_BAND,NEVER,REGULARLY,10.0,0.0,0.0,0.0,0.0,12.5,0.0,12.5,0.0,0.0,2.2,LOW,5.0,-2.8
SYNTH_USER_0464,CONSCIOUS,2026-07-18 04:10:14,FRIENDS_ONLY,NO,NO,NO,HIDDEN,NO,NO,NO,NEVER_CHECKIN,NO,FRIENDS,NEVER,REJECT_UNKNOWN,YES,APP_OR_HARDWARE,COMPLETELY_UNIQUE,YES,REGULARLY,VERIFY_OUT_OF_BAND,NEVER,REGULARLY,15.0,0.0,0.0,7.5,7.5,5.0,0.0,12.5,0.0,0.0,3.9,LOW,5.0,-1.1
SYNTH_USER_0465,AVERAGE,2026-07-26 02:19:14,FRIENDS_ONLY,YES,NOT_SURE,NO,FULL_BIRTHDAY,CITY_ONLY,NO,SOMETIMES,IMMEDIATELY,SOMETIMES,FRIENDS,NEVER,VERIFY_FIRST,YES,DISABLED,COMPLETELY_UNIQUE,NOT_SURE,NEVER,VERIFY_OUT_OF_BAND,NEVER,NEVER,62.5,40.0,66.0,20.0,70.0,37.5,54.0,72.5,27.5,62.0,50.6,HIGH,23.3,27.3
SYNTH_USER_0466,AVERAGE,2026-08-06 14:27:14,PUBLIC,NO,NO,YES,FULL_BIRTHDAY,NO,SOMETIMES,NO,IMMEDIATELY,SOMETIMES,PUBLIC,SOMETIMES,VERIFY_FIRST,YES,APP_OR_HARDWARE,REUSED,NOT_SURE,NEVER,INSPECT_URL,HESITATE,RARELY,42.5,46.0,60.0,50.0,60.0,40.0,64.0,72.5,42.5,46.0,52.9,HIGH,33.4,19.5
SYNTH_USER_0467,AVERAGE,2026-09-20 02:39:14,FRIENDS_OF_FRIENDS,YES,NOT_SURE,NO,FULL_BIRTHDAY,NO,SOMETIMES,NO,IMMEDIATELY,SOMETIMES,FRIENDS,SOMETIMES,SOMETIMES,NO,SMS_ONLY,SLIGHT_VARIATION,NOT_SURE,NEVER,INSPECT_URL,NEVER,NEVER,70.0,40.0,54.0,32.5,45.0,70.0,46.0,72.5,27.5,54.0,48.3,HIGH,19.9,28.4
SYNTH_USER_0468,AVERAGE,2026-08-03 17:34:14,PUBLIC,NO,NOT_SURE,NO,DAY_MONTH_ONLY,CITY_ONLY,NO,NO,IMMEDIATELY,NO,FRIENDS,NEVER,VERIFY_FIRST,NOT_SURE,SMS_ONLY,SLIGHT_VARIATION,NOT_SURE,RARELY,INSPECT_URL,NEVER,RARELY,55.0,28.0,42.0,17.5,60.0,47.5,54.0,37.5,12.5,54.0,40.1,HIGH,17.8,22.3
SYNTH_USER_0469,AVERAGE,2026-10-02 12:35:14,FRIENDS_OF_FRIENDS,NO,NOT_SURE,YES,DAY_MONTH_ONLY,NO,NO,NO,SOMETIMES_LATER,SOMETIMES,PUBLIC,SOMETIMES,SOMETIMES,YES,DISABLED,SLIGHT_VARIATION,YES,NEVER,VERIFY_OUT_OF_BAND,HESITATE,RARELY,30.0,38.0,44.0,50.0,77.5,37.5,56.0,72.5,27.5,62.0,47.8,HIGH,29.9,17.9
SYNTH_USER_0470,HIGH_EXPOSURE,2026-08-07 02:34:14,PUBLIC,YES,NOT_SURE,YES,FULL_BIRTHDAY,YES,YES,YES,IMMEDIATELY,YES,PUBLIC,YES,ACCEPT_MOST,NO,DISABLED,REUSED,NO,NEVER,CLICK_IMMEDIATELY,YES_HELP,NEVER,95.0,86.0,96.0,95.0,87.5,85.0,92.0,95.0,97.5,84.0,91.8,CRITICAL,34.5,57.3
SYNTH_USER_0471,HIGH_EXPOSURE,2026-10-03 15:52:14,PUBLIC,YES,NOT_SURE,YES,FULL_BIRTHDAY,CITY_ONLY,YES,YES,IMMEDIATELY,YES,PUBLIC,YES,ACCEPT_MOST,NO,DISABLED,REUSED,NO,NEVER,CLICK_IMMEDIATELY,HESITATE,NEVER,95.0,74.0,96.0,95.0,87.5,85.0,92.0,95.0,87.5,84.0,89.0,CRITICAL,32.8,56.2
SYNTH_USER_0472,CONSCIOUS,2026-07-13 08:43:14,PRIVATE,NO,NO,NO,DAY_MONTH_ONLY,NO,NO,NO,NEVER_CHECKIN,NO,CUSTOM_LISTS,NEVER,REJECT_UNKNOWN,YES,APP_OR_HARDWARE,COMPLETELY_UNIQUE,YES,REGULARLY,VERIFY_OUT_OF_BAND,NEVER,REGULARLY,10.0,8.0,0.0,0.0,0.0,12.5,0.0,12.5,0.0,0.0,3.5,LOW,5.0,-1.5
SYNTH_USER_0473,HIGH_EXPOSURE,2026-07-11 08:56:14,PUBLIC,YES,NOT_SURE,YES,FULL_BIRTHDAY,CITY_ONLY,YES,YES,IMMEDIATELY,YES,PUBLIC,SOMETIMES,ACCEPT_MOST,NO,DISABLED,REUSED,NO,NEVER,CLICK_IMMEDIATELY,YES_HELP,NEVER,95.0,74.0,96.0,85.0,87.5,85.0,92.0,95.0,97.5,84.0,89.0,CRITICAL,52.6,36.4
SYNTH_USER_0474,HIGH_EXPOSURE,2026-07-13 06:32:14,PUBLIC,YES,YES,YES,FULL_BIRTHDAY,YES,YES,YES,IMMEDIATELY,YES,PUBLIC,SOMETIMES,ACCEPT_MOST,NO,DISABLED,REUSED,NO,NEVER,CLICK_IMMEDIATELY,YES_HELP,NEVER,95.0,94.0,96.0,85.0,87.5,85.0,92.0,95.0,97.5,84.0,92.0,CRITICAL,59.7,32.3
SYNTH_USER_0475,HIGH_EXPOSURE,2026-09-21 23:08:14,PUBLIC,YES,NOT_SURE,YES,FULL_BIRTHDAY,YES,YES,YES,IMMEDIATELY,YES,PUBLIC,YES,ACCEPT_MOST,NO,DISABLED,REUSED,NO,NEVER,CLICK_IMMEDIATELY,HESITATE,NEVER,95.0,86.0,96.0,95.0,87.5,85.0,92.0,95.0,87.5,84.0,90.8,CRITICAL,41.7,49.1
SYNTH_USER_0476,HIGH_EXPOSURE,2026-09-26 23:05:14,PUBLIC,YES,YES,YES,FULL_BIRTHDAY,CITY_ONLY,YES,YES,IMMEDIATELY,YES,PUBLIC,SOMETIMES,ACCEPT_MOST,NO,DISABLED,REUSED,NO,NEVER,CLICK_IMMEDIATELY,YES_HELP,NEVER,95.0,82.0,96.0,85.0,87.5,85.0,92.0,95.0,97.5,84.0,90.2,CRITICAL,40.2,50.0
SYNTH_USER_0477,CONSCIOUS,2026-07-19 06:55:14,PRIVATE,NO,NO,NO,HIDDEN,NO,NO,NO,NEVER_CHECKIN,NO,CUSTOM_LISTS,NEVER,VERIFY_FIRST,YES,APP_OR_HARDWARE,COMPLETELY_UNIQUE,YES,REGULARLY,VERIFY_OUT_OF_BAND,NEVER,REGULARLY,0.0,0.0,0.0,0.0,7.5,0.0,0.0,12.5,0.0,0.0,1.4,LOW,5.0,-3.6
SYNTH_USER_0478,HIGH_EXPOSURE,2026-10-02 17:35:14,PUBLIC,YES,NOT_SURE,YES,FULL_BIRTHDAY,CITY_ONLY,YES,YES,IMMEDIATELY,YES,PUBLIC,SOMETIMES,ACCEPT_MOST,NO,DISABLED,REUSED,NO,NEVER,CLICK_IMMEDIATELY,HESITATE,NEVER,95.0,74.0,96.0,85.0,87.5,85.0,92.0,95.0,87.5,84.0,88.0,CRITICAL,50.7,37.3
SYNTH_USER_0479,CONSCIOUS,2026-09-14 13:12:14,FRIENDS_ONLY,NO,NO,NO,DAY_MONTH_ONLY,NO,NO,NO,AFTER_LEAVING,NO,FRIENDS,NEVER,REJECT_UNKNOWN,YES,APP_OR_HARDWARE,COMPLETELY_UNIQUE,YES,REGULARLY,VERIFY_OUT_OF_BAND,NEVER,REGULARLY,5.0,8.0,2.0,7.5,7.5,5.0,0.0,12.5,0.0,0.0,4.4,LOW,5.0,-0.6
SYNTH_USER_0480,CONSCIOUS,2026-08-27 04:21:14,FRIENDS_ONLY,NO,NO,NO,DAY_MONTH_ONLY,NO,NO,NO,AFTER_LEAVING,NO,CUSTOM_LISTS,NEVER,REJECT_UNKNOWN,YES,APP_OR_HARDWARE,COMPLETELY_UNIQUE,YES,REGULARLY,VERIFY_OUT_OF_BAND,NEVER,REGULARLY,5.0,8.0,2.0,0.0,7.5,0.0,0.0,12.5,0.0,0.0,3.4,LOW,5.0,-1.6
SYNTH_USER_0481,HIGH_EXPOSURE,2026-09-28 01:48:14,PUBLIC,YES,YES,YES,FULL_BIRTHDAY,CITY_ONLY,YES,YES,IMMEDIATELY,YES,PUBLIC,SOMETIMES,ACCEPT_MOST,NO,DISABLED,REUSED,NO,NEVER,CLICK_IMMEDIATELY,YES_HELP,NEVER,95.0,82.0,96.0,85.0,87.5,85.0,92.0,95.0,97.5,84.0,90.2,CRITICAL,37.7,52.5
SYNTH_USER_0482,HIGH_EXPOSURE,2026-07-17 09:58:14,PUBLIC,YES,YES,YES,FULL_BIRTHDAY,YES,YES,YES,IMMEDIATELY,YES,PUBLIC,YES,ACCEPT_MOST,NO,DISABLED,REUSED,NO,NEVER,CLICK_IMMEDIATELY,HESITATE,NEVER,95.0,94.0,96.0,95.0,87.5,85.0,92.0,95.0,87.5,84.0,92.0,CRITICAL,36.2,55.8
SYNTH_USER_0483,CONSCIOUS,2026-07-31 08:43:14,PRIVATE,NO,NO,NO,DAY_MONTH_ONLY,NO,NO,NO,AFTER_LEAVING,NO,FRIENDS,NEVER,VERIFY_FIRST,YES,APP_OR_HARDWARE,COMPLETELY_UNIQUE,YES,REGULARLY,VERIFY_OUT_OF_BAND,NEVER,REGULARLY,0.0,8.0,2.0,7.5,15.0,7.5,0.0,12.5,0.0,0.0,4.8,LOW,5.0,-0.2
SYNTH_USER_0484,CONSCIOUS,2026-08-15 01:18:14,PRIVATE,NO,NO,NO,HIDDEN,NO,NO,NO,NEVER_CHECKIN,NO,CUSTOM_LISTS,NEVER,VERIFY_FIRST,YES,APP_OR_HARDWARE,COMPLETELY_UNIQUE,YES,REGULARLY,VERIFY_OUT_OF_BAND,NEVER,REGULARLY,10.0,0.0,0.0,0.0,7.5,0.0,0.0,12.5,0.0,0.0,2.4,LOW,5.0,-2.6
SYNTH_USER_0485,AVERAGE,2026-09-01 14:11:14,FRIENDS_OF_FRIENDS,NO,NO,YES,FULL_BIRTHDAY,NO,SOMETIMES,NO,IMMEDIATELY,NO,FRIENDS,NEVER,SOMETIMES,NOT_SURE,APP_OR_HARDWARE,COMPLETELY_UNIQUE,YES,RARELY,VERIFY_OUT_OF_BAND,NEVER,NEVER,45.0,46.0,48.0,17.5,67.5,52.5,24.0,72.5,15.0,54.0,41.1,HIGH,25.9,15.2
SYNTH_USER_0486,CONSCIOUS,2026-07-12 21:17:14,PRIVATE,NO,NO,NO,DAY_MONTH_ONLY,NO,NO,NO,NEVER_CHECKIN,NO,FRIENDS,NEVER,REJECT_UNKNOWN,YES,APP_OR_HARDWARE,COMPLETELY_UNIQUE,YES,REGULARLY,VERIFY_OUT_OF_BAND,NEVER,REGULARLY,0.0,8.0,0.0,7.5,7.5,0.0,0.0,12.5,0.0,0.0,3.3,LOW,5.0,-1.7
SYNTH_USER_0487,AVERAGE,2026-09-09 19:37:14,PUBLIC,NO,NO,YES,FULL_BIRTHDAY,CITY_ONLY,SOMETIMES,NO,SOMETIMES_LATER,NO,PUBLIC,SOMETIMES,SOMETIMES,NO,DISABLED,REUSED,YES,RARELY,INSPECT_URL,NEVER,RARELY,70.0,54.0,38.0,40.0,55.0,62.5,66.0,60.0,12.5,60.0,50.6,HIGH,24.9,25.7
SYNTH_USER_0488,HIGH_EXPOSURE,2026-07-31 08:51:14,PUBLIC,YES,YES,YES,FULL_BIRTHDAY,YES,YES,YES,IMMEDIATELY,YES,PUBLIC,YES,ACCEPT_MOST,NO,DISABLED,REUSED,NO,NEVER,CLICK_IMMEDIATELY,YES_HELP,NEVER,95.0,94.0,96.0,95.0,87.5,85.0,92.0,95.0,97.5,84.0,93.0,CRITICAL,35.0,58.0
SYNTH_USER_0489,AVERAGE,2026-08-29 08:02:14,FRIENDS_ONLY,YES,NO,NO,FULL_BIRTHDAY,CITY_ONLY,SOMETIMES,SOMETIMES,SOMETIMES_LATER,SOMETIMES,FRIENDS,SOMETIMES,SOMETIMES,NOT_SURE,DISABLED,SLIGHT_VARIATION,YES,RARELY,VERIFY_OUT_OF_BAND,HESITATE,RARELY,47.5,36.0,46.0,35.0,55.0,60.0,56.0,62.5,42.5,54.0,47.5,HIGH,20.1,27.4
SYNTH_USER_0490,HIGH_EXPOSURE,2026-08-17 23:40:14,PUBLIC,YES,NOT_SURE,YES,FULL_BIRTHDAY,CITY_ONLY,YES,YES,IMMEDIATELY,YES,PUBLIC,YES,ACCEPT_MOST,NO,DISABLED,REUSED,NO,NEVER,CLICK_IMMEDIATELY,HESITATE,NEVER,95.0,74.0,96.0,95.0,87.5,85.0,92.0,95.0,87.5,84.0,89.0,CRITICAL,32.3,56.7
SYNTH_USER_0491,CONSCIOUS,2026-08-13 03:28:14,PRIVATE,NO,NO,NO,HIDDEN,NO,NO,NO,AFTER_LEAVING,NO,FRIENDS,NEVER,REJECT_UNKNOWN,YES,APP_OR_HARDWARE,COMPLETELY_UNIQUE,YES,REGULARLY,VERIFY_OUT_OF_BAND,NEVER,REGULARLY,0.0,0.0,2.0,7.5,0.0,12.5,0.0,12.5,0.0,0.0,2.3,LOW,5.0,-2.7
SYNTH_USER_0492,CONSCIOUS,2026-09-28 21:58:14,FRIENDS_ONLY,NO,NO,NO,DAY_MONTH_ONLY,NO,NO,NO,AFTER_LEAVING,NO,FRIENDS,NEVER,VERIFY_FIRST,YES,APP_OR_HARDWARE,COMPLETELY_UNIQUE,YES,REGULARLY,VERIFY_OUT_OF_BAND,NEVER,REGULARLY,5.0,8.0,2.0,7.5,7.5,0.0,0.0,12.5,0.0,0.0,4.1,LOW,5.0,-0.9
SYNTH_USER_0493,HIGH_EXPOSURE,2026-10-04 06:23:14,PUBLIC,YES,NOT_SURE,YES,FULL_BIRTHDAY,CITY_ONLY,YES,YES,IMMEDIATELY,YES,PUBLIC,SOMETIMES,ACCEPT_MOST,NO,DISABLED,REUSED,NO,NEVER,CLICK_IMMEDIATELY,HESITATE,NEVER,95.0,74.0,96.0,85.0,87.5,85.0,92.0,95.0,87.5,84.0,88.0,CRITICAL,41.0,47.0
SYNTH_USER_0494,AVERAGE,2026-08-27 03:24:14,FRIENDS_ONLY,NO,NOT_SURE,NO,FULL_BIRTHDAY,NO,SOMETIMES,NO,IMMEDIATELY,NO,FRIENDS,NEVER,VERIFY_FIRST,YES,APP_OR_HARDWARE,REUSED,NOT_SURE,NEVER,VERIFY_OUT_OF_BAND,HESITATE,RARELY,37.5,40.0,32.0,30.0,60.0,47.5,54.0,72.5,27.5,60.0,43.4,HIGH,20.1,23.3
SYNTH_USER_0495,AVERAGE,2026-09-30 05:42:14,FRIENDS_ONLY,YES,NOT_SURE,NO,FULL_BIRTHDAY,CITY_ONLY,NO,NO,SOMETIMES_LATER,SOMETIMES,FRIENDS,NEVER,SOMETIMES,YES,DISABLED,REUSED,NOT_SURE,RARELY,INSPECT_URL,HESITATE,NEVER,60.0,40.0,50.0,7.5,67.5,40.0,76.0,60.0,42.5,62.0,50.8,HIGH,18.4,32.4
SYNTH_USER_0496,CONSCIOUS,2026-07-26 12:14:14,PRIVATE,NO,NO,NO,HIDDEN,NO,NO,NO,NEVER_CHECKIN,NO,FRIENDS,NEVER,VERIFY_FIRST,YES,APP_OR_HARDWARE,COMPLETELY_UNIQUE,YES,REGULARLY,VERIFY_OUT_OF_BAND,NEVER,REGULARLY,0.0,0.0,0.0,7.5,15.0,0.0,0.0,12.5,0.0,0.0,2.9,LOW,5.0,-2.1
SYNTH_USER_0497,AVERAGE,2026-09-12 21:59:14,PUBLIC,NOT_SURE,YES,NO,DAY_MONTH_ONLY,CITY_ONLY,NO,NO,SOMETIMES_LATER,SOMETIMES,PUBLIC,SOMETIMES,SOMETIMES,NO,APP_OR_HARDWARE,COMPLETELY_UNIQUE,YES,RARELY,VERIFY_OUT_OF_BAND,NEVER,NEVER,70.0,36.0,50.0,52.5,55.0,57.5,26.0,37.5,12.5,68.0,43.9,HIGH,21.1,22.8
SYNTH_USER_0498,CONSCIOUS,2026-08-16 23:04:14,PRIVATE,NO,NO,NO,DAY_MONTH_ONLY,NO,NO,NO,NEVER_CHECKIN,NO,FRIENDS,NEVER,VERIFY_FIRST,YES,APP_OR_HARDWARE,COMPLETELY_UNIQUE,YES,REGULARLY,VERIFY_OUT_OF_BAND,NEVER,REGULARLY,0.0,8.0,0.0,7.5,7.5,7.5,0.0,12.5,0.0,0.0,3.7,LOW,5.0,-1.3
SYNTH_USER_0499,AVERAGE,2026-08-09 01:48:14,FRIENDS_ONLY,YES,YES,YES,DAY_MONTH_ONLY,CITY_ONLY,SOMETIMES,NO,SOMETIMES_LATER,NO,FRIENDS,SOMETIMES,VERIFY_FIRST,NOT_SURE,DISABLED,REUSED,NOT_SURE,RARELY,VERIFY_OUT_OF_BAND,HESITATE,RARELY,62.5,62.0,28.0,22.5,60.0,55.0,76.0,37.5,42.5,54.0,51.0,HIGH,25.9,25.1
SYNTH_USER_0500,AVERAGE,2026-08-07 07:32:14,FRIENDS_OF_FRIENDS,YES,NOT_SURE,YES,DAY_MONTH_ONLY,CITY_ONLY,SOMETIMES,SOMETIMES,SOMETIMES_LATER,SOMETIMES,FRIENDS,SOMETIMES,SOMETIMES,NOT_SURE,APP_OR_HARDWARE,REUSED,NOT_SURE,RARELY,VERIFY_OUT_OF_BAND,HESITATE,RARELY,82.5,54.0,52.0,45.0,45.0,40.0,46.0,60.0,27.5,54.0,50.5,HIGH,30.5,20.0
SYNTH_USER_0501,AVERAGE,2026-09-26 16:07:14,FRIENDS_OF_FRIENDS,YES,NO,NO,DAY_MONTH_ONLY,CITY_ONLY,SOMETIMES,SOMETIMES,IMMEDIATELY,SOMETIMES,FRIENDS,NEVER,VERIFY_FIRST,YES,SMS_ONLY,SLIGHT_VARIATION,NOT_SURE,RARELY,VERIFY_OUT_OF_BAND,NEVER,NEVER,70.0,24.0,72.0,7.5,70.0,40.0,54.0,60.0,15.0,62.0,46.9,HIGH,22.5,24.4
SYNTH_USER_0502,HIGH_EXPOSURE,2026-08-06 01:55:14,PUBLIC,YES,YES,YES,FULL_BIRTHDAY,CITY_ONLY,YES,YES,IMMEDIATELY,YES,PUBLIC,SOMETIMES,ACCEPT_MOST,NO,DISABLED,REUSED,NO,NEVER,CLICK_IMMEDIATELY,YES_HELP,NEVER,95.0,82.0,96.0,85.0,87.5,85.0,92.0,95.0,97.5,84.0,90.2,CRITICAL,35.4,54.8
SYNTH_USER_0503,AVERAGE,2026-09-03 23:18:14,FRIENDS_OF_FRIENDS,NO,NO,YES,DAY_MONTH_ONLY,NO,SOMETIMES,SOMETIMES,SOMETIMES_LATER,SOMETIMES,PUBLIC,NEVER,VERIFY_FIRST,YES,SMS_ONLY,REUSED,NOT_SURE,RARELY,VERIFY_OUT_OF_BAND,HESITATE,NEVER,30.0,34.0,52.0,25.0,60.0,40.0,72.0,50.0,42.5,76.0,47.7,HIGH,28.1,19.6
SYNTH_USER_0504,AVERAGE,2026-09-08 14:44:14,FRIENDS_OF_FRIENDS,NOT_SURE,NOT_SURE,YES,DAY_MONTH_ONLY,CITY_ONLY,SOMETIMES,NO,IMMEDIATELY,NO,PUBLIC,SOMETIMES,VERIFY_FIRST,NO,SMS_ONLY,REUSED,YES,NEVER,INSPECT_URL,HESITATE,NEVER,60.0,54.0,32.0,50.0,47.5,77.5,44.0,75.0,40.0,62.0,50.0,HIGH,31.4,18.6
SYNTH_USER_0505,AVERAGE,2026-08-31 16:05:14,FRIENDS_OF_FRIENDS,NO,NOT_SURE,YES,FULL_BIRTHDAY,CITY_ONLY,NO,SOMETIMES,SOMETIMES_LATER,SOMETIMES,FRIENDS,NEVER,VERIFY_FIRST,NO,SMS_ONLY,REUSED,NOT_SURE,NEVER,VERIFY_OUT_OF_BAND,HESITATE,NEVER,30.0,58.0,52.0,7.5,60.0,62.5,62.0,72.5,42.5,68.0,49.9,HIGH,23.5,26.4
SYNTH_USER_0506,AVERAGE,2026-07-12 05:44:14,PUBLIC,YES,NOT_SURE,NO,FULL_BIRTHDAY,NO,NO,SOMETIMES,IMMEDIATELY,NO,PUBLIC,SOMETIMES,VERIFY_FIRST,NO,APP_OR_HARDWARE,REUSED,NOT_SURE,RARELY,INSPECT_URL,HESITATE,NEVER,80.0,32.0,60.0,52.5,47.5,62.5,56.0,60.0,27.5,60.0,52.1,HIGH,23.4,28.7
SYNTH_USER_0507,HIGH_EXPOSURE,2026-09-07 14:56:14,PUBLIC,YES,YES,YES,FULL_BIRTHDAY,YES,YES,YES,IMMEDIATELY,YES,PUBLIC,YES,ACCEPT_MOST,NO,DISABLED,REUSED,NO,NEVER,CLICK_IMMEDIATELY,HESITATE,NEVER,95.0,94.0,96.0,95.0,87.5,85.0,92.0,95.0,87.5,84.0,92.0,CRITICAL,54.9,37.1
SYNTH_USER_0508,AVERAGE,2026-08-19 09:59:14,FRIENDS_ONLY,NO,NO,NO,FULL_BIRTHDAY,NO,SOMETIMES,SOMETIMES,IMMEDIATELY,SOMETIMES,FRIENDS,NEVER,VERIFY_FIRST,YES,DISABLED,COMPLETELY_UNIQUE,NOT_SURE,RARELY,INSPECT_URL,HESITATE,RARELY,37.5,28.0,56.0,17.5,70.0,60.0,56.0,62.5,55.0,54.0,47.8,HIGH,20.8,27.0
SYNTH_USER_0509,AVERAGE,2026-07-31 00:41:14,FRIENDS_ONLY,YES,NO,YES,DAY_MONTH_ONLY,NO,SOMETIMES,NO,SOMETIMES_LATER,NO,PUBLIC,SOMETIMES,VERIFY_FIRST,YES,SMS_ONLY,REUSED,YES,RARELY,INSPECT_URL,NEVER,RARELY,47.5,34.0,38.0,50.0,60.0,47.5,54.0,47.5,27.5,60.0,45.1,HIGH,28.1,17.0
SYNTH_USER_0510,HIGH_EXPOSURE,2026-09-07 03:51:14,PUBLIC,YES,NOT_SURE,YES,FULL_BIRTHDAY,CITY_ONLY,YES,YES,IMMEDIATELY,YES,PUBLIC,SOMETIMES,ACCEPT_MOST,NO,DISABLED,REUSED,NO,NEVER,CLICK_IMMEDIATELY,HESITATE,NEVER,95.0,74.0,96.0,85.0,87.5,85.0,92.0,95.0,87.5,84.0,88.0,CRITICAL,30.9,57.1
SYNTH_USER_0511,CONSCIOUS,2026-08-18 12:05:14,PRIVATE,NO,NO,NO,HIDDEN,NO,NO,NO,AFTER_LEAVING,NO,CUSTOM_LISTS,NEVER,VERIFY_FIRST,YES,APP_OR_HARDWARE,COMPLETELY_UNIQUE,YES,REGULARLY,VERIFY_OUT_OF_BAND,NEVER,REGULARLY,0.0,0.0,2.0,0.0,7.5,0.0,0.0,12.5,0.0,0.0,1.7,LOW,5.0,-3.3
SYNTH_USER_0512,AVERAGE,2026-08-08 02:40:14,PUBLIC,YES,YES,NO,FULL_BIRTHDAY,CITY_ONLY,NO,NO,IMMEDIATELY,SOMETIMES,FRIENDS,NEVER,SOMETIMES,NOT_SURE,SMS_ONLY,REUSED,NOT_SURE,NEVER,INSPECT_URL,HESITATE,RARELY,67.5,48.0,60.0,30.0,55.0,60.0,72.0,50.0,27.5,54.0,53.2,HIGH,23.9,29.3
SYNTH_USER_0513,CONSCIOUS,2026-08-12 21:13:14,PRIVATE,NO,NO,NO,HIDDEN,NO,NO,NO,NEVER_CHECKIN,NO,CUSTOM_LISTS,NEVER,VERIFY_FIRST,YES,APP_OR_HARDWARE,COMPLETELY_UNIQUE,YES,REGULARLY,VERIFY_OUT_OF_BAND,NEVER,REGULARLY,10.0,0.0,0.0,0.0,7.5,12.5,0.0,12.5,0.0,0.0,3.0,LOW,5.0,-2.0
SYNTH_USER_0514,AVERAGE,2026-09-25 08:09:14,FRIENDS_ONLY,NOT_SURE,NO,NO,DAY_MONTH_ONLY,CITY_ONLY,NO,SOMETIMES,SOMETIMES_LATER,NO,FRIENDS,SOMETIMES,SOMETIMES,NO,APP_OR_HARDWARE,SLIGHT_VARIATION,NOT_SURE,NEVER,VERIFY_OUT_OF_BAND,NEVER,NEVER,65.0,16.0,34.0,22.5,67.5,65.0,38.0,62.5,12.5,70.0,39.8,MODERATE,15.9,23.9
SYNTH_USER_0515,HIGH_EXPOSURE,2026-09-27 22:51:14,PUBLIC,YES,YES,YES,FULL_BIRTHDAY,YES,YES,YES,IMMEDIATELY,YES,PUBLIC,SOMETIMES,ACCEPT_MOST,NO,DISABLED,REUSED,NO,NEVER,CLICK_IMMEDIATELY,HESITATE,NEVER,95.0,94.0,96.0,85.0,87.5,85.0,92.0,95.0,87.5,84.0,91.0,CRITICAL,42.4,48.6
SYNTH_USER_0516,HIGH_EXPOSURE,2026-07-10 09:38:14,PUBLIC,YES,YES,YES,FULL_BIRTHDAY,CITY_ONLY,YES,YES,IMMEDIATELY,YES,PUBLIC,YES,ACCEPT_MOST,NO,DISABLED,REUSED,NO,NEVER,CLICK_IMMEDIATELY,YES_HELP,NEVER,95.0,82.0,96.0,95.0,87.5,85.0,92.0,95.0,97.5,84.0,91.2,CRITICAL,47.5,43.7
SYNTH_USER_0517,AVERAGE,2026-09-13 07:17:14,FRIENDS_OF_FRIENDS,YES,NOT_SURE,NO,DAY_MONTH_ONLY,CITY_ONLY,SOMETIMES,SOMETIMES,IMMEDIATELY,NO,PUBLIC,NEVER,VERIFY_FIRST,NO,DISABLED,SLIGHT_VARIATION,YES,NEVER,VERIFY_OUT_OF_BAND,NEVER,RARELY,70.0,36.0,44.0,35.0,47.5,65.0,66.0,50.0,15.0,62.0,47.5,HIGH,29.0,18.5
SYNTH_USER_0518,HIGH_EXPOSURE,2026-08-16 14:50:14,PUBLIC,YES,NOT_SURE,YES,FULL_BIRTHDAY,YES,YES,YES,IMMEDIATELY,YES,PUBLIC,YES,ACCEPT_MOST,NO,DISABLED,REUSED,NO,NEVER,CLICK_IMMEDIATELY,HESITATE,NEVER,95.0,86.0,96.0,95.0,87.5,85.0,92.0,95.0,87.5,84.0,90.8,CRITICAL,52.7,38.1
SYNTH_USER_0519,AVERAGE,2026-09-11 20:15:14,FRIENDS_ONLY,NOT_SURE,NOT_SURE,YES,DAY_MONTH_ONLY,NO,NO,SOMETIMES,IMMEDIATELY,SOMETIMES,PUBLIC,NEVER,SOMETIMES,NO,DISABLED,REUSED,YES,RARELY,INSPECT_URL,HESITATE,RARELY,65.0,38.0,62.0,37.5,45.0,65.0,56.0,60.0,40.0,52.0,51.0,HIGH,17.9,33.1
SYNTH_USER_0520,HIGH_EXPOSURE,2026-09-24 09:03:14,PUBLIC,YES,YES,YES,FULL_BIRTHDAY,CITY_ONLY,YES,YES,IMMEDIATELY,YES,PUBLIC,YES,ACCEPT_MOST,NO,DISABLED,REUSED,NO,NEVER,CLICK_IMMEDIATELY,YES_HELP,NEVER,95.0,82.0,96.0,95.0,87.5,85.0,92.0,95.0,97.5,84.0,91.2,CRITICAL,43.7,47.5
SYNTH_USER_0521,CONSCIOUS,2026-08-09 08:17:14,PRIVATE,NO,NO,NO,DAY_MONTH_ONLY,NO,NO,NO,NEVER_CHECKIN,NO,CUSTOM_LISTS,NEVER,REJECT_UNKNOWN,YES,APP_OR_HARDWARE,COMPLETELY_UNIQUE,YES,REGULARLY,VERIFY_OUT_OF_BAND,NEVER,REGULARLY,0.0,8.0,0.0,0.0,0.0,12.5,0.0,12.5,0.0,0.0,2.5,LOW,5.0,-2.5
SYNTH_USER_0522,AVERAGE,2026-10-01 08:54:14,PUBLIC,YES,YES,NO,DAY_MONTH_ONLY,CITY_ONLY,SOMETIMES,SOMETIMES,SOMETIMES_LATER,SOMETIMES,PUBLIC,NEVER,VERIFY_FIRST,YES,SMS_ONLY,REUSED,YES,RARELY,VERIFY_OUT_OF_BAND,NEVER,RARELY,82.5,44.0,56.0,47.5,37.5,25.0,44.0,47.5,0.0,60.0,45.0,HIGH,18.3,26.7
SYNTH_USER_0523,AVERAGE,2026-09-16 04:20:14,FRIENDS_OF_FRIENDS,YES,NO,YES,FULL_BIRTHDAY,CITY_ONLY,SOMETIMES,SOMETIMES,IMMEDIATELY,NO,PUBLIC,NEVER,VERIFY_FIRST,NOT_SURE,DISABLED,COMPLETELY_UNIQUE,YES,NEVER,INSPECT_URL,NEVER,RARELY,70.0,54.0,60.0,35.0,47.5,47.5,36.0,72.5,25.0,60.0,49.2,HIGH,20.5,28.7
SYNTH_USER_0524,HIGH_EXPOSURE,2026-08-11 09:12:14,PUBLIC,YES,YES,YES,FULL_BIRTHDAY,CITY_ONLY,YES,YES,IMMEDIATELY,YES,PUBLIC,SOMETIMES,ACCEPT_MOST,NO,DISABLED,REUSED,NO,NEVER,CLICK_IMMEDIATELY,HESITATE,NEVER,95.0,82.0,96.0,85.0,87.5,85.0,92.0,95.0,87.5,84.0,89.2,CRITICAL,49.7,39.5
SYNTH_USER_0525,HIGH_EXPOSURE,2026-08-12 20:30:14,PUBLIC,YES,NOT_SURE,YES,FULL_BIRTHDAY,YES,YES,YES,IMMEDIATELY,YES,PUBLIC,YES,ACCEPT_MOST,NO,DISABLED,REUSED,NO,NEVER,CLICK_IMMEDIATELY,YES_HELP,NEVER,95.0,86.0,96.0,95.0,87.5,85.0,92.0,95.0,97.5,84.0,91.8,CRITICAL,38.8,53.0
SYNTH_USER_0526,CONSCIOUS,2026-07-30 15:25:14,FRIENDS_ONLY,NO,NO,NO,DAY_MONTH_ONLY,NO,NO,NO,AFTER_LEAVING,NO,FRIENDS,NEVER,REJECT_UNKNOWN,YES,APP_OR_HARDWARE,COMPLETELY_UNIQUE,YES,REGULARLY,VERIFY_OUT_OF_BAND,NEVER,REGULARLY,5.0,8.0,2.0,7.5,0.0,5.0,0.0,12.5,0.0,0.0,3.6,LOW,5.0,-1.4
SYNTH_USER_0527,AVERAGE,2026-09-21 00:46:14,FRIENDS_OF_FRIENDS,YES,YES,YES,FULL_BIRTHDAY,CITY_ONLY,NO,NO,SOMETIMES_LATER,SOMETIMES,FRIENDS,NEVER,VERIFY_FIRST,YES,APP_OR_HARDWARE,SLIGHT_VARIATION,YES,NEVER,INSPECT_URL,NEVER,RARELY,67.5,66.0,34.0,20.0,60.0,37.5,28.0,72.5,40.0,54.0,46.2,HIGH,19.7,26.5
SYNTH_USER_0528,HIGH_EXPOSURE,2026-09-23 14:44:14,PUBLIC,YES,NOT_SURE,YES,FULL_BIRTHDAY,YES,YES,YES,IMMEDIATELY,YES,PUBLIC,YES,ACCEPT_MOST,NO,DISABLED,REUSED,NO,NEVER,CLICK_IMMEDIATELY,HESITATE,NEVER,95.0,86.0,96.0,95.0,87.5,85.0,92.0,95.0,87.5,84.0,90.8,CRITICAL,56.9,33.9
SYNTH_USER_0529,HIGH_EXPOSURE,2026-09-30 10:25:14,PUBLIC,YES,YES,YES,FULL_BIRTHDAY,YES,YES,YES,IMMEDIATELY,YES,PUBLIC,SOMETIMES,ACCEPT_MOST,NO,DISABLED,REUSED,NO,NEVER,CLICK_IMMEDIATELY,HESITATE,NEVER,95.0,94.0,96.0,85.0,87.5,85.0,92.0,95.0,87.5,84.0,91.0,CRITICAL,46.6,44.4
SYNTH_USER_0530,CONSCIOUS,2026-08-20 23:27:14,PRIVATE,NO,NO,NO,HIDDEN,NO,NO,NO,NEVER_CHECKIN,NO,FRIENDS,NEVER,VERIFY_FIRST,YES,APP_OR_HARDWARE,COMPLETELY_UNIQUE,YES,REGULARLY,VERIFY_OUT_OF_BAND,NEVER,REGULARLY,10.0,0.0,0.0,7.5,15.0,5.0,0.0,12.5,0.0,0.0,4.1,LOW,5.0,-0.9
SYNTH_USER_0531,AVERAGE,2026-07-27 17:43:14,FRIENDS_ONLY,NOT_SURE,YES,NO,FULL_BIRTHDAY,CITY_ONLY,SOMETIMES,SOMETIMES,SOMETIMES_LATER,SOMETIMES,PUBLIC,SOMETIMES,VERIFY_FIRST,YES,APP_OR_HARDWARE,COMPLETELY_UNIQUE,YES,RARELY,VERIFY_OUT_OF_BAND,NEVER,NEVER,65.0,56.0,56.0,50.0,47.5,37.5,24.0,62.5,27.5,62.0,47.5,HIGH,17.8,29.7
SYNTH_USER_0532,CONSCIOUS,2026-08-30 17:18:14,FRIENDS_ONLY,NO,NO,NO,DAY_MONTH_ONLY,NO,NO,NO,AFTER_LEAVING,NO,CUSTOM_LISTS,NEVER,REJECT_UNKNOWN,YES,APP_OR_HARDWARE,COMPLETELY_UNIQUE,YES,REGULARLY,VERIFY_OUT_OF_BAND,NEVER,REGULARLY,5.0,8.0,2.0,0.0,0.0,12.5,0.0,12.5,0.0,0.0,3.2,LOW,5.0,-1.8
SYNTH_USER_0533,HIGH_EXPOSURE,2026-07-09 18:04:14,PUBLIC,YES,NOT_SURE,YES,FULL_BIRTHDAY,CITY_ONLY,YES,YES,IMMEDIATELY,YES,PUBLIC,SOMETIMES,ACCEPT_MOST,NO,DISABLED,REUSED,NO,NEVER,CLICK_IMMEDIATELY,HESITATE,NEVER,95.0,74.0,96.0,85.0,87.5,85.0,92.0,95.0,87.5,84.0,88.0,CRITICAL,46.8,41.2
SYNTH_USER_0534,AVERAGE,2026-08-11 21:40:14,FRIENDS_ONLY,YES,YES,NO,DAY_MONTH_ONLY,CITY_ONLY,SOMETIMES,NO,IMMEDIATELY,SOMETIMES,PUBLIC,SOMETIMES,SOMETIMES,YES,DISABLED,COMPLETELY_UNIQUE,NOT_SURE,NEVER,INSPECT_URL,HESITATE,RARELY,75.0,44.0,54.0,62.5,57.5,32.5,46.0,75.0,40.0,68.0,53.9,HIGH,21.5,32.4
SYNTH_USER_0535,CONSCIOUS,2026-09-06 15:07:14,FRIENDS_ONLY,NO,NO,NO,DAY_MONTH_ONLY,NO,NO,NO,AFTER_LEAVING,NO,FRIENDS,NEVER,REJECT_UNKNOWN,YES,APP_OR_HARDWARE,COMPLETELY_UNIQUE,YES,REGULARLY,VERIFY_OUT_OF_BAND,NEVER,REGULARLY,15.0,8.0,2.0,7.5,7.5,12.5,0.0,12.5,0.0,0.0,5.8,LOW,5.0,0.8
SYNTH_USER_0536,HIGH_EXPOSURE,2026-08-17 00:22:14,PUBLIC,YES,NOT_SURE,YES,FULL_BIRTHDAY,YES,YES,YES,IMMEDIATELY,YES,PUBLIC,YES,ACCEPT_MOST,NO,DISABLED,REUSED,NO,NEVER,CLICK_IMMEDIATELY,YES_HELP,NEVER,95.0,86.0,96.0,95.0,87.5,85.0,92.0,95.0,97.5,84.0,91.8,CRITICAL,59.4,32.4
SYNTH_USER_0537,CONSCIOUS,2026-07-16 15:50:14,PRIVATE,NO,NO,NO,HIDDEN,NO,NO,NO,AFTER_LEAVING,NO,FRIENDS,NEVER,VERIFY_FIRST,YES,APP_OR_HARDWARE,COMPLETELY_UNIQUE,YES,REGULARLY,VERIFY_OUT_OF_BAND,NEVER,REGULARLY,0.0,0.0,2.0,7.5,7.5,0.0,0.0,12.5,0.0,0.0,2.4,LOW,5.0,-2.6
SYNTH_USER_0538,HIGH_EXPOSURE,2026-09-10 01:08:14,PUBLIC,YES,NOT_SURE,YES,FULL_BIRTHDAY,YES,YES,YES,IMMEDIATELY,YES,PUBLIC,SOMETIMES,ACCEPT_MOST,NO,DISABLED,REUSED,NO,NEVER,CLICK_IMMEDIATELY,HESITATE,NEVER,95.0,86.0,96.0,85.0,87.5,85.0,92.0,95.0,87.5,84.0,89.8,CRITICAL,44.1,45.7
SYNTH_USER_0539,CONSCIOUS,2026-08-12 03:48:14,FRIENDS_ONLY,NO,NO,NO,HIDDEN,NO,NO,NO,AFTER_LEAVING,NO,CUSTOM_LISTS,NEVER,REJECT_UNKNOWN,YES,APP_OR_HARDWARE,COMPLETELY_UNIQUE,YES,REGULARLY,VERIFY_OUT_OF_BAND,NEVER,REGULARLY,15.0,0.0,2.0,0.0,0.0,7.5,0.0,12.5,0.0,0.0,2.8,LOW,5.0,-2.2
SYNTH_USER_0540,AVERAGE,2026-08-08 03:51:14,FRIENDS_ONLY,NOT_SURE,NO,YES,DAY_MONTH_ONLY,NO,NO,SOMETIMES,IMMEDIATELY,NO,PUBLIC,SOMETIMES,VERIFY_FIRST,YES,APP_OR_HARDWARE,COMPLETELY_UNIQUE,NOT_SURE,NEVER,VERIFY_OUT_OF_BAND,NEVER,NEVER,52.5,26.0,60.0,52.5,50.0,60.0,26.0,62.5,27.5,76.0,45.0,HIGH,27.6,17.4
SYNTH_USER_0541,AVERAGE,2026-07-10 08:44:14,PUBLIC,NO,NOT_SURE,NO,DAY_MONTH_ONLY,CITY_ONLY,SOMETIMES,NO,IMMEDIATELY,SOMETIMES,FRIENDS,SOMETIMES,VERIFY_FIRST,NO,SMS_ONLY,REUSED,YES,RARELY,VERIFY_OUT_OF_BAND,HESITATE,RARELY,57.5,36.0,50.0,45.0,60.0,57.5,52.0,60.0,27.5,68.0,49.0,HIGH,20.0,29.0
SYNTH_USER_0542,AVERAGE,2026-08-02 02:52:14,FRIENDS_OF_FRIENDS,YES,YES,NO,DAY_MONTH_ONLY,CITY_ONLY,NO,SOMETIMES,SOMETIMES_LATER,NO,FRIENDS,SOMETIMES,VERIFY_FIRST,NO,SMS_ONLY,COMPLETELY_UNIQUE,YES,RARELY,INSPECT_URL,HESITATE,RARELY,55.0,36.0,34.0,35.0,47.5,50.0,34.0,62.5,27.5,46.0,40.0,MODERATE,21.6,18.4
SYNTH_USER_0543,CONSCIOUS,2026-07-20 02:11:14,PRIVATE,NO,NO,NO,DAY_MONTH_ONLY,NO,NO,NO,NEVER_CHECKIN,NO,FRIENDS,NEVER,VERIFY_FIRST,YES,APP_OR_HARDWARE,COMPLETELY_UNIQUE,YES,REGULARLY,VERIFY_OUT_OF_BAND,NEVER,REGULARLY,10.0,8.0,0.0,7.5,15.0,0.0,0.0,12.5,0.0,0.0,5.1,LOW,5.0,0.1
SYNTH_USER_0544,HIGH_EXPOSURE,2026-07-11 05:45:14,PUBLIC,YES,YES,YES,FULL_BIRTHDAY,YES,YES,YES,IMMEDIATELY,YES,PUBLIC,YES,ACCEPT_MOST,NO,DISABLED,REUSED,NO,NEVER,CLICK_IMMEDIATELY,YES_HELP,NEVER,95.0,94.0,96.0,95.0,87.5,85.0,92.0,95.0,97.5,84.0,93.0,CRITICAL,55.4,37.6
SYNTH_USER_0545,AVERAGE,2026-08-18 22:05:14,FRIENDS_OF_FRIENDS,NOT_SURE,NO,YES,FULL_BIRTHDAY,NO,NO,NO,IMMEDIATELY,SOMETIMES,PUBLIC,NEVER,SOMETIMES,YES,SMS_ONLY,COMPLETELY_UNIQUE,NOT_SURE,NEVER,INSPECT_URL,NEVER,RARELY,72.5,38.0,44.0,25.0,57.5,25.0,44.0,85.0,40.0,46.0,46.2,HIGH,22.4,23.8
SYNTH_USER_0546,CONSCIOUS,2026-08-27 01:06:14,PRIVATE,NO,NO,NO,HIDDEN,NO,NO,NO,AFTER_LEAVING,NO,CUSTOM_LISTS,NEVER,VERIFY_FIRST,YES,APP_OR_HARDWARE,COMPLETELY_UNIQUE,YES,REGULARLY,VERIFY_OUT_OF_BAND,NEVER,REGULARLY,10.0,0.0,2.0,0.0,7.5,7.5,0.0,12.5,0.0,0.0,3.0,LOW,5.0,-2.0
SYNTH_USER_0547,HIGH_EXPOSURE,2026-07-09 12:51:14,PUBLIC,YES,YES,YES,FULL_BIRTHDAY,YES,YES,YES,IMMEDIATELY,YES,PUBLIC,YES,ACCEPT_MOST,NO,DISABLED,REUSED,NO,NEVER,CLICK_IMMEDIATELY,YES_HELP,NEVER,95.0,94.0,96.0,95.0,87.5,85.0,92.0,95.0,97.5,84.0,93.0,CRITICAL,44.4,48.6
SYNTH_USER_0548,HIGH_EXPOSURE,2026-09-22 14:31:14,PUBLIC,YES,YES,YES,FULL_BIRTHDAY,YES,YES,YES,IMMEDIATELY,YES,PUBLIC,SOMETIMES,ACCEPT_MOST,NO,DISABLED,REUSED,NO,NEVER,CLICK_IMMEDIATELY,HESITATE,NEVER,95.0,94.0,96.0,85.0,87.5,85.0,92.0,95.0,87.5,84.0,91.0,CRITICAL,42.7,48.3
SYNTH_USER_0549,HIGH_EXPOSURE,2026-08-03 14:50:14,PUBLIC,YES,YES,YES,FULL_BIRTHDAY,CITY_ONLY,YES,YES,IMMEDIATELY,YES,PUBLIC,YES,ACCEPT_MOST,NO,DISABLED,REUSED,NO,NEVER,CLICK_IMMEDIATELY,HESITATE,NEVER,95.0,82.0,96.0,95.0,87.5,85.0,92.0,95.0,87.5,84.0,90.2,CRITICAL,33.5,56.7
SYNTH_USER_0550,HIGH_EXPOSURE,2026-09-11 04:50:14,PUBLIC,YES,NOT_SURE,YES,FULL_BIRTHDAY,CITY_ONLY,YES,YES,IMMEDIATELY,YES,PUBLIC,SOMETIMES,ACCEPT_MOST,NO,DISABLED,REUSED,NO,NEVER,CLICK_IMMEDIATELY,YES_HELP,NEVER,95.0,74.0,96.0,85.0,87.5,85.0,92.0,95.0,97.5,84.0,89.0,CRITICAL,53.0,36.0
SYNTH_USER_0551,AVERAGE,2026-09-22 10:15:14,PUBLIC,YES,YES,NO,DAY_MONTH_ONLY,NO,NO,SOMETIMES,SOMETIMES_LATER,SOMETIMES,FRIENDS,SOMETIMES,SOMETIMES,NO,APP_OR_HARDWARE,COMPLETELY_UNIQUE,NOT_SURE,NEVER,VERIFY_OUT_OF_BAND,HESITATE,RARELY,67.5,28.0,46.0,22.5,67.5,50.0,26.0,75.0,15.0,62.0,41.6,HIGH,19.6,22.0
SYNTH_USER_0552,AVERAGE,2026-09-30 07:37:14,FRIENDS_ONLY,YES,YES,YES,DAY_MONTH_ONLY,NO,SOMETIMES,NO,IMMEDIATELY,SOMETIMES,PUBLIC,NEVER,SOMETIMES,NO,DISABLED,REUSED,YES,RARELY,VERIFY_OUT_OF_BAND,NEVER,RARELY,47.5,54.0,60.0,35.0,45.0,70.0,56.0,72.5,12.5,54.0,49.3,HIGH,22.1,27.2
SYNTH_USER_0553,AVERAGE,2026-07-12 12:32:14,PUBLIC,NO,NOT_SURE,NO,FULL_BIRTHDAY,NO,SOMETIMES,SOMETIMES,IMMEDIATELY,NO,FRIENDS,NEVER,VERIFY_FIRST,NOT_SURE,SMS_ONLY,COMPLETELY_UNIQUE,YES,RARELY,INSPECT_URL,NEVER,NEVER,70.0,40.0,54.0,17.5,60.0,67.5,34.0,47.5,25.0,68.0,45.6,HIGH,24.5,21.1
SYNTH_USER_0554,HIGH_EXPOSURE,2026-09-11 01:17:14,PUBLIC,YES,NOT_SURE,YES,FULL_BIRTHDAY,YES,YES,YES,IMMEDIATELY,YES,PUBLIC,YES,ACCEPT_MOST,NO,DISABLED,REUSED,NO,NEVER,CLICK_IMMEDIATELY,YES_HELP,NEVER,95.0,86.0,96.0,95.0,87.5,85.0,92.0,95.0,97.5,84.0,91.8,CRITICAL,50.5,41.3
SYNTH_USER_0555,AVERAGE,2026-08-29 08:47:14,FRIENDS_OF_FRIENDS,NOT_SURE,NOT_SURE,NO,DAY_MONTH_ONLY,CITY_ONLY,SOMETIMES,NO,SOMETIMES_LATER,SOMETIMES,PUBLIC,NEVER,SOMETIMES,NOT_SURE,APP_OR_HARDWARE,REUSED,NOT_SURE,NEVER,VERIFY_OUT_OF_BAND,NEVER,NEVER,72.5,36.0,50.0,35.0,67.5,40.0,54.0,72.5,0.0,62.0,47.2,HIGH,26.8,20.4
SYNTH_USER_0556,AVERAGE,2026-09-30 21:47:14,FRIENDS_OF_FRIENDS,NOT_SURE,YES,YES,FULL_BIRTHDAY,CITY_ONLY,SOMETIMES,SOMETIMES,IMMEDIATELY,SOMETIMES,PUBLIC,SOMETIMES,VERIFY_FIRST,NOT_SURE,DISABLED,REUSED,YES,RARELY,INSPECT_URL,HESITATE,NEVER,60.0,74.0,62.0,62.5,37.5,67.5,56.0,62.5,55.0,62.0,59.9,HIGH,35.8,24.1
SYNTH_USER_0557,AVERAGE,2026-07-31 20:12:14,FRIENDS_ONLY,NO,NO,NO,DAY_MONTH_ONLY,NO,SOMETIMES,NO,IMMEDIATELY,NO,FRIENDS,SOMETIMES,VERIFY_FIRST,NOT_SURE,DISABLED,SLIGHT_VARIATION,NOT_SURE,RARELY,VERIFY_OUT_OF_BAND,HESITATE,RARELY,22.5,16.0,42.0,32.5,50.0,67.5,76.0,50.0,42.5,54.0,43.4,HIGH,16.5,26.9
SYNTH_USER_0558,HIGH_EXPOSURE,2026-10-03 07:07:14,PUBLIC,YES,NOT_SURE,YES,FULL_BIRTHDAY,YES,YES,YES,IMMEDIATELY,YES,PUBLIC,SOMETIMES,ACCEPT_MOST,NO,DISABLED,REUSED,NO,NEVER,CLICK_IMMEDIATELY,HESITATE,NEVER,95.0,86.0,96.0,85.0,87.5,85.0,92.0,95.0,87.5,84.0,89.8,CRITICAL,52.6,37.2
SYNTH_USER_0559,CONSCIOUS,2026-09-03 10:40:14,PRIVATE,NO,NO,NO,DAY_MONTH_ONLY,NO,NO,NO,AFTER_LEAVING,NO,FRIENDS,NEVER,REJECT_UNKNOWN,YES,APP_OR_HARDWARE,COMPLETELY_UNIQUE,YES,REGULARLY,VERIFY_OUT_OF_BAND,NEVER,REGULARLY,10.0,8.0,2.0,7.5,0.0,7.5,0.0,12.5,0.0,0.0,4.2,LOW,5.0,-0.8
SYNTH_USER_0560,AVERAGE,2026-09-14 08:56:14,FRIENDS_ONLY,NO,YES,NO,FULL_BIRTHDAY,NO,SOMETIMES,NO,IMMEDIATELY,SOMETIMES,PUBLIC,NEVER,SOMETIMES,NO,SMS_ONLY,REUSED,NOT_SURE,RARELY,INSPECT_URL,HESITATE,RARELY,22.5,48.0,44.0,35.0,45.0,85.0,72.0,60.0,55.0,70.0,51.1,HIGH,26.4,24.7
SYNTH_USER_0561,CONSCIOUS,2026-09-22 10:23:14,PRIVATE,NO,NO,NO,DAY_MONTH_ONLY,NO,NO,NO,AFTER_LEAVING,NO,FRIENDS,NEVER,REJECT_UNKNOWN,YES,APP_OR_HARDWARE,COMPLETELY_UNIQUE,YES,REGULARLY,VERIFY_OUT_OF_BAND,NEVER,REGULARLY,10.0,8.0,2.0,7.5,7.5,7.5,0.0,12.5,0.0,0.0,5.0,LOW,5.0,0.0
SYNTH_USER_0562,AVERAGE,2026-07-08 00:20:14,FRIENDS_OF_FRIENDS,NO,YES,YES,DAY_MONTH_ONLY,CITY_ONLY,NO,NO,IMMEDIATELY,NO,PUBLIC,NEVER,VERIFY_FIRST,NO,DISABLED,REUSED,NOT_SURE,NEVER,VERIFY_OUT_OF_BAND,NEVER,NEVER,45.0,54.0,48.0,47.5,70.0,50.0,74.0,85.0,27.5,68.0,55.5,HIGH,30.8,24.7
SYNTH_USER_0563,CONSCIOUS,2026-09-17 12:40:14,FRIENDS_ONLY,NO,NO,NO,DAY_MONTH_ONLY,NO,NO,NO,NEVER_CHECKIN,NO,FRIENDS,NEVER,REJECT_UNKNOWN,YES,APP_OR_HARDWARE,COMPLETELY_UNIQUE,YES,REGULARLY,VERIFY_OUT_OF_BAND,NEVER,REGULARLY,5.0,8.0,0.0,7.5,0.0,0.0,0.0,12.5,0.0,0.0,3.1,LOW,5.0,-1.9
SYNTH_USER_0564,AVERAGE,2026-09-09 15:14:14,PUBLIC,YES,NOT_SURE,YES,FULL_BIRTHDAY,CITY_ONLY,NO,NO,IMMEDIATELY,SOMETIMES,FRIENDS,SOMETIMES,VERIFY_FIRST,YES,SMS_ONLY,REUSED,YES,NEVER,VERIFY_OUT_OF_BAND,HESITATE,RARELY,82.5,58.0,60.0,45.0,47.5,32.5,44.0,62.5,27.5,62.0,52.4,HIGH,21.9,30.5
SYNTH_USER_0565,HIGH_EXPOSURE,2026-08-26 04:59:14,PUBLIC,YES,NOT_SURE,YES,FULL_BIRTHDAY,CITY_ONLY,YES,YES,IMMEDIATELY,YES,PUBLIC,YES,ACCEPT_MOST,NO,DISABLED,REUSED,NO,NEVER,CLICK_IMMEDIATELY,HESITATE,NEVER,95.0,74.0,96.0,95.0,87.5,85.0,92.0,95.0,87.5,84.0,89.0,CRITICAL,45.0,44.0
SYNTH_USER_0566,CONSCIOUS,2026-09-11 05:43:14,PRIVATE,NO,NO,NO,HIDDEN,NO,NO,NO,NEVER_CHECKIN,NO,FRIENDS,NEVER,VERIFY_FIRST,YES,APP_OR_HARDWARE,COMPLETELY_UNIQUE,YES,REGULARLY,VERIFY_OUT_OF_BAND,NEVER,REGULARLY,0.0,0.0,0.0,7.5,15.0,5.0,0.0,12.5,0.0,0.0,3.1,LOW,5.0,-1.9
SYNTH_USER_0567,HIGH_EXPOSURE,2026-09-12 10:00:14,PUBLIC,YES,YES,YES,FULL_BIRTHDAY,CITY_ONLY,YES,YES,IMMEDIATELY,YES,PUBLIC,SOMETIMES,ACCEPT_MOST,NO,DISABLED,REUSED,NO,NEVER,CLICK_IMMEDIATELY,YES_HELP,NEVER,95.0,82.0,96.0,85.0,87.5,85.0,92.0,95.0,97.5,84.0,90.2,CRITICAL,32.8,57.4
SYNTH_USER_0568,AVERAGE,2026-07-07 20:02:14,FRIENDS_OF_FRIENDS,NOT_SURE,NO,YES,FULL_BIRTHDAY,CITY_ONLY,NO,NO,IMMEDIATELY,SOMETIMES,PUBLIC,SOMETIMES,VERIFY_FIRST,YES,DISABLED,REUSED,NOT_SURE,RARELY,INSPECT_URL,NEVER,NEVER,60.0,46.0,50.0,62.5,60.0,25.0,74.0,60.0,25.0,62.0,53.6,HIGH,30.9,22.7
SYNTH_USER_0569,CONSCIOUS,2026-09-20 04:05:14,PRIVATE,NO,NO,NO,DAY_MONTH_ONLY,NO,NO,NO,AFTER_LEAVING,NO,CUSTOM_LISTS,NEVER,REJECT_UNKNOWN,YES,APP_OR_HARDWARE,COMPLETELY_UNIQUE,YES,REGULARLY,VERIFY_OUT_OF_BAND,NEVER,REGULARLY,0.0,8.0,2.0,0.0,0.0,7.5,0.0,12.5,0.0,0.0,2.5,LOW,5.0,-2.5
SYNTH_USER_0570,HIGH_EXPOSURE,2026-07-25 03:24:14,PUBLIC,YES,NOT_SURE,YES,FULL_BIRTHDAY,CITY_ONLY,YES,YES,IMMEDIATELY,YES,PUBLIC,SOMETIMES,ACCEPT_MOST,NO,DISABLED,REUSED,NO,NEVER,CLICK_IMMEDIATELY,HESITATE,NEVER,95.0,74.0,96.0,85.0,87.5,85.0,92.0,95.0,87.5,84.0,88.0,CRITICAL,53.6,34.4
SYNTH_USER_0571,AVERAGE,2026-09-12 04:18:14,FRIENDS_OF_FRIENDS,NO,YES,YES,FULL_BIRTHDAY,NO,NO,SOMETIMES,SOMETIMES_LATER,NO,FRIENDS,NEVER,SOMETIMES,NOT_SURE,SMS_ONLY,SLIGHT_VARIATION,NOT_SURE,RARELY,VERIFY_OUT_OF_BAND,NEVER,RARELY,30.0,58.0,44.0,30.0,45.0,67.5,54.0,62.5,15.0,60.0,44.9,HIGH,19.8,25.1
SYNTH_USER_0572,AVERAGE,2026-09-13 17:28:14,FRIENDS_ONLY,NO,NOT_SURE,NO,FULL_BIRTHDAY,NO,NO,NO,IMMEDIATELY,SOMETIMES,FRIENDS,SOMETIMES,SOMETIMES,YES,SMS_ONLY,SLIGHT_VARIATION,NOT_SURE,RARELY,INSPECT_URL,HESITATE,NEVER,35.0,32.0,54.0,22.5,45.0,37.5,46.0,50.0,40.0,68.0,41.8,HIGH,19.0,22.8
SYNTH_USER_0573,AVERAGE,2026-09-18 06:52:14,FRIENDS_ONLY,NO,NO,NO,FULL_BIRTHDAY,NO,NO,NO,IMMEDIATELY,NO,PUBLIC,NEVER,VERIFY_FIRST,NOT_SURE,SMS_ONLY,COMPLETELY_UNIQUE,YES,RARELY,INSPECT_URL,HESITATE,RARELY,37.5,20.0,38.0,47.5,50.0,40.0,24.0,50.0,42.5,54.0,37.2,MODERATE,14.8,22.4
SYNTH_USER_0574,HIGH_EXPOSURE,2026-09-19 14:19:14,PUBLIC,YES,YES,YES,FULL_BIRTHDAY,YES,YES,YES,IMMEDIATELY,YES,PUBLIC,SOMETIMES,ACCEPT_MOST,NO,DISABLED,REUSED,NO,NEVER,CLICK_IMMEDIATELY,HESITATE,NEVER,95.0,94.0,96.0,85.0,87.5,85.0,92.0,95.0,87.5,84.0,91.0,CRITICAL,49.8,41.2
SYNTH_USER_0575,AVERAGE,2026-10-05 21:47:14,FRIENDS_ONLY,NO,NO,YES,FULL_BIRTHDAY,CITY_ONLY,SOMETIMES,NO,IMMEDIATELY,NO,FRIENDS,NEVER,SOMETIMES,NO,APP_OR_HARDWARE,REUSED,NOT_SURE,RARELY,VERIFY_OUT_OF_BAND,HESITATE,NEVER,50.0,54.0,32.0,20.0,65.0,72.5,54.0,62.5,42.5,70.0,49.0,HIGH,20.3,28.7
SYNTH_USER_0576,AVERAGE,2026-09-18 13:40:14,FRIENDS_ONLY,NO,NO,NO,DAY_MONTH_ONLY,CITY_ONLY,NO,NO,SOMETIMES_LATER,SOMETIMES,PUBLIC,NEVER,VERIFY_FIRST,YES,APP_OR_HARDWARE,COMPLETELY_UNIQUE,NOT_SURE,RARELY,INSPECT_URL,NEVER,RARELY,50.0,16.0,44.0,25.0,60.0,52.5,36.0,47.5,25.0,62.0,38.5,MODERATE,24.5,14.0
SYNTH_USER_0577,HIGH_EXPOSURE,2026-09-06 20:20:14,PUBLIC,YES,YES,YES,FULL_BIRTHDAY,CITY_ONLY,YES,YES,IMMEDIATELY,YES,PUBLIC,YES,ACCEPT_MOST,NO,DISABLED,REUSED,NO,NEVER,CLICK_IMMEDIATELY,YES_HELP,NEVER,95.0,82.0,96.0,95.0,87.5,85.0,92.0,95.0,97.5,84.0,91.2,CRITICAL,40.2,51.0
SYNTH_USER_0578,HIGH_EXPOSURE,2026-09-05 13:52:14,PUBLIC,YES,YES,YES,FULL_BIRTHDAY,YES,YES,YES,IMMEDIATELY,YES,PUBLIC,YES,ACCEPT_MOST,NO,DISABLED,REUSED,NO,NEVER,CLICK_IMMEDIATELY,YES_HELP,NEVER,95.0,94.0,96.0,95.0,87.5,85.0,92.0,95.0,97.5,84.0,93.0,CRITICAL,48.6,44.4
SYNTH_USER_0579,AVERAGE,2026-09-04 08:35:14,FRIENDS_OF_FRIENDS,NOT_SURE,NOT_SURE,NO,DAY_MONTH_ONLY,CITY_ONLY,SOMETIMES,SOMETIMES,SOMETIMES_LATER,SOMETIMES,FRIENDS,SOMETIMES,SOMETIMES,NOT_SURE,SMS_ONLY,SLIGHT_VARIATION,YES,NEVER,INSPECT_URL,HESITATE,NEVER,72.5,36.0,52.0,45.0,57.5,52.5,36.0,75.0,42.5,70.0,50.2,HIGH,27.5,22.7
SYNTH_USER_0580,AVERAGE,2026-08-25 21:27:14,FRIENDS_OF_FRIENDS,NO,NOT_SURE,NO,DAY_MONTH_ONLY,CITY_ONLY,NO,SOMETIMES,IMMEDIATELY,SOMETIMES,FRIENDS,SOMETIMES,VERIFY_FIRST,YES,SMS_ONLY,COMPLETELY_UNIQUE,NOT_SURE,NEVER,INSPECT_URL,NEVER,NEVER,57.5,28.0,56.0,32.5,37.5,47.5,42.0,62.5,40.0,76.0,44.9,HIGH,23.0,21.9
SYNTH_USER_0581,HIGH_EXPOSURE,2026-07-26 11:48:14,PUBLIC,YES,YES,YES,FULL_BIRTHDAY,YES,YES,YES,IMMEDIATELY,YES,PUBLIC,SOMETIMES,ACCEPT_MOST,NO,DISABLED,REUSED,NO,NEVER,CLICK_IMMEDIATELY,YES_HELP,NEVER,95.0,94.0,96.0,85.0,87.5,85.0,92.0,95.0,97.5,84.0,92.0,CRITICAL,56.7,35.3
SYNTH_USER_0582,HIGH_EXPOSURE,2026-09-06 19:14:14,PUBLIC,YES,YES,YES,FULL_BIRTHDAY,CITY_ONLY,YES,YES,IMMEDIATELY,YES,PUBLIC,YES,ACCEPT_MOST,NO,DISABLED,REUSED,NO,NEVER,CLICK_IMMEDIATELY,HESITATE,NEVER,95.0,82.0,96.0,95.0,87.5,85.0,92.0,95.0,87.5,84.0,90.2,CRITICAL,48.2,42.0
SYNTH_USER_0583,AVERAGE,2026-07-20 16:32:14,PUBLIC,NOT_SURE,YES,NO,FULL_BIRTHDAY,NO,SOMETIMES,NO,SOMETIMES_LATER,SOMETIMES,PUBLIC,NEVER,SOMETIMES,NO,SMS_ONLY,COMPLETELY_UNIQUE,YES,NEVER,INSPECT_URL,NEVER,NEVER,72.5,48.0,50.0,25.0,57.5,62.5,42.0,72.5,12.5,70.0,48.0,HIGH,20.4,27.6
SYNTH_USER_0584,HIGH_EXPOSURE,2026-07-14 15:30:14,PUBLIC,YES,NOT_SURE,YES,FULL_BIRTHDAY,CITY_ONLY,YES,YES,IMMEDIATELY,YES,PUBLIC,YES,ACCEPT_MOST,NO,DISABLED,REUSED,NO,NEVER,CLICK_IMMEDIATELY,YES_HELP,NEVER,95.0,74.0,96.0,95.0,87.5,85.0,92.0,95.0,97.5,84.0,90.0,CRITICAL,32.7,57.3
SYNTH_USER_0585,HIGH_EXPOSURE,2026-08-29 04:53:14,PUBLIC,YES,YES,YES,FULL_BIRTHDAY,YES,YES,YES,IMMEDIATELY,YES,PUBLIC,YES,ACCEPT_MOST,NO,DISABLED,REUSED,NO,NEVER,CLICK_IMMEDIATELY,YES_HELP,NEVER,95.0,94.0,96.0,95.0,87.5,85.0,92.0,95.0,97.5,84.0,93.0,CRITICAL,55.0,38.0
SYNTH_USER_0586,CONSCIOUS,2026-09-30 23:07:14,PRIVATE,NO,NO,NO,DAY_MONTH_ONLY,NO,NO,NO,NEVER_CHECKIN,NO,FRIENDS,NEVER,REJECT_UNKNOWN,YES,APP_OR_HARDWARE,COMPLETELY_UNIQUE,YES,REGULARLY,VERIFY_OUT_OF_BAND,NEVER,REGULARLY,0.0,8.0,0.0,7.5,7.5,12.5,0.0,12.5,0.0,0.0,4.0,LOW,5.0,-1.0
SYNTH_USER_0587,CONSCIOUS,2026-08-07 13:08:14,FRIENDS_ONLY,NO,NO,NO,HIDDEN,NO,NO,NO,AFTER_LEAVING,NO,CUSTOM_LISTS,NEVER,VERIFY_FIRST,YES,APP_OR_HARDWARE,COMPLETELY_UNIQUE,YES,REGULARLY,VERIFY_OUT_OF_BAND,NEVER,REGULARLY,15.0,0.0,2.0,0.0,15.0,7.5,0.0,12.5,0.0,0.0,4.3,LOW,5.0,-0.7
SYNTH_USER_0588,HIGH_EXPOSURE,2026-09-12 20:10:14,PUBLIC,YES,NOT_SURE,YES,FULL_BIRTHDAY,YES,YES,YES,IMMEDIATELY,YES,PUBLIC,YES,ACCEPT_MOST,NO,DISABLED,REUSED,NO,NEVER,CLICK_IMMEDIATELY,HESITATE,NEVER,95.0,86.0,96.0,95.0,87.5,85.0,92.0,95.0,87.5,84.0,90.8,CRITICAL,41.6,49.2
SYNTH_USER_0589,AVERAGE,2026-08-19 08:16:14,FRIENDS_OF_FRIENDS,NOT_SURE,NO,NO,FULL_BIRTHDAY,CITY_ONLY,NO,NO,IMMEDIATELY,NO,FRIENDS,SOMETIMES,SOMETIMES,YES,DISABLED,REUSED,YES,NEVER,INSPECT_URL,NEVER,RARELY,72.5,28.0,38.0,45.0,55.0,40.0,66.0,62.5,40.0,76.0,50.0,HIGH,19.0,31.0
SYNTH_USER_0590,CONSCIOUS,2026-09-28 20:16:14,FRIENDS_ONLY,NO,NO,NO,DAY_MONTH_ONLY,NO,NO,NO,NEVER_CHECKIN,NO,CUSTOM_LISTS,NEVER,REJECT_UNKNOWN,YES,APP_OR_HARDWARE,COMPLETELY_UNIQUE,YES,REGULARLY,VERIFY_OUT_OF_BAND,NEVER,REGULARLY,15.0,8.0,0.0,0.0,7.5,5.0,0.0,12.5,0.0,0.0,4.3,LOW,5.0,-0.7
SYNTH_USER_0591,CONSCIOUS,2026-09-23 03:41:14,FRIENDS_ONLY,NO,NO,NO,DAY_MONTH_ONLY,NO,NO,NO,NEVER_CHECKIN,NO,FRIENDS,NEVER,VERIFY_FIRST,YES,APP_OR_HARDWARE,COMPLETELY_UNIQUE,YES,REGULARLY,VERIFY_OUT_OF_BAND,NEVER,REGULARLY,5.0,8.0,0.0,7.5,7.5,12.5,0.0,12.5,0.0,0.0,4.5,LOW,5.0,-0.5
SYNTH_USER_0592,HIGH_EXPOSURE,2026-09-27 13:51:14,PUBLIC,YES,NOT_SURE,YES,FULL_BIRTHDAY,CITY_ONLY,YES,YES,IMMEDIATELY,YES,PUBLIC,SOMETIMES,ACCEPT_MOST,NO,DISABLED,REUSED,NO,NEVER,CLICK_IMMEDIATELY,HESITATE,NEVER,95.0,74.0,96.0,85.0,87.5,85.0,92.0,95.0,87.5,84.0,88.0,CRITICAL,47.7,40.3
SYNTH_USER_0593,AVERAGE,2026-07-28 09:21:14,FRIENDS_OF_FRIENDS,NO,NOT_SURE,YES,DAY_MONTH_ONLY,NO,NO,SOMETIMES,SOMETIMES_LATER,SOMETIMES,PUBLIC,NEVER,SOMETIMES,NOT_SURE,APP_OR_HARDWARE,COMPLETELY_UNIQUE,YES,NEVER,INSPECT_URL,HESITATE,RARELY,45.0,38.0,52.0,25.0,57.5,40.0,16.0,50.0,40.0,54.0,39.9,MODERATE,18.9,21.0
SYNTH_USER_0594,AVERAGE,2026-08-15 07:04:14,FRIENDS_ONLY,NO,YES,NO,DAY_MONTH_ONLY,NO,NO,SOMETIMES,SOMETIMES_LATER,SOMETIMES,FRIENDS,SOMETIMES,VERIFY_FIRST,NO,APP_OR_HARDWARE,REUSED,YES,RARELY,INSPECT_URL,NEVER,NEVER,35.0,28.0,46.0,32.5,47.5,85.0,46.0,37.5,12.5,60.0,39.9,MODERATE,20.7,19.2
SYNTH_USER_0595,CONSCIOUS,2026-10-01 03:21:14,FRIENDS_ONLY,NO,NO,NO,HIDDEN,NO,NO,NO,NEVER_CHECKIN,NO,FRIENDS,NEVER,REJECT_UNKNOWN,YES,APP_OR_HARDWARE,COMPLETELY_UNIQUE,YES,REGULARLY,VERIFY_OUT_OF_BAND,NEVER,REGULARLY,15.0,0.0,0.0,7.5,7.5,0.0,0.0,12.5,0.0,0.0,3.6,LOW,5.0,-1.4
SYNTH_USER_0596,AVERAGE,2026-08-19 15:03:14,FRIENDS_OF_FRIENDS,NOT_SURE,YES,NO,FULL_BIRTHDAY,CITY_ONLY,NO,SOMETIMES,IMMEDIATELY,NO,PUBLIC,SOMETIMES,SOMETIMES,NO,DISABLED,COMPLETELY_UNIQUE,YES,NEVER,VERIFY_OUT_OF_BAND,HESITATE,NEVER,57.5,48.0,60.0,40.0,77.5,85.0,44.0,62.5,15.0,62.0,52.3,HIGH,20.7,31.6
SYNTH_USER_0597,CONSCIOUS,2026-09-09 19:18:14,PRIVATE,NO,NO,NO,HIDDEN,NO,NO,NO,NEVER_CHECKIN,NO,FRIENDS,NEVER,VERIFY_FIRST,YES,APP_OR_HARDWARE,COMPLETELY_UNIQUE,YES,REGULARLY,VERIFY_OUT_OF_BAND,NEVER,REGULARLY,10.0,0.0,0.0,7.5,15.0,0.0,0.0,12.5,0.0,0.0,3.9,LOW,5.0,-1.1
SYNTH_USER_0598,CONSCIOUS,2026-07-15 13:58:14,PRIVATE,NO,NO,NO,HIDDEN,NO,NO,NO,NEVER_CHECKIN,NO,CUSTOM_LISTS,NEVER,VERIFY_FIRST,YES,APP_OR_HARDWARE,COMPLETELY_UNIQUE,YES,REGULARLY,VERIFY_OUT_OF_BAND,NEVER,REGULARLY,10.0,0.0,0.0,0.0,7.5,7.5,0.0,12.5,0.0,0.0,2.8,LOW,5.0,-2.2
SYNTH_USER_0599,CONSCIOUS,2026-08-28 12:00:14,FRIENDS_ONLY,NO,NO,NO,HIDDEN,NO,NO,NO,AFTER_LEAVING,NO,FRIENDS,NEVER,REJECT_UNKNOWN,YES,APP_OR_HARDWARE,COMPLETELY_UNIQUE,YES,REGULARLY,VERIFY_OUT_OF_BAND,NEVER,REGULARLY,15.0,0.0,2.0,7.5,7.5,12.5,0.0,12.5,0.0,0.0,4.5,LOW,5.0,-0.5
SYNTH_USER_0600,CONSCIOUS,2026-08-11 21:10:14,FRIENDS_ONLY,NO,NO,NO,HIDDEN,NO,NO,NO,NEVER_CHECKIN,NO,FRIENDS,NEVER,REJECT_UNKNOWN,YES,APP_OR_HARDWARE,COMPLETELY_UNIQUE,YES,REGULARLY,VERIFY_OUT_OF_BAND,NEVER,REGULARLY,15.0,0.0,0.0,7.5,0.0,12.5,0.0,12.5,0.0,0.0,3.5,LOW,5.0,-1.5
SYNTH_USER_0601,CONSCIOUS,2026-08-30 00:33:14,FRIENDS_ONLY,NO,NO,NO,HIDDEN,NO,NO,NO,NEVER_CHECKIN,NO,FRIENDS,NEVER,VERIFY_FIRST,YES,APP_OR_HARDWARE,COMPLETELY_UNIQUE,YES,REGULARLY,VERIFY_OUT_OF_BAND,NEVER,REGULARLY,15.0,0.0,0.0,7.5,7.5,5.0,0.0,12.5,0.0,0.0,3.9,LOW,5.0,-1.1
SYNTH_USER_0602,CONSCIOUS,2026-07-18 01:56:14,PRIVATE,NO,NO,NO,DAY_MONTH_ONLY,NO,NO,NO,NEVER_CHECKIN,NO,FRIENDS,NEVER,VERIFY_FIRST,YES,APP_OR_HARDWARE,COMPLETELY_UNIQUE,YES,REGULARLY,VERIFY_OUT_OF_BAND,NEVER,REGULARLY,10.0,8.0,0.0,7.5,7.5,5.0,0.0,12.5,0.0,0.0,4.6,LOW,5.0,-0.4
SYNTH_USER_0603,AVERAGE,2026-10-06 07:47:14,PUBLIC,NOT_SURE,NOT_SURE,YES,FULL_BIRTHDAY,NO,SOMETIMES,NO,IMMEDIATELY,NO,PUBLIC,NEVER,VERIFY_FIRST,YES,APP_OR_HARDWARE,REUSED,NOT_SURE,NEVER,VERIFY_OUT_OF_BAND,HESITATE,RARELY,70.0,58.0,38.0,25.0,37.5,37.5,64.0,62.5,30.0,68.0,48.6,HIGH,20.6,28.0
SYNTH_USER_0604,CONSCIOUS,2026-09-29 05:58:14,PRIVATE,NO,NO,NO,HIDDEN,NO,NO,NO,AFTER_LEAVING,NO,CUSTOM_LISTS,NEVER,REJECT_UNKNOWN,YES,APP_OR_HARDWARE,COMPLETELY_UNIQUE,YES,REGULARLY,VERIFY_OUT_OF_BAND,NEVER,REGULARLY,0.0,0.0,2.0,0.0,7.5,12.5,0.0,12.5,0.0,0.0,2.3,LOW,5.0,-2.7
SYNTH_USER_0605,HIGH_EXPOSURE,2026-08-25 00:22:14,PUBLIC,YES,NOT_SURE,YES,FULL_BIRTHDAY,CITY_ONLY,YES,YES,IMMEDIATELY,YES,PUBLIC,YES,ACCEPT_MOST,NO,DISABLED,REUSED,NO,NEVER,CLICK_IMMEDIATELY,YES_HELP,NEVER,95.0,74.0,96.0,95.0,87.5,85.0,92.0,95.0,97.5,84.0,90.0,CRITICAL,39.4,50.6
SYNTH_USER_0606,HIGH_EXPOSURE,2026-08-31 19:49:14,PUBLIC,YES,NOT_SURE,YES,FULL_BIRTHDAY,CITY_ONLY,YES,YES,IMMEDIATELY,YES,PUBLIC,SOMETIMES,ACCEPT_MOST,NO,DISABLED,REUSED,NO,NEVER,CLICK_IMMEDIATELY,HESITATE,NEVER,95.0,74.0,96.0,85.0,87.5,85.0,92.0,95.0,87.5,84.0,88.0,CRITICAL,32.1,55.9
SYNTH_USER_0607,CONSCIOUS,2026-08-15 21:53:14,PRIVATE,NO,NO,NO,HIDDEN,NO,NO,NO,NEVER_CHECKIN,NO,CUSTOM_LISTS,NEVER,REJECT_UNKNOWN,YES,APP_OR_HARDWARE,COMPLETELY_UNIQUE,YES,REGULARLY,VERIFY_OUT_OF_BAND,NEVER,REGULARLY,0.0,0.0,0.0,0.0,0.0,7.5,0.0,12.5,0.0,0.0,1.0,LOW,5.0,-4.0
SYNTH_USER_0608,CONSCIOUS,2026-07-31 01:00:14,FRIENDS_ONLY,NO,NO,NO,DAY_MONTH_ONLY,NO,NO,NO,AFTER_LEAVING,NO,CUSTOM_LISTS,NEVER,REJECT_UNKNOWN,YES,APP_OR_HARDWARE,COMPLETELY_UNIQUE,YES,REGULARLY,VERIFY_OUT_OF_BAND,NEVER,REGULARLY,5.0,8.0,2.0,0.0,0.0,5.0,0.0,12.5,0.0,0.0,2.9,LOW,5.0,-2.1
SYNTH_USER_0609,HIGH_EXPOSURE,2026-08-20 19:38:14,PUBLIC,YES,YES,YES,FULL_BIRTHDAY,YES,YES,YES,IMMEDIATELY,YES,PUBLIC,SOMETIMES,ACCEPT_MOST,NO,DISABLED,REUSED,NO,NEVER,CLICK_IMMEDIATELY,HESITATE,NEVER,95.0,94.0,96.0,85.0,87.5,85.0,92.0,95.0,87.5,84.0,91.0,CRITICAL,48.3,42.7
SYNTH_USER_0610,CONSCIOUS,2026-09-07 10:21:14,PRIVATE,NO,NO,NO,DAY_MONTH_ONLY,NO,NO,NO,AFTER_LEAVING,NO,FRIENDS,NEVER,VERIFY_FIRST,YES,APP_OR_HARDWARE,COMPLETELY_UNIQUE,YES,REGULARLY,VERIFY_OUT_OF_BAND,NEVER,REGULARLY,10.0,8.0,2.0,7.5,7.5,7.5,0.0,12.5,0.0,0.0,5.0,LOW,5.0,0.0
SYNTH_USER_0611,AVERAGE,2026-08-06 11:27:14,FRIENDS_OF_FRIENDS,NOT_SURE,NOT_SURE,NO,DAY_MONTH_ONLY,CITY_ONLY,SOMETIMES,NO,SOMETIMES_LATER,SOMETIMES,FRIENDS,SOMETIMES,SOMETIMES,YES,SMS_ONLY,SLIGHT_VARIATION,YES,NEVER,VERIFY_OUT_OF_BAND,HESITATE,RARELY,57.5,36.0,40.0,45.0,77.5,52.5,46.0,62.5,30.0,46.0,47.3,HIGH,24.1,23.2
SYNTH_USER_0612,HIGH_EXPOSURE,2026-08-26 04:42:14,PUBLIC,YES,NOT_SURE,YES,FULL_BIRTHDAY,YES,YES,YES,IMMEDIATELY,YES,PUBLIC,SOMETIMES,ACCEPT_MOST,NO,DISABLED,REUSED,NO,NEVER,CLICK_IMMEDIATELY,HESITATE,NEVER,95.0,86.0,96.0,85.0,87.5,85.0,92.0,95.0,87.5,84.0,89.8,CRITICAL,50.2,39.6
SYNTH_USER_0613,AVERAGE,2026-09-17 05:03:14,FRIENDS_OF_FRIENDS,NO,NOT_SURE,NO,FULL_BIRTHDAY,CITY_ONLY,SOMETIMES,SOMETIMES,IMMEDIATELY,NO,PUBLIC,SOMETIMES,VERIFY_FIRST,NOT_SURE,SMS_ONLY,SLIGHT_VARIATION,NOT_SURE,NEVER,VERIFY_OUT_OF_BAND,NEVER,NEVER,45.0,48.0,50.0,40.0,70.0,52.5,54.0,62.5,27.5,62.0,49.9,HIGH,20.3,29.6
SYNTH_USER_0614,AVERAGE,2026-08-03 05:35:14,PUBLIC,YES,YES,NO,DAY_MONTH_ONLY,NO,SOMETIMES,SOMETIMES,IMMEDIATELY,NO,FRIENDS,SOMETIMES,VERIFY_FIRST,NOT_SURE,APP_OR_HARDWARE,SLIGHT_VARIATION,YES,RARELY,INSPECT_URL,NEVER,NEVER,80.0,36.0,54.0,35.0,47.5,52.5,46.0,60.0,12.5,78.0,47.4,HIGH,28.3,19.1
SYNTH_USER_0615,AVERAGE,2026-09-28 09:14:14,PUBLIC,YES,YES,NO,DAY_MONTH_ONLY,NO,SOMETIMES,SOMETIMES,SOMETIMES_LATER,NO,FRIENDS,SOMETIMES,VERIFY_FIRST,NO,DISABLED,REUSED,NOT_SURE,NEVER,INSPECT_URL,HESITATE,RARELY,82.5,36.0,40.0,32.5,60.0,85.0,66.0,62.5,40.0,46.0,52.5,HIGH,33.7,18.8
SYNTH_USER_0616,AVERAGE,2026-07-18 06:11:14,FRIENDS_OF_FRIENDS,NOT_SURE,YES,NO,DAY_MONTH_ONLY,CITY_ONLY,SOMETIMES,SOMETIMES,SOMETIMES_LATER,SOMETIMES,PUBLIC,SOMETIMES,SOMETIMES,NOT_SURE,APP_OR_HARDWARE,COMPLETELY_UNIQUE,YES,RARELY,VERIFY_OUT_OF_BAND,NEVER,RARELY,72.5,44.0,56.0,62.5,77.5,52.5,26.0,60.0,12.5,62.0,50.1,HIGH,27.2,22.9
SYNTH_USER_0617,HIGH_EXPOSURE,2026-08-16 01:34:14,PUBLIC,YES,NOT_SURE,YES,FULL_BIRTHDAY,CITY_ONLY,YES,YES,IMMEDIATELY,YES,PUBLIC,SOMETIMES,ACCEPT_MOST,NO,DISABLED,REUSED,NO,NEVER,CLICK_IMMEDIATELY,YES_HELP,NEVER,95.0,74.0,96.0,85.0,87.5,85.0,92.0,95.0,97.5,84.0,89.0,CRITICAL,36.4,52.6
SYNTH_USER_0618,HIGH_EXPOSURE,2026-07-10 02:32:14,PUBLIC,YES,NOT_SURE,YES,FULL_BIRTHDAY,YES,YES,YES,IMMEDIATELY,YES,PUBLIC,YES,ACCEPT_MOST,NO,DISABLED,REUSED,NO,NEVER,CLICK_IMMEDIATELY,YES_HELP,NEVER,95.0,86.0,96.0,95.0,87.5,85.0,92.0,95.0,97.5,84.0,91.8,CRITICAL,37.6,54.2
SYNTH_USER_0619,HIGH_EXPOSURE,2026-09-21 00:07:14,PUBLIC,YES,YES,YES,FULL_BIRTHDAY,YES,YES,YES,IMMEDIATELY,YES,PUBLIC,SOMETIMES,ACCEPT_MOST,NO,DISABLED,REUSED,NO,NEVER,CLICK_IMMEDIATELY,HESITATE,NEVER,95.0,94.0,96.0,85.0,87.5,85.0,92.0,95.0,87.5,84.0,91.0,CRITICAL,57.6,33.4
SYNTH_USER_0620,HIGH_EXPOSURE,2026-10-01 00:06:14,PUBLIC,YES,NOT_SURE,YES,FULL_BIRTHDAY,YES,YES,YES,IMMEDIATELY,YES,PUBLIC,YES,ACCEPT_MOST,NO,DISABLED,REUSED,NO,NEVER,CLICK_IMMEDIATELY,HESITATE,NEVER,95.0,86.0,96.0,95.0,87.5,85.0,92.0,95.0,87.5,84.0,90.8,CRITICAL,43.6,47.2
SYNTH_USER_0621,AVERAGE,2026-07-17 06:08:14,PUBLIC,NOT_SURE,NOT_SURE,NO,DAY_MONTH_ONLY,CITY_ONLY,NO,SOMETIMES,IMMEDIATELY,NO,FRIENDS,NEVER,VERIFY_FIRST,YES,DISABLED,COMPLETELY_UNIQUE,NOT_SURE,RARELY,INSPECT_URL,NEVER,NEVER,57.5,28.0,60.0,30.0,60.0,45.0,64.0,50.0,27.5,70.0,48.5,HIGH,22.3,26.2
SYNTH_USER_0622,HIGH_EXPOSURE,2026-07-24 01:35:14,PUBLIC,YES,YES,YES,FULL_BIRTHDAY,YES,YES,YES,IMMEDIATELY,YES,PUBLIC,YES,ACCEPT_MOST,NO,DISABLED,REUSED,NO,NEVER,CLICK_IMMEDIATELY,YES_HELP,NEVER,95.0,94.0,96.0,95.0,87.5,85.0,92.0,95.0,97.5,84.0,93.0,CRITICAL,58.9,34.1
SYNTH_USER_0623,HIGH_EXPOSURE,2026-07-18 05:33:14,PUBLIC,YES,NOT_SURE,YES,FULL_BIRTHDAY,CITY_ONLY,YES,YES,IMMEDIATELY,YES,PUBLIC,YES,ACCEPT_MOST,NO,DISABLED,REUSED,NO,NEVER,CLICK_IMMEDIATELY,HESITATE,NEVER,95.0,74.0,96.0,95.0,87.5,85.0,92.0,95.0,87.5,84.0,89.0,CRITICAL,31.5,57.5
SYNTH_USER_0624,CONSCIOUS,2026-08-14 09:44:14,PRIVATE,NO,NO,NO,DAY_MONTH_ONLY,NO,NO,NO,NEVER_CHECKIN,NO,CUSTOM_LISTS,NEVER,REJECT_UNKNOWN,YES,APP_OR_HARDWARE,COMPLETELY_UNIQUE,YES,REGULARLY,VERIFY_OUT_OF_BAND,NEVER,REGULARLY,10.0,8.0,0.0,0.0,0.0,7.5,0.0,12.5,0.0,0.0,3.2,LOW,5.0,-1.8
SYNTH_USER_0625,AVERAGE,2026-08-27 19:38:14,PUBLIC,YES,YES,NO,DAY_MONTH_ONLY,CITY_ONLY,SOMETIMES,NO,SOMETIMES_LATER,NO,FRIENDS,SOMETIMES,VERIFY_FIRST,NO,SMS_ONLY,SLIGHT_VARIATION,YES,RARELY,INSPECT_URL,HESITATE,NEVER,67.5,44.0,38.0,45.0,60.0,72.5,54.0,60.0,55.0,62.0,52.9,HIGH,19.5,33.4
SYNTH_USER_0626,HIGH_EXPOSURE,2026-08-03 15:56:14,PUBLIC,YES,NOT_SURE,YES,FULL_BIRTHDAY,CITY_ONLY,YES,YES,IMMEDIATELY,YES,PUBLIC,SOMETIMES,ACCEPT_MOST,NO,DISABLED,REUSED,NO,NEVER,CLICK_IMMEDIATELY,YES_HELP,NEVER,95.0,74.0,96.0,85.0,87.5,85.0,92.0,95.0,97.5,84.0,89.0,CRITICAL,43.4,45.6
SYNTH_USER_0627,HIGH_EXPOSURE,2026-08-11 11:42:14,PUBLIC,YES,NOT_SURE,YES,FULL_BIRTHDAY,YES,YES,YES,IMMEDIATELY,YES,PUBLIC,YES,ACCEPT_MOST,NO,DISABLED,REUSED,NO,NEVER,CLICK_IMMEDIATELY,HESITATE,NEVER,95.0,86.0,96.0,95.0,87.5,85.0,92.0,95.0,87.5,84.0,90.8,CRITICAL,56.0,34.8
SYNTH_USER_0628,CONSCIOUS,2026-09-14 22:39:14,FRIENDS_ONLY,NO,NO,NO,HIDDEN,NO,NO,NO,NEVER_CHECKIN,NO,FRIENDS,NEVER,VERIFY_FIRST,YES,APP_OR_HARDWARE,COMPLETELY_UNIQUE,YES,REGULARLY,VERIFY_OUT_OF_BAND,NEVER,REGULARLY,15.0,0.0,0.0,7.5,15.0,5.0,0.0,12.5,0.0,0.0,4.6,LOW,5.0,-0.4
SYNTH_USER_0629,AVERAGE,2026-08-08 20:09:14,PUBLIC,YES,NO,YES,DAY_MONTH_ONLY,CITY_ONLY,NO,SOMETIMES,SOMETIMES_LATER,NO,PUBLIC,SOMETIMES,VERIFY_FIRST,NO,DISABLED,COMPLETELY_UNIQUE,NOT_SURE,NEVER,VERIFY_OUT_OF_BAND,NEVER,NEVER,95.0,34.0,50.0,52.5,37.5,70.0,56.0,62.5,27.5,76.0,52.7,HIGH,20.5,32.2
SYNTH_USER_0630,HIGH_EXPOSURE,2026-08-16 04:44:14,PUBLIC,YES,NOT_SURE,YES,FULL_BIRTHDAY,YES,YES,YES,IMMEDIATELY,YES,PUBLIC,YES,ACCEPT_MOST,NO,DISABLED,REUSED,NO,NEVER,CLICK_IMMEDIATELY,HESITATE,NEVER,95.0,86.0,96.0,95.0,87.5,85.0,92.0,95.0,87.5,84.0,90.8,CRITICAL,37.3,53.5
SYNTH_USER_0631,CONSCIOUS,2026-07-16 02:36:14,FRIENDS_ONLY,NO,NO,NO,HIDDEN,NO,NO,NO,NEVER_CHECKIN,NO,FRIENDS,NEVER,VERIFY_FIRST,YES,APP_OR_HARDWARE,COMPLETELY_UNIQUE,YES,REGULARLY,VERIFY_OUT_OF_BAND,NEVER,REGULARLY,15.0,0.0,0.0,7.5,7.5,5.0,0.0,12.5,0.0,0.0,3.9,LOW,5.0,-1.1
SYNTH_USER_0632,AVERAGE,2026-08-26 16:52:14,FRIENDS_ONLY,YES,YES,NO,FULL_BIRTHDAY,CITY_ONLY,NO,SOMETIMES,IMMEDIATELY,NO,FRIENDS,NEVER,VERIFY_FIRST,NO,APP_OR_HARDWARE,REUSED,NOT_SURE,NEVER,VERIFY_OUT_OF_BAND,NEVER,NEVER,47.5,48.0,44.0,30.0,60.0,65.0,56.0,62.5,12.5,78.0,47.5,HIGH,21.8,25.7
SYNTH_USER_0633,AVERAGE,2026-09-17 23:34:14,FRIENDS_ONLY,NOT_SURE,NOT_SURE,NO,DAY_MONTH_ONLY,NO,NO,SOMETIMES,SOMETIMES_LATER,SOMETIMES,PUBLIC,NEVER,SOMETIMES,YES,APP_OR_HARDWARE,COMPLETELY_UNIQUE,NOT_SURE,NEVER,VERIFY_OUT_OF_BAND,HESITATE,RARELY,52.5,20.0,56.0,37.5,67.5,60.0,26.0,62.5,42.5,60.0,44.4,HIGH,26.0,18.4
SYNTH_USER_0634,HIGH_EXPOSURE,2026-07-21 21:52:14,PUBLIC,YES,YES,YES,FULL_BIRTHDAY,YES,YES,YES,IMMEDIATELY,YES,PUBLIC,SOMETIMES,ACCEPT_MOST,NO,DISABLED,REUSED,NO,NEVER,CLICK_IMMEDIATELY,YES_HELP,NEVER,95.0,94.0,96.0,85.0,87.5,85.0,92.0,95.0,97.5,84.0,92.0,CRITICAL,34.4,57.6
SYNTH_USER_0635,HIGH_EXPOSURE,2026-09-24 21:41:14,PUBLIC,YES,YES,YES,FULL_BIRTHDAY,CITY_ONLY,YES,YES,IMMEDIATELY,YES,PUBLIC,SOMETIMES,ACCEPT_MOST,NO,DISABLED,REUSED,NO,NEVER,CLICK_IMMEDIATELY,HESITATE,NEVER,95.0,82.0,96.0,85.0,87.5,85.0,92.0,95.0,87.5,84.0,89.2,CRITICAL,48.2,41.0
SYNTH_USER_0636,AVERAGE,2026-08-19 15:41:14,PUBLIC,YES,YES,NO,DAY_MONTH_ONLY,NO,SOMETIMES,NO,IMMEDIATELY,SOMETIMES,PUBLIC,SOMETIMES,SOMETIMES,YES,DISABLED,SLIGHT_VARIATION,NOT_SURE,NEVER,VERIFY_OUT_OF_BAND,HESITATE,RARELY,82.5,36.0,54.0,40.0,55.0,25.0,66.0,62.5,27.5,68.0,51.7,HIGH,28.7,23.0
SYNTH_USER_0637,AVERAGE,2026-08-16 19:47:14,PUBLIC,NOT_SURE,NOT_SURE,NO,DAY_MONTH_ONLY,NO,NO,SOMETIMES,SOMETIMES_LATER,NO,FRIENDS,SOMETIMES,VERIFY_FIRST,YES,SMS_ONLY,SLIGHT_VARIATION,YES,NEVER,VERIFY_OUT_OF_BAND,HESITATE,NEVER,72.5,20.0,40.0,32.5,37.5,47.5,44.0,62.5,42.5,62.0,42.7,HIGH,27.6,15.1
SYNTH_USER_0638,HIGH_EXPOSURE,2026-07-31 05:42:14,PUBLIC,YES,YES,YES,FULL_BIRTHDAY,CITY_ONLY,YES,YES,IMMEDIATELY,YES,PUBLIC,YES,ACCEPT_MOST,NO,DISABLED,REUSED,NO,NEVER,CLICK_IMMEDIATELY,HESITATE,NEVER,95.0,82.0,96.0,95.0,87.5,85.0,92.0,95.0,87.5,84.0,90.2,CRITICAL,46.1,44.1
SYNTH_USER_0639,AVERAGE,2026-08-07 01:21:14,FRIENDS_ONLY,NO,NO,YES,FULL_BIRTHDAY,CITY_ONLY,SOMETIMES,SOMETIMES,SOMETIMES_LATER,SOMETIMES,FRIENDS,SOMETIMES,VERIFY_FIRST,NO,DISABLED,SLIGHT_VARIATION,NOT_SURE,NEVER,VERIFY_OUT_OF_BAND,HESITATE,NEVER,50.0,54.0,46.0,32.5,37.5,57.5,66.0,72.5,42.5,70.0,51.1,HIGH,21.4,29.7
SYNTH_USER_0640,HIGH_EXPOSURE,2026-09-11 16:43:14,PUBLIC,YES,YES,YES,FULL_BIRTHDAY,YES,YES,YES,IMMEDIATELY,YES,PUBLIC,YES,ACCEPT_MOST,NO,DISABLED,REUSED,NO,NEVER,CLICK_IMMEDIATELY,HESITATE,NEVER,95.0,94.0,96.0,95.0,87.5,85.0,92.0,95.0,87.5,84.0,92.0,CRITICAL,42.4,49.6
SYNTH_USER_0641,AVERAGE,2026-10-05 07:33:14,FRIENDS_OF_FRIENDS,NOT_SURE,NOT_SURE,NO,DAY_MONTH_ONLY,NO,SOMETIMES,SOMETIMES,SOMETIMES_LATER,SOMETIMES,PUBLIC,SOMETIMES,VERIFY_FIRST,YES,SMS_ONLY,SLIGHT_VARIATION,NOT_SURE,RARELY,VERIFY_OUT_OF_BAND,HESITATE,RARELY,72.5,28.0,62.0,62.5,47.5,40.0,64.0,60.0,27.5,60.0,52.1,HIGH,26.6,25.5
SYNTH_USER_0642,CONSCIOUS,2026-07-24 17:25:14,PRIVATE,NO,NO,NO,HIDDEN,NO,NO,NO,AFTER_LEAVING,NO,CUSTOM_LISTS,NEVER,REJECT_UNKNOWN,YES,APP_OR_HARDWARE,COMPLETELY_UNIQUE,YES,REGULARLY,VERIFY_OUT_OF_BAND,NEVER,REGULARLY,10.0,0.0,2.0,0.0,0.0,12.5,0.0,12.5,0.0,0.0,2.5,LOW,5.0,-2.5
SYNTH_USER_0643,HIGH_EXPOSURE,2026-09-23 21:13:14,PUBLIC,YES,YES,YES,FULL_BIRTHDAY,YES,YES,YES,IMMEDIATELY,YES,PUBLIC,YES,ACCEPT_MOST,NO,DISABLED,REUSED,NO,NEVER,CLICK_IMMEDIATELY,YES_HELP,NEVER,95.0,94.0,96.0,95.0,87.5,85.0,92.0,95.0,97.5,84.0,93.0,CRITICAL,47.9,45.1
SYNTH_USER_0644,CONSCIOUS,2026-09-28 18:25:14,FRIENDS_ONLY,NO,NO,NO,DAY_MONTH_ONLY,NO,NO,NO,AFTER_LEAVING,NO,CUSTOM_LISTS,NEVER,VERIFY_FIRST,YES,APP_OR_HARDWARE,COMPLETELY_UNIQUE,YES,REGULARLY,VERIFY_OUT_OF_BAND,NEVER,REGULARLY,15.0,8.0,2.0,0.0,7.5,0.0,0.0,12.5,0.0,0.0,4.4,LOW,5.0,-0.6
SYNTH_USER_0645,CONSCIOUS,2026-08-02 12:56:14,FRIENDS_ONLY,NO,NO,NO,HIDDEN,NO,NO,NO,NEVER_CHECKIN,NO,FRIENDS,NEVER,VERIFY_FIRST,YES,APP_OR_HARDWARE,COMPLETELY_UNIQUE,YES,REGULARLY,VERIFY_OUT_OF_BAND,NEVER,REGULARLY,15.0,0.0,0.0,7.5,15.0,12.5,0.0,12.5,0.0,0.0,5.0,LOW,5.0,0.0
SYNTH_USER_0646,HIGH_EXPOSURE,2026-09-08 23:33:14,PUBLIC,YES,YES,YES,FULL_BIRTHDAY,YES,YES,YES,IMMEDIATELY,YES,PUBLIC,YES,ACCEPT_MOST,NO,DISABLED,REUSED,NO,NEVER,CLICK_IMMEDIATELY,YES_HELP,NEVER,95.0,94.0,96.0,95.0,87.5,85.0,92.0,95.0,97.5,84.0,93.0,CRITICAL,52.6,40.4
SYNTH_USER_0647,HIGH_EXPOSURE,2026-07-24 03:44:14,PUBLIC,YES,YES,YES,FULL_BIRTHDAY,YES,YES,YES,IMMEDIATELY,YES,PUBLIC,SOMETIMES,ACCEPT_MOST,NO,DISABLED,REUSED,NO,NEVER,CLICK_IMMEDIATELY,YES_HELP,NEVER,95.0,94.0,96.0,85.0,87.5,85.0,92.0,95.0,97.5,84.0,92.0,CRITICAL,33.3,58.7
SYNTH_USER_0648,AVERAGE,2026-07-09 03:42:14,PUBLIC,YES,NO,NO,DAY_MONTH_ONLY,NO,SOMETIMES,NO,IMMEDIATELY,NO,PUBLIC,SOMETIMES,SOMETIMES,YES,DISABLED,COMPLETELY_UNIQUE,NOT_SURE,RARELY,VERIFY_OUT_OF_BAND,HESITATE,RARELY,67.5,16.0,38.0,62.5,57.5,32.5,46.0,60.0,15.0,46.0,42.2,HIGH,20.1,22.1
SYNTH_USER_0649,AVERAGE,2026-08-08 18:29:14,FRIENDS_ONLY,YES,NOT_SURE,NO,FULL_BIRTHDAY,CITY_ONLY,NO,SOMETIMES,SOMETIMES_LATER,NO,PUBLIC,NEVER,VERIFY_FIRST,NOT_SURE,APP_OR_HARDWARE,SLIGHT_VARIATION,YES,NEVER,INSPECT_URL,HESITATE,RARELY,47.5,40.0,40.0,25.0,60.0,60.0,38.0,62.5,40.0,60.0,44.1,HIGH,28.3,15.8
SYNTH_USER_0650,AVERAGE,2026-08-10 23:34:14,PUBLIC,NO,NOT_SURE,NO,DAY_MONTH_ONLY,CITY_ONLY,NO,SOMETIMES,IMMEDIATELY,SOMETIMES,PUBLIC,NEVER,SOMETIMES,YES,DISABLED,COMPLETELY_UNIQUE,YES,RARELY,INSPECT_URL,HESITATE,NEVER,42.5,28.0,72.0,37.5,55.0,60.0,36.0,60.0,55.0,76.0,49.2,HIGH,31.7,17.5
SYNTH_USER_0651,AVERAGE,2026-08-06 12:08:14,FRIENDS_ONLY,YES,NOT_SURE,YES,FULL_BIRTHDAY,NO,NO,SOMETIMES,IMMEDIATELY,SOMETIMES,FRIENDS,NEVER,VERIFY_FIRST,NOT_SURE,DISABLED,REUSED,NOT_SURE,NEVER,INSPECT_URL,NEVER,NEVER,47.5,50.0,62.0,7.5,47.5,52.5,76.0,62.5,25.0,84.0,50.9,HIGH,20.6,30.3
SYNTH_USER_0652,HIGH_EXPOSURE,2026-09-20 14:56:14,PUBLIC,YES,NOT_SURE,YES,FULL_BIRTHDAY,YES,YES,YES,IMMEDIATELY,YES,PUBLIC,YES,ACCEPT_MOST,NO,DISABLED,REUSED,NO,NEVER,CLICK_IMMEDIATELY,HESITATE,NEVER,95.0,86.0,96.0,95.0,87.5,85.0,92.0,95.0,87.5,84.0,90.8,CRITICAL,52.9,37.9
SYNTH_USER_0653,CONSCIOUS,2026-08-16 20:52:14,FRIENDS_ONLY,NO,NO,NO,DAY_MONTH_ONLY,NO,NO,NO,NEVER_CHECKIN,NO,FRIENDS,NEVER,VERIFY_FIRST,YES,APP_OR_HARDWARE,COMPLETELY_UNIQUE,YES,REGULARLY,VERIFY_OUT_OF_BAND,NEVER,REGULARLY,5.0,8.0,0.0,7.5,15.0,5.0,0.0,12.5,0.0,0.0,4.8,LOW,5.0,-0.2
SYNTH_USER_0654,HIGH_EXPOSURE,2026-09-03 18:45:14,PUBLIC,YES,YES,YES,FULL_BIRTHDAY,CITY_ONLY,YES,YES,IMMEDIATELY,YES,PUBLIC,SOMETIMES,ACCEPT_MOST,NO,DISABLED,REUSED,NO,NEVER,CLICK_IMMEDIATELY,YES_HELP,NEVER,95.0,82.0,96.0,85.0,87.5,85.0,92.0,95.0,97.5,84.0,90.2,CRITICAL,49.4,40.8
SYNTH_USER_0655,HIGH_EXPOSURE,2026-08-21 16:48:14,PUBLIC,YES,YES,YES,FULL_BIRTHDAY,YES,YES,YES,IMMEDIATELY,YES,PUBLIC,YES,ACCEPT_MOST,NO,DISABLED,REUSED,NO,NEVER,CLICK_IMMEDIATELY,HESITATE,NEVER,95.0,94.0,96.0,95.0,87.5,85.0,92.0,95.0,87.5,84.0,92.0,CRITICAL,58.1,33.9
SYNTH_USER_0656,HIGH_EXPOSURE,2026-09-16 19:59:14,PUBLIC,YES,YES,YES,FULL_BIRTHDAY,CITY_ONLY,YES,YES,IMMEDIATELY,YES,PUBLIC,SOMETIMES,ACCEPT_MOST,NO,DISABLED,REUSED,NO,NEVER,CLICK_IMMEDIATELY,YES_HELP,NEVER,95.0,82.0,96.0,85.0,87.5,85.0,92.0,95.0,97.5,84.0,90.2,CRITICAL,56.4,33.8
SYNTH_USER_0657,CONSCIOUS,2026-08-01 07:49:14,PRIVATE,NO,NO,NO,DAY_MONTH_ONLY,NO,NO,NO,NEVER_CHECKIN,NO,CUSTOM_LISTS,NEVER,REJECT_UNKNOWN,YES,APP_OR_HARDWARE,COMPLETELY_UNIQUE,YES,REGULARLY,VERIFY_OUT_OF_BAND,NEVER,REGULARLY,0.0,8.0,0.0,0.0,0.0,5.0,0.0,12.5,0.0,0.0,2.1,LOW,5.0,-2.9
SYNTH_USER_0658,HIGH_EXPOSURE,2026-09-02 02:07:14,PUBLIC,YES,YES,YES,FULL_BIRTHDAY,CITY_ONLY,YES,YES,IMMEDIATELY,YES,PUBLIC,SOMETIMES,ACCEPT_MOST,NO,DISABLED,REUSED,NO,NEVER,CLICK_IMMEDIATELY,YES_HELP,NEVER,95.0,82.0,96.0,85.0,87.5,85.0,92.0,95.0,97.5,84.0,90.2,CRITICAL,37.6,52.6
SYNTH_USER_0659,CONSCIOUS,2026-07-15 08:31:14,PRIVATE,NO,NO,NO,HIDDEN,NO,NO,NO,NEVER_CHECKIN,NO,FRIENDS,NEVER,VERIFY_FIRST,YES,APP_OR_HARDWARE,COMPLETELY_UNIQUE,YES,REGULARLY,VERIFY_OUT_OF_BAND,NEVER,REGULARLY,0.0,0.0,0.0,7.5,7.5,12.5,0.0,12.5,0.0,0.0,2.8,LOW,5.0,-2.2
SYNTH_USER_0660,CONSCIOUS,2026-07-27 03:33:14,PRIVATE,NO,NO,NO,HIDDEN,NO,NO,NO,AFTER_LEAVING,NO,FRIENDS,NEVER,REJECT_UNKNOWN,YES,APP_OR_HARDWARE,COMPLETELY_UNIQUE,YES,REGULARLY,VERIFY_OUT_OF_BAND,NEVER,REGULARLY,10.0,0.0,2.0,7.5,0.0,12.5,0.0,12.5,0.0,0.0,3.3,LOW,5.0,-1.7
SYNTH_USER_0661,AVERAGE,2026-09-23 18:36:14,FRIENDS_ONLY,NOT_SURE,NO,YES,FULL_BIRTHDAY,CITY_ONLY,SOMETIMES,NO,SOMETIMES_LATER,NO,PUBLIC,NEVER,SOMETIMES,NO,APP_OR_HARDWARE,SLIGHT_VARIATION,NOT_SURE,NEVER,INSPECT_URL,NEVER,RARELY,52.5,54.0,32.0,35.0,45.0,72.5,48.0,50.0,27.5,52.0,44.8,HIGH,18.7,26.1
SYNTH_USER_0662,AVERAGE,2026-09-26 01:38:14,FRIENDS_ONLY,NOT_SURE,NOT_SURE,YES,DAY_MONTH_ONLY,NO,SOMETIMES,SOMETIMES,SOMETIMES_LATER,NO,FRIENDS,SOMETIMES,SOMETIMES,YES,SMS_ONLY,COMPLETELY_UNIQUE,NOT_SURE,RARELY,INSPECT_URL,HESITATE,NEVER,52.5,46.0,34.0,22.5,55.0,32.5,42.0,37.5,42.5,60.0,42.0,HIGH,23.1,18.9
SYNTH_USER_0663,HIGH_EXPOSURE,2026-09-01 19:47:14,PUBLIC,YES,NOT_SURE,YES,FULL_BIRTHDAY,CITY_ONLY,YES,YES,IMMEDIATELY,YES,PUBLIC,SOMETIMES,ACCEPT_MOST,NO,DISABLED,REUSED,NO,NEVER,CLICK_IMMEDIATELY,HESITATE,NEVER,95.0,74.0,96.0,85.0,87.5,85.0,92.0,95.0,87.5,84.0,88.0,CRITICAL,36.1,51.9
SYNTH_USER_0664,CONSCIOUS,2026-10-01 11:15:14,FRIENDS_ONLY,NO,NO,NO,DAY_MONTH_ONLY,NO,NO,NO,AFTER_LEAVING,NO,FRIENDS,NEVER,VERIFY_FIRST,YES,APP_OR_HARDWARE,COMPLETELY_UNIQUE,YES,REGULARLY,VERIFY_OUT_OF_BAND,NEVER,REGULARLY,15.0,8.0,2.0,7.5,7.5,5.0,0.0,12.5,0.0,0.0,5.4,LOW,5.0,0.4
SYNTH_USER_0665,CONSCIOUS,2026-07-13 23:54:14,FRIENDS_ONLY,NO,NO,NO,HIDDEN,NO,NO,NO,NEVER_CHECKIN,NO,FRIENDS,NEVER,REJECT_UNKNOWN,YES,APP_OR_HARDWARE,COMPLETELY_UNIQUE,YES,REGULARLY,VERIFY_OUT_OF_BAND,NEVER,REGULARLY,15.0,0.0,0.0,7.5,7.5,5.0,0.0,12.5,0.0,0.0,3.9,LOW,5.0,-1.1
SYNTH_USER_0666,HIGH_EXPOSURE,2026-08-11 00:22:14,PUBLIC,YES,NOT_SURE,YES,FULL_BIRTHDAY,YES,YES,YES,IMMEDIATELY,YES,PUBLIC,YES,ACCEPT_MOST,NO,DISABLED,REUSED,NO,NEVER,CLICK_IMMEDIATELY,YES_HELP,NEVER,95.0,86.0,96.0,95.0,87.5,85.0,92.0,95.0,97.5,84.0,91.8,CRITICAL,46.8,45.0
SYNTH_USER_0667,HIGH_EXPOSURE,2026-08-16 19:33:14,PUBLIC,YES,NOT_SURE,YES,FULL_BIRTHDAY,YES,YES,YES,IMMEDIATELY,YES,PUBLIC,YES,ACCEPT_MOST,NO,DISABLED,REUSED,NO,NEVER,CLICK_IMMEDIATELY,YES_HELP,NEVER,95.0,86.0,96.0,95.0,87.5,85.0,92.0,95.0,97.5,84.0,91.8,CRITICAL,45.5,46.3
SYNTH_USER_0668,AVERAGE,2026-09-08 23:30:14,FRIENDS_OF_FRIENDS,NOT_SURE,NO,NO,DAY_MONTH_ONLY,NO,SOMETIMES,NO,SOMETIMES_LATER,NO,FRIENDS,NEVER,VERIFY_FIRST,NOT_SURE,SMS_ONLY,COMPLETELY_UNIQUE,YES,NEVER,VERIFY_OUT_OF_BAND,NEVER,RARELY,57.5,16.0,22.0,20.0,57.5,75.0,24.0,75.0,0.0,60.0,33.3,MODERATE,16.2,17.1
SYNTH_USER_0669,CONSCIOUS,2026-09-29 02:45:14,PRIVATE,NO,NO,NO,DAY_MONTH_ONLY,NO,NO,NO,AFTER_LEAVING,NO,CUSTOM_LISTS,NEVER,VERIFY_FIRST,YES,APP_OR_HARDWARE,COMPLETELY_UNIQUE,YES,REGULARLY,VERIFY_OUT_OF_BAND,NEVER,REGULARLY,10.0,8.0,2.0,0.0,7.5,12.5,0.0,12.5,0.0,0.0,4.5,LOW,5.0,-0.5
SYNTH_USER_0670,CONSCIOUS,2026-09-28 02:04:14,FRIENDS_ONLY,NO,NO,NO,HIDDEN,NO,NO,NO,AFTER_LEAVING,NO,FRIENDS,NEVER,VERIFY_FIRST,YES,APP_OR_HARDWARE,COMPLETELY_UNIQUE,YES,REGULARLY,VERIFY_OUT_OF_BAND,NEVER,REGULARLY,15.0,0.0,2.0,7.5,7.5,0.0,0.0,12.5,0.0,0.0,3.9,LOW,5.0,-1.1
SYNTH_USER_0671,CONSCIOUS,2026-07-30 16:07:14,PRIVATE,NO,NO,NO,DAY_MONTH_ONLY,NO,NO,NO,AFTER_LEAVING,NO,CUSTOM_LISTS,NEVER,REJECT_UNKNOWN,YES,APP_OR_HARDWARE,COMPLETELY_UNIQUE,YES,REGULARLY,VERIFY_OUT_OF_BAND,NEVER,REGULARLY,10.0,8.0,2.0,0.0,0.0,12.5,0.0,12.5,0.0,0.0,3.8,LOW,5.0,-1.2
SYNTH_USER_0672,AVERAGE,2026-09-04 23:58:14,FRIENDS_ONLY,NOT_SURE,YES,YES,FULL_BIRTHDAY,NO,SOMETIMES,SOMETIMES,IMMEDIATELY,SOMETIMES,FRIENDS,NEVER,SOMETIMES,NO,SMS_ONLY,COMPLETELY_UNIQUE,YES,NEVER,VERIFY_OUT_OF_BAND,NEVER,RARELY,37.5,66.0,66.0,20.0,55.0,62.5,24.0,72.5,0.0,52.0,44.0,HIGH,28.2,15.8
SYNTH_USER_0673,AVERAGE,2026-07-08 17:02:14,FRIENDS_ONLY,YES,NOT_SURE,YES,FULL_BIRTHDAY,NO,SOMETIMES,NO,SOMETIMES_LATER,NO,PUBLIC,NEVER,SOMETIMES,NOT_SURE,SMS_ONLY,COMPLETELY_UNIQUE,YES,NEVER,INSPECT_URL,NEVER,RARELY,47.5,58.0,28.0,37.5,67.5,60.0,42.0,72.5,25.0,60.0,46.6,HIGH,24.6,22.0
SYNTH_USER_0674,AVERAGE,2026-08-19 04:05:14,PUBLIC,NO,NOT_SURE,NO,FULL_BIRTHDAY,NO,SOMETIMES,SOMETIMES,IMMEDIATELY,NO,FRIENDS,NEVER,SOMETIMES,NOT_SURE,SMS_ONLY,REUSED,YES,NEVER,VERIFY_OUT_OF_BAND,HESITATE,NEVER,57.5,40.0,50.0,7.5,77.5,47.5,44.0,60.0,15.0,54.0,43.9,HIGH,16.0,27.9
SYNTH_USER_0675,CONSCIOUS,2026-10-03 16:46:14,PRIVATE,NO,NO,NO,HIDDEN,NO,NO,NO,AFTER_LEAVING,NO,FRIENDS,NEVER,VERIFY_FIRST,YES,APP_OR_HARDWARE,COMPLETELY_UNIQUE,YES,REGULARLY,VERIFY_OUT_OF_BAND,NEVER,REGULARLY,10.0,0.0,2.0,7.5,15.0,7.5,0.0,12.5,0.0,0.0,4.5,LOW,5.0,-0.5
SYNTH_USER_0676,HIGH_EXPOSURE,2026-09-11 22:51:14,PUBLIC,YES,YES,YES,FULL_BIRTHDAY,CITY_ONLY,YES,YES,IMMEDIATELY,YES,PUBLIC,SOMETIMES,ACCEPT_MOST,NO,DISABLED,REUSED,NO,NEVER,CLICK_IMMEDIATELY,HESITATE,NEVER,95.0,82.0,96.0,85.0,87.5,85.0,92.0,95.0,87.5,84.0,89.2,CRITICAL,55.3,33.9
SYNTH_USER_0677,AVERAGE,2026-07-31 20:23:14,FRIENDS_ONLY,YES,NOT_SURE,NO,DAY_MONTH_ONLY,CITY_ONLY,SOMETIMES,SOMETIMES,SOMETIMES_LATER,NO,FRIENDS,NEVER,SOMETIMES,YES,SMS_ONLY,SLIGHT_VARIATION,YES,NEVER,VERIFY_OUT_OF_BAND,NEVER,RARELY,47.5,36.0,40.0,30.0,45.0,52.5,54.0,62.5,12.5,60.0,41.8,HIGH,21.6,20.2
SYNTH_USER_0678,AVERAGE,2026-07-31 12:58:14,FRIENDS_OF_FRIENDS,NOT_SURE,NO,YES,DAY_MONTH_ONLY,CITY_ONLY,NO,SOMETIMES,SOMETIMES_LATER,NO,PUBLIC,SOMETIMES,VERIFY_FIRST,NOT_SURE,DISABLED,SLIGHT_VARIATION,YES,RARELY,VERIFY_OUT_OF_BAND,NEVER,RARELY,72.5,34.0,44.0,50.0,60.0,52.5,66.0,60.0,27.5,70.0,51.7,HIGH,25.3,26.4
SYNTH_USER_0679,CONSCIOUS,2026-08-19 17:07:14,PRIVATE,NO,NO,NO,DAY_MONTH_ONLY,NO,NO,NO,AFTER_LEAVING,NO,CUSTOM_LISTS,NEVER,VERIFY_FIRST,YES,APP_OR_HARDWARE,COMPLETELY_UNIQUE,YES,REGULARLY,VERIFY_OUT_OF_BAND,NEVER,REGULARLY,10.0,8.0,2.0,0.0,15.0,7.5,0.0,12.5,0.0,0.0,5.0,LOW,5.0,0.0
SYNTH_USER_0680,HIGH_EXPOSURE,2026-07-27 07:29:14,PUBLIC,YES,YES,YES,FULL_BIRTHDAY,YES,YES,YES,IMMEDIATELY,YES,PUBLIC,YES,ACCEPT_MOST,NO,DISABLED,REUSED,NO,NEVER,CLICK_IMMEDIATELY,YES_HELP,NEVER,95.0,94.0,96.0,95.0,87.5,85.0,92.0,95.0,97.5,84.0,93.0,CRITICAL,47.1,45.9
SYNTH_USER_0681,CONSCIOUS,2026-08-04 17:55:14,FRIENDS_ONLY,NO,NO,NO,DAY_MONTH_ONLY,NO,NO,NO,NEVER_CHECKIN,NO,CUSTOM_LISTS,NEVER,VERIFY_FIRST,YES,APP_OR_HARDWARE,COMPLETELY_UNIQUE,YES,REGULARLY,VERIFY_OUT_OF_BAND,NEVER,REGULARLY,15.0,8.0,0.0,0.0,15.0,12.5,0.0,12.5,0.0,0.0,5.5,LOW,5.0,0.5
SYNTH_USER_0682,AVERAGE,2026-07-15 02:31:14,FRIENDS_OF_FRIENDS,NOT_SURE,NOT_SURE,YES,DAY_MONTH_ONLY,NO,NO,SOMETIMES,IMMEDIATELY,NO,PUBLIC,SOMETIMES,SOMETIMES,NO,SMS_ONLY,SLIGHT_VARIATION,YES,RARELY,INSPECT_URL,HESITATE,RARELY,60.0,38.0,44.0,40.0,45.0,85.0,36.0,47.5,40.0,54.0,45.5,HIGH,28.0,17.5
SYNTH_USER_0683,HIGH_EXPOSURE,2026-09-06 08:19:14,PUBLIC,YES,NOT_SURE,YES,FULL_BIRTHDAY,CITY_ONLY,YES,YES,IMMEDIATELY,YES,PUBLIC,SOMETIMES,ACCEPT_MOST,NO,DISABLED,REUSED,NO,NEVER,CLICK_IMMEDIATELY,YES_HELP,NEVER,95.0,74.0,96.0,85.0,87.5,85.0,92.0,95.0,97.5,84.0,89.0,CRITICAL,53.4,35.6
SYNTH_USER_0684,AVERAGE,2026-08-21 10:14:14,FRIENDS_OF_FRIENDS,YES,YES,NO,FULL_BIRTHDAY,CITY_ONLY,NO,NO,SOMETIMES_LATER,NO,PUBLIC,NEVER,SOMETIMES,NOT_SURE,APP_OR_HARDWARE,COMPLETELY_UNIQUE,NOT_SURE,RARELY,INSPECT_URL,HESITATE,RARELY,67.5,48.0,38.0,47.5,67.5,62.5,34.0,60.0,55.0,54.0,50.6,HIGH,21.3,29.3
SYNTH_USER_0685,AVERAGE,2026-07-08 10:13:14,FRIENDS_ONLY,NO,NOT_SURE,NO,FULL_BIRTHDAY,NO,SOMETIMES,SOMETIMES,SOMETIMES_LATER,NO,FRIENDS,SOMETIMES,VERIFY_FIRST,NO,SMS_ONLY,SLIGHT_VARIATION,NOT_SURE,NEVER,INSPECT_URL,HESITATE,NEVER,50.0,40.0,50.0,35.0,37.5,72.5,56.0,72.5,42.5,78.0,49.5,HIGH,30.8,18.7
SYNTH_USER_0686,HIGH_EXPOSURE,2026-07-09 21:11:14,PUBLIC,YES,YES,YES,FULL_BIRTHDAY,CITY_ONLY,YES,YES,IMMEDIATELY,YES,PUBLIC,SOMETIMES,ACCEPT_MOST,NO,DISABLED,REUSED,NO,NEVER,CLICK_IMMEDIATELY,HESITATE,NEVER,95.0,82.0,96.0,85.0,87.5,85.0,92.0,95.0,87.5,84.0,89.2,CRITICAL,43.1,46.1
SYNTH_USER_0687,HIGH_EXPOSURE,2026-07-28 12:34:14,PUBLIC,YES,NOT_SURE,YES,FULL_BIRTHDAY,CITY_ONLY,YES,YES,IMMEDIATELY,YES,PUBLIC,YES,ACCEPT_MOST,NO,DISABLED,REUSED,NO,NEVER,CLICK_IMMEDIATELY,HESITATE,NEVER,95.0,74.0,96.0,95.0,87.5,85.0,92.0,95.0,87.5,84.0,89.0,CRITICAL,43.6,45.4
SYNTH_USER_0688,AVERAGE,2026-08-28 17:41:14,FRIENDS_ONLY,YES,YES,YES,DAY_MONTH_ONLY,NO,NO,NO,SOMETIMES_LATER,NO,PUBLIC,NEVER,VERIFY_FIRST,NOT_SURE,DISABLED,COMPLETELY_UNIQUE,NOT_SURE,NEVER,INSPECT_URL,HESITATE,RARELY,60.0,46.0,22.0,37.5,60.0,67.5,54.0,72.5,40.0,54.0,47.8,HIGH,21.4,26.4
SYNTH_USER_0689,CONSCIOUS,2026-09-25 10:57:14,PRIVATE,NO,NO,NO,HIDDEN,NO,NO,NO,AFTER_LEAVING,NO,CUSTOM_LISTS,NEVER,VERIFY_FIRST,YES,APP_OR_HARDWARE,COMPLETELY_UNIQUE,YES,REGULARLY,VERIFY_OUT_OF_BAND,NEVER,REGULARLY,0.0,0.0,2.0,0.0,7.5,7.5,0.0,12.5,0.0,0.0,2.0,LOW,5.0,-3.0
SYNTH_USER_0690,AVERAGE,2026-08-15 16:32:14,PUBLIC,NOT_SURE,NO,YES,FULL_BIRTHDAY,CITY_ONLY,NO,SOMETIMES,SOMETIMES_LATER,SOMETIMES,PUBLIC,SOMETIMES,SOMETIMES,NO,DISABLED,COMPLETELY_UNIQUE,NOT_SURE,NEVER,VERIFY_OUT_OF_BAND,NEVER,RARELY,57.5,46.0,56.0,52.5,45.0,62.5,64.0,60.0,27.5,68.0,52.7,HIGH,23.3,29.4
SYNTH_USER_0691,HIGH_EXPOSURE,2026-09-10 03:07:14,PUBLIC,YES,YES,YES,FULL_BIRTHDAY,YES,YES,YES,IMMEDIATELY,YES,PUBLIC,SOMETIMES,ACCEPT_MOST,NO,DISABLED,REUSED,NO,NEVER,CLICK_IMMEDIATELY,YES_HELP,NEVER,95.0,94.0,96.0,85.0,87.5,85.0,92.0,95.0,97.5,84.0,92.0,CRITICAL,47.9,44.1
SYNTH_USER_0692,AVERAGE,2026-09-11 09:51:14,FRIENDS_OF_FRIENDS,NOT_SURE,YES,YES,FULL_BIRTHDAY,NO,NO,NO,SOMETIMES_LATER,NO,FRIENDS,SOMETIMES,VERIFY_FIRST,NO,APP_OR_HARDWARE,SLIGHT_VARIATION,YES,RARELY,VERIFY_OUT_OF_BAND,HESITATE,NEVER,45.0,58.0,32.0,45.0,37.5,50.0,28.0,50.0,27.5,70.0,41.7,HIGH,22.7,19.0
SYNTH_USER_0693,CONSCIOUS,2026-08-20 18:26:14,FRIENDS_ONLY,NO,NO,NO,DAY_MONTH_ONLY,NO,NO,NO,NEVER_CHECKIN,NO,CUSTOM_LISTS,NEVER,REJECT_UNKNOWN,YES,APP_OR_HARDWARE,COMPLETELY_UNIQUE,YES,REGULARLY,VERIFY_OUT_OF_BAND,NEVER,REGULARLY,15.0,8.0,0.0,0.0,7.5,12.5,0.0,12.5,0.0,0.0,4.7,LOW,5.0,-0.3
SYNTH_USER_0694,CONSCIOUS,2026-08-10 19:35:14,PRIVATE,NO,NO,NO,HIDDEN,NO,NO,NO,AFTER_LEAVING,NO,FRIENDS,NEVER,VERIFY_FIRST,YES,APP_OR_HARDWARE,COMPLETELY_UNIQUE,YES,REGULARLY,VERIFY_OUT_OF_BAND,NEVER,REGULARLY,10.0,0.0,2.0,7.5,7.5,7.5,0.0,12.5,0.0,0.0,3.8,LOW,5.0,-1.2
SYNTH_USER_0695,AVERAGE,2026-09-22 15:45:14,PUBLIC,NO,YES,NO,FULL_BIRTHDAY,CITY_ONLY,SOMETIMES,SOMETIMES,IMMEDIATELY,NO,FRIENDS,NEVER,SOMETIMES,NO,APP_OR_HARDWARE,REUSED,YES,NEVER,VERIFY_OUT_OF_BAND,NEVER,RARELY,57.5,56.0,44.0,30.0,55.0,85.0,36.0,75.0,27.5,46.0,47.7,HIGH,29.6,18.1
SYNTH_USER_0696,AVERAGE,2026-08-28 05:03:14,FRIENDS_ONLY,NO,NO,YES,DAY_MONTH_ONLY,NO,NO,SOMETIMES,IMMEDIATELY,NO,PUBLIC,SOMETIMES,SOMETIMES,NO,APP_OR_HARDWARE,REUSED,NOT_SURE,NEVER,VERIFY_OUT_OF_BAND,NEVER,RARELY,37.5,26.0,50.0,40.0,57.5,50.0,64.0,72.5,15.0,68.0,45.5,HIGH,25.4,20.1
SYNTH_USER_0697,HIGH_EXPOSURE,2026-08-16 07:11:14,PUBLIC,YES,NOT_SURE,YES,FULL_BIRTHDAY,YES,YES,YES,IMMEDIATELY,YES,PUBLIC,YES,ACCEPT_MOST,NO,DISABLED,REUSED,NO,NEVER,CLICK_IMMEDIATELY,HESITATE,NEVER,95.0,86.0,96.0,95.0,87.5,85.0,92.0,95.0,87.5,84.0,90.8,CRITICAL,44.0,46.8
SYNTH_USER_0698,AVERAGE,2026-09-20 05:30:14,PUBLIC,YES,YES,YES,FULL_BIRTHDAY,CITY_ONLY,NO,NO,SOMETIMES_LATER,SOMETIMES,FRIENDS,SOMETIMES,VERIFY_FIRST,NOT_SURE,DISABLED,COMPLETELY_UNIQUE,YES,NEVER,INSPECT_URL,NEVER,NEVER,80.0,66.0,40.0,22.5,60.0,40.0,54.0,85.0,25.0,76.0,52.8,HIGH,21.7,31.1
SYNTH_USER_0699,AVERAGE,2026-08-06 11:48:14,FRIENDS_OF_FRIENDS,YES,NOT_SURE,YES,DAY_MONTH_ONLY,CITY_ONLY,NO,SOMETIMES,IMMEDIATELY,SOMETIMES,PUBLIC,NEVER,SOMETIMES,YES,DISABLED,COMPLETELY_UNIQUE,YES,RARELY,VERIFY_OUT_OF_BAND,NEVER,NEVER,70.0,46.0,66.0,35.0,77.5,37.5,46.0,50.0,15.0,76.0,51.6,HIGH,33.3,18.3
SYNTH_USER_0700,HIGH_EXPOSURE,2026-07-13 09:01:14,PUBLIC,YES,NOT_SURE,YES,FULL_BIRTHDAY,CITY_ONLY,YES,YES,IMMEDIATELY,YES,PUBLIC,YES,ACCEPT_MOST,NO,DISABLED,REUSED,NO,NEVER,CLICK_IMMEDIATELY,YES_HELP,NEVER,95.0,74.0,96.0,95.0,87.5,85.0,92.0,95.0,97.5,84.0,90.0,CRITICAL,31.5,58.5
SYNTH_USER_0701,HIGH_EXPOSURE,2026-08-21 23:57:14,PUBLIC,YES,NOT_SURE,YES,FULL_BIRTHDAY,YES,YES,YES,IMMEDIATELY,YES,PUBLIC,SOMETIMES,ACCEPT_MOST,NO,DISABLED,REUSED,NO,NEVER,CLICK_IMMEDIATELY,YES_HELP,NEVER,95.0,86.0,96.0,85.0,87.5,85.0,92.0,95.0,97.5,84.0,90.8,CRITICAL,32.3,58.5
SYNTH_USER_0702,CONSCIOUS,2026-09-13 02:49:14,PRIVATE,NO,NO,NO,HIDDEN,NO,NO,NO,NEVER_CHECKIN,NO,CUSTOM_LISTS,NEVER,REJECT_UNKNOWN,YES,APP_OR_HARDWARE,COMPLETELY_UNIQUE,YES,REGULARLY,VERIFY_OUT_OF_BAND,NEVER,REGULARLY,10.0,0.0,0.0,0.0,7.5,5.0,0.0,12.5,0.0,0.0,2.6,LOW,5.0,-2.4
SYNTH_USER_0703,AVERAGE,2026-08-04 08:20:14,FRIENDS_ONLY,NOT_SURE,YES,NO,FULL_BIRTHDAY,NO,SOMETIMES,SOMETIMES,SOMETIMES_LATER,NO,FRIENDS,SOMETIMES,VERIFY_FIRST,YES,DISABLED,SLIGHT_VARIATION,NOT_SURE,NEVER,VERIFY_OUT_OF_BAND,HESITATE,RARELY,65.0,48.0,40.0,32.5,70.0,60.0,68.0,60.0,15.0,46.0,50.0,HIGH,22.5,27.5
SYNTH_USER_0704,AVERAGE,2026-09-14 08:13:14,FRIENDS_OF_FRIENDS,NOT_SURE,NOT_SURE,YES,FULL_BIRTHDAY,NO,NO,NO,IMMEDIATELY,SOMETIMES,PUBLIC,SOMETIMES,VERIFY_FIRST,NO,SMS_ONLY,SLIGHT_VARIATION,NOT_SURE,NEVER,INSPECT_URL,HESITATE,RARELY,45.0,50.0,50.0,62.5,47.5,72.5,46.0,62.5,42.5,68.0,51.8,HIGH,30.1,21.7
SYNTH_USER_0705,HIGH_EXPOSURE,2026-09-20 08:58:14,PUBLIC,YES,NOT_SURE,YES,FULL_BIRTHDAY,CITY_ONLY,YES,YES,IMMEDIATELY,YES,PUBLIC,SOMETIMES,ACCEPT_MOST,NO,DISABLED,REUSED,NO,NEVER,CLICK_IMMEDIATELY,HESITATE,NEVER,95.0,74.0,96.0,85.0,87.5,85.0,92.0,95.0,87.5,84.0,88.0,CRITICAL,35.3,52.7
SYNTH_USER_0706,CONSCIOUS,2026-09-02 13:42:14,PRIVATE,NO,NO,NO,HIDDEN,NO,NO,NO,AFTER_LEAVING,NO,CUSTOM_LISTS,NEVER,VERIFY_FIRST,YES,APP_OR_HARDWARE,COMPLETELY_UNIQUE,YES,REGULARLY,VERIFY_OUT_OF_BAND,NEVER,REGULARLY,10.0,0.0,2.0,0.0,7.5,0.0,0.0,12.5,0.0,0.0,2.7,LOW,5.0,-2.3
SYNTH_USER_0707,AVERAGE,2026-09-12 06:50:14,PUBLIC,NO,NOT_SURE,NO,FULL_BIRTHDAY,NO,NO,NO,IMMEDIATELY,NO,PUBLIC,NEVER,VERIFY_FIRST,NO,SMS_ONLY,REUSED,NOT_SURE,RARELY,INSPECT_URL,HESITATE,NEVER,57.5,32.0,48.0,35.0,60.0,72.5,64.0,72.5,55.0,54.0,52.3,HIGH,31.3,21.0
SYNTH_USER_0708,AVERAGE,2026-09-21 00:16:14,PUBLIC,NO,YES,NO,FULL_BIRTHDAY,CITY_ONLY,NO,NO,SOMETIMES_LATER,SOMETIMES,PUBLIC,NEVER,SOMETIMES,NOT_SURE,APP_OR_HARDWARE,SLIGHT_VARIATION,NOT_SURE,NEVER,INSPECT_URL,NEVER,NEVER,55.0,48.0,40.0,35.0,67.5,55.0,48.0,60.0,12.5,76.0,46.9,HIGH,29.5,17.4
SYNTH_USER_0709,HIGH_EXPOSURE,2026-09-23 05:55:14,PUBLIC,YES,NOT_SURE,YES,FULL_BIRTHDAY,YES,YES,YES,IMMEDIATELY,YES,PUBLIC,YES,ACCEPT_MOST,NO,DISABLED,REUSED,NO,NEVER,CLICK_IMMEDIATELY,HESITATE,NEVER,95.0,86.0,96.0,95.0,87.5,85.0,92.0,95.0,87.5,84.0,90.8,CRITICAL,35.5,55.3
SYNTH_USER_0710,HIGH_EXPOSURE,2026-09-19 06:29:14,PUBLIC,YES,NOT_SURE,YES,FULL_BIRTHDAY,CITY_ONLY,YES,YES,IMMEDIATELY,YES,PUBLIC,SOMETIMES,ACCEPT_MOST,NO,DISABLED,REUSED,NO,NEVER,CLICK_IMMEDIATELY,YES_HELP,NEVER,95.0,74.0,96.0,85.0,87.5,85.0,92.0,95.0,97.5,84.0,89.0,CRITICAL,47.4,41.6
SYNTH_USER_0711,CONSCIOUS,2026-10-05 14:13:14,FRIENDS_ONLY,NO,NO,NO,DAY_MONTH_ONLY,NO,NO,NO,NEVER_CHECKIN,NO,CUSTOM_LISTS,NEVER,VERIFY_FIRST,YES,APP_OR_HARDWARE,COMPLETELY_UNIQUE,YES,REGULARLY,VERIFY_OUT_OF_BAND,NEVER,REGULARLY,15.0,8.0,0.0,0.0,15.0,7.5,0.0,12.5,0.0,0.0,5.2,LOW,5.0,0.2
SYNTH_USER_0712,AVERAGE,2026-07-20 13:50:14,FRIENDS_ONLY,NO,NO,YES,FULL_BIRTHDAY,NO,NO,NO,IMMEDIATELY,NO,FRIENDS,NEVER,SOMETIMES,NO,SMS_ONLY,REUSED,YES,RARELY,VERIFY_OUT_OF_BAND,NEVER,RARELY,22.5,38.0,48.0,20.0,45.0,85.0,44.0,60.0,12.5,68.0,40.1,HIGH,25.8,14.3
SYNTH_USER_0713,HIGH_EXPOSURE,2026-07-21 14:15:14,PUBLIC,YES,YES,YES,FULL_BIRTHDAY,YES,YES,YES,IMMEDIATELY,YES,PUBLIC,SOMETIMES,ACCEPT_MOST,NO,DISABLED,REUSED,NO,NEVER,CLICK_IMMEDIATELY,HESITATE,NEVER,95.0,94.0,96.0,85.0,87.5,85.0,92.0,95.0,87.5,84.0,91.0,CRITICAL,55.0,36.0
SYNTH_USER_0714,CONSCIOUS,2026-07-13 22:59:14,PRIVATE,NO,NO,NO,HIDDEN,NO,NO,NO,NEVER_CHECKIN,NO,FRIENDS,NEVER,VERIFY_FIRST,YES,APP_OR_HARDWARE,COMPLETELY_UNIQUE,YES,REGULARLY,VERIFY_OUT_OF_BAND,NEVER,REGULARLY,10.0,0.0,0.0,7.5,15.0,7.5,0.0,12.5,0.0,0.0,4.2,LOW,5.0,-0.8
SYNTH_USER_0715,CONSCIOUS,2026-07-09 08:59:14,PRIVATE,NO,NO,NO,DAY_MONTH_ONLY,NO,NO,NO,AFTER_LEAVING,NO,CUSTOM_LISTS,NEVER,VERIFY_FIRST,YES,APP_OR_HARDWARE,COMPLETELY_UNIQUE,YES,REGULARLY,VERIFY_OUT_OF_BAND,NEVER,REGULARLY,0.0,8.0,2.0,0.0,7.5,7.5,0.0,12.5,0.0,0.0,3.2,LOW,5.0,-1.8
SYNTH_USER_0716,CONSCIOUS,2026-09-05 20:47:14,PRIVATE,NO,NO,NO,DAY_MONTH_ONLY,NO,NO,NO,AFTER_LEAVING,NO,FRIENDS,NEVER,VERIFY_FIRST,YES,APP_OR_HARDWARE,COMPLETELY_UNIQUE,YES,REGULARLY,VERIFY_OUT_OF_BAND,NEVER,REGULARLY,10.0,8.0,2.0,7.5,15.0,12.5,0.0,12.5,0.0,0.0,6.0,LOW,5.0,1.0
SYNTH_USER_0717,AVERAGE,2026-08-14 02:21:14,FRIENDS_OF_FRIENDS,YES,YES,YES,DAY_MONTH_ONLY,CITY_ONLY,NO,SOMETIMES,SOMETIMES_LATER,SOMETIMES,PUBLIC,SOMETIMES,VERIFY_FIRST,NOT_SURE,DISABLED,SLIGHT_VARIATION,NOT_SURE,NEVER,VERIFY_OUT_OF_BAND,HESITATE,NEVER,82.5,54.0,52.0,52.5,47.5,55.0,68.0,75.0,42.5,76.0,58.9,HIGH,31.8,27.1
SYNTH_USER_0718,CONSCIOUS,2026-08-13 19:04:14,PRIVATE,NO,NO,NO,HIDDEN,NO,NO,NO,AFTER_LEAVING,NO,CUSTOM_LISTS,NEVER,VERIFY_FIRST,YES,APP_OR_HARDWARE,COMPLETELY_UNIQUE,YES,REGULARLY,VERIFY_OUT_OF_BAND,NEVER,REGULARLY,0.0,0.0,2.0,0.0,7.5,5.0,0.0,12.5,0.0,0.0,1.9,LOW,5.0,-3.1
SYNTH_USER_0719,HIGH_EXPOSURE,2026-09-03 12:33:14,PUBLIC,YES,YES,YES,FULL_BIRTHDAY,YES,YES,YES,IMMEDIATELY,YES,PUBLIC,YES,ACCEPT_MOST,NO,DISABLED,REUSED,NO,NEVER,CLICK_IMMEDIATELY,HESITATE,NEVER,95.0,94.0,96.0,95.0,87.5,85.0,92.0,95.0,87.5,84.0,92.0,CRITICAL,45.6,46.4
SYNTH_USER_0720,CONSCIOUS,2026-08-08 19:43:14,PRIVATE,NO,NO,NO,HIDDEN,NO,NO,NO,AFTER_LEAVING,NO,CUSTOM_LISTS,NEVER,VERIFY_FIRST,YES,APP_OR_HARDWARE,COMPLETELY_UNIQUE,YES,REGULARLY,VERIFY_OUT_OF_BAND,NEVER,REGULARLY,0.0,0.0,2.0,0.0,7.5,12.5,0.0,12.5,0.0,0.0,2.3,LOW,5.0,-2.7
SYNTH_USER_0721,HIGH_EXPOSURE,2026-10-05 01:59:14,PUBLIC,YES,NOT_SURE,YES,FULL_BIRTHDAY,YES,YES,YES,IMMEDIATELY,YES,PUBLIC,YES,ACCEPT_MOST,NO,DISABLED,REUSED,NO,NEVER,CLICK_IMMEDIATELY,YES_HELP,NEVER,95.0,86.0,96.0,95.0,87.5,85.0,92.0,95.0,97.5,84.0,91.8,CRITICAL,49.3,42.5
SYNTH_USER_0722,AVERAGE,2026-09-11 02:27:14,PUBLIC,YES,NOT_SURE,NO,FULL_BIRTHDAY,CITY_ONLY,SOMETIMES,SOMETIMES,SOMETIMES_LATER,SOMETIMES,PUBLIC,NEVER,VERIFY_FIRST,YES,APP_OR_HARDWARE,REUSED,NOT_SURE,RARELY,INSPECT_URL,NEVER,NEVER,67.5,48.0,46.0,35.0,47.5,32.5,56.0,50.0,12.5,60.0,45.9,HIGH,29.0,16.9
SYNTH_USER_0723,AVERAGE,2026-08-20 18:11:14,FRIENDS_OF_FRIENDS,YES,NOT_SURE,YES,DAY_MONTH_ONLY,NO,SOMETIMES,NO,IMMEDIATELY,SOMETIMES,PUBLIC,SOMETIMES,SOMETIMES,YES,APP_OR_HARDWARE,REUSED,YES,RARELY,VERIFY_OUT_OF_BAND,NEVER,RARELY,82.5,46.0,60.0,40.0,55.0,45.0,46.0,47.5,12.5,46.0,48.7,HIGH,30.8,17.9
SYNTH_USER_0724,HIGH_EXPOSURE,2026-08-20 20:29:14,PUBLIC,YES,NOT_SURE,YES,FULL_BIRTHDAY,YES,YES,YES,IMMEDIATELY,YES,PUBLIC,YES,ACCEPT_MOST,NO,DISABLED,REUSED,NO,NEVER,CLICK_IMMEDIATELY,YES_HELP,NEVER,95.0,86.0,96.0,95.0,87.5,85.0,92.0,95.0,97.5,84.0,91.8,CRITICAL,43.0,48.8
SYNTH_USER_0725,CONSCIOUS,2026-07-07 20:27:14,FRIENDS_ONLY,NO,NO,NO,DAY_MONTH_ONLY,NO,NO,NO,AFTER_LEAVING,NO,FRIENDS,NEVER,VERIFY_FIRST,YES,APP_OR_HARDWARE,COMPLETELY_UNIQUE,YES,REGULARLY,VERIFY_OUT_OF_BAND,NEVER,REGULARLY,5.0,8.0,2.0,7.5,15.0,0.0,0.0,12.5,0.0,0.0,4.9,LOW,5.0,-0.1
SYNTH_USER_0726,AVERAGE,2026-08-16 00:12:14,PUBLIC,NOT_SURE,NO,NO,DAY_MONTH_ONLY,NO,NO,SOMETIMES,SOMETIMES_LATER,SOMETIMES,PUBLIC,SOMETIMES,VERIFY_FIRST,YES,SMS_ONLY,SLIGHT_VARIATION,YES,NEVER,VERIFY_OUT_OF_BAND,HESITATE,RARELY,57.5,8.0,52.0,50.0,47.5,47.5,36.0,75.0,30.0,54.0,41.7,HIGH,15.0,26.7
SYNTH_USER_0727,AVERAGE,2026-07-28 16:44:14,FRIENDS_ONLY,YES,NOT_SURE,NO,DAY_MONTH_ONLY,NO,NO,SOMETIMES,SOMETIMES_LATER,SOMETIMES,FRIENDS,SOMETIMES,SOMETIMES,NOT_SURE,DISABLED,REUSED,NOT_SURE,NEVER,VERIFY_OUT_OF_BAND,HESITATE,RARELY,75.0,20.0,56.0,22.5,55.0,40.0,76.0,62.5,27.5,54.0,48.6,HIGH,26.6,22.0
SYNTH_USER_0728,CONSCIOUS,2026-08-08 22:34:14,PRIVATE,NO,NO,NO,HIDDEN,NO,NO,NO,AFTER_LEAVING,NO,CUSTOM_LISTS,NEVER,REJECT_UNKNOWN,YES,APP_OR_HARDWARE,COMPLETELY_UNIQUE,YES,REGULARLY,VERIFY_OUT_OF_BAND,NEVER,REGULARLY,10.0,0.0,2.0,0.0,7.5,12.5,0.0,12.5,0.0,0.0,3.3,LOW,5.0,-1.7
SYNTH_USER_0729,HIGH_EXPOSURE,2026-07-29 05:30:14,PUBLIC,YES,NOT_SURE,YES,FULL_BIRTHDAY,CITY_ONLY,YES,YES,IMMEDIATELY,YES,PUBLIC,YES,ACCEPT_MOST,NO,DISABLED,REUSED,NO,NEVER,CLICK_IMMEDIATELY,HESITATE,NEVER,95.0,74.0,96.0,95.0,87.5,85.0,92.0,95.0,87.5,84.0,89.0,CRITICAL,34.1,54.9
SYNTH_USER_0730,HIGH_EXPOSURE,2026-08-08 00:42:14,PUBLIC,YES,YES,YES,FULL_BIRTHDAY,CITY_ONLY,YES,YES,IMMEDIATELY,YES,PUBLIC,YES,ACCEPT_MOST,NO,DISABLED,REUSED,NO,NEVER,CLICK_IMMEDIATELY,HESITATE,NEVER,95.0,82.0,96.0,95.0,87.5,85.0,92.0,95.0,87.5,84.0,90.2,CRITICAL,38.5,51.7
SYNTH_USER_0731,HIGH_EXPOSURE,2026-07-23 17:02:14,PUBLIC,YES,YES,YES,FULL_BIRTHDAY,YES,YES,YES,IMMEDIATELY,YES,PUBLIC,SOMETIMES,ACCEPT_MOST,NO,DISABLED,REUSED,NO,NEVER,CLICK_IMMEDIATELY,HESITATE,NEVER,95.0,94.0,96.0,85.0,87.5,85.0,92.0,95.0,87.5,84.0,91.0,CRITICAL,55.2,35.8
SYNTH_USER_0732,CONSCIOUS,2026-10-01 10:40:14,PRIVATE,NO,NO,NO,DAY_MONTH_ONLY,NO,NO,NO,NEVER_CHECKIN,NO,FRIENDS,NEVER,VERIFY_FIRST,YES,APP_OR_HARDWARE,COMPLETELY_UNIQUE,YES,REGULARLY,VERIFY_OUT_OF_BAND,NEVER,REGULARLY,10.0,8.0,0.0,7.5,7.5,12.5,0.0,12.5,0.0,0.0,5.0,LOW,5.0,0.0
SYNTH_USER_0733,AVERAGE,2026-09-04 23:42:14,FRIENDS_OF_FRIENDS,NO,NO,YES,DAY_MONTH_ONLY,CITY_ONLY,SOMETIMES,NO,IMMEDIATELY,NO,PUBLIC,NEVER,VERIFY_FIRST,NOT_SURE,SMS_ONLY,REUSED,NOT_SURE,RARELY,INSPECT_URL,NEVER,NEVER,30.0,42.0,42.0,37.5,47.5,62.5,54.0,60.0,12.5,84.0,43.8,HIGH,17.0,26.8
SYNTH_USER_0734,HIGH_EXPOSURE,2026-08-06 02:31:14,PUBLIC,YES,NOT_SURE,YES,FULL_BIRTHDAY,CITY_ONLY,YES,YES,IMMEDIATELY,YES,PUBLIC,SOMETIMES,ACCEPT_MOST,NO,DISABLED,REUSED,NO,NEVER,CLICK_IMMEDIATELY,HESITATE,NEVER,95.0,74.0,96.0,85.0,87.5,85.0,92.0,95.0,87.5,84.0,88.0,CRITICAL,31.4,56.6
SYNTH_USER_0735,AVERAGE,2026-08-02 17:39:14,PUBLIC,NO,NOT_SURE,YES,DAY_MONTH_ONLY,CITY_ONLY,NO,NO,SOMETIMES_LATER,SOMETIMES,FRIENDS,SOMETIMES,SOMETIMES,NOT_SURE,SMS_ONLY,SLIGHT_VARIATION,YES,RARELY,INSPECT_URL,HESITATE,NEVER,70.0,46.0,34.0,32.5,77.5,67.5,54.0,62.5,55.0,68.0,53.5,HIGH,18.7,34.8
SYNTH_USER_0736,CONSCIOUS,2026-09-12 06:28:14,FRIENDS_ONLY,NO,NO,NO,DAY_MONTH_ONLY,NO,NO,NO,NEVER_CHECKIN,NO,CUSTOM_LISTS,NEVER,REJECT_UNKNOWN,YES,APP_OR_HARDWARE,COMPLETELY_UNIQUE,YES,REGULARLY,VERIFY_OUT_OF_BAND,NEVER,REGULARLY,5.0,8.0,0.0,0.0,7.5,12.5,0.0,12.5,0.0,0.0,3.7,LOW,5.0,-1.3
SYNTH_USER_0737,HIGH_EXPOSURE,2026-07-07 12:16:14,PUBLIC,YES,YES,YES,FULL_BIRTHDAY,YES,YES,YES,IMMEDIATELY,YES,PUBLIC,SOMETIMES,ACCEPT_MOST,NO,DISABLED,REUSED,NO,NEVER,CLICK_IMMEDIATELY,YES_HELP,NEVER,95.0,94.0,96.0,85.0,87.5,85.0,92.0,95.0,97.5,84.0,92.0,CRITICAL,43.4,48.6
SYNTH_USER_0738,HIGH_EXPOSURE,2026-09-08 18:38:14,PUBLIC,YES,YES,YES,FULL_BIRTHDAY,CITY_ONLY,YES,YES,IMMEDIATELY,YES,PUBLIC,YES,ACCEPT_MOST,NO,DISABLED,REUSED,NO,NEVER,CLICK_IMMEDIATELY,YES_HELP,NEVER,95.0,82.0,96.0,95.0,87.5,85.0,92.0,95.0,97.5,84.0,91.2,CRITICAL,35.7,55.5
SYNTH_USER_0739,AVERAGE,2026-08-06 20:05:14,FRIENDS_ONLY,NO,NOT_SURE,NO,FULL_BIRTHDAY,NO,SOMETIMES,NO,IMMEDIATELY,NO,PUBLIC,SOMETIMES,SOMETIMES,NO,SMS_ONLY,COMPLETELY_UNIQUE,YES,NEVER,VERIFY_OUT_OF_BAND,HESITATE,NEVER,35.0,40.0,32.0,50.0,55.0,70.0,24.0,85.0,42.5,62.0,43.5,HIGH,19.5,24.0
SYNTH_USER_0740,AVERAGE,2026-07-09 11:57:14,FRIENDS_OF_FRIENDS,YES,NOT_SURE,YES,FULL_BIRTHDAY,NO,NO,SOMETIMES,SOMETIMES_LATER,SOMETIMES,FRIENDS,SOMETIMES,SOMETIMES,YES,DISABLED,SLIGHT_VARIATION,YES,NEVER,VERIFY_OUT_OF_BAND,HESITATE,NEVER,55.0,50.0,56.0,45.0,57.5,52.5,48.0,85.0,30.0,68.0,52.1,HIGH,33.8,18.3
SYNTH_USER_0741,CONSCIOUS,2026-07-09 21:21:14,FRIENDS_ONLY,NO,NO,NO,HIDDEN,NO,NO,NO,AFTER_LEAVING,NO,FRIENDS,NEVER,REJECT_UNKNOWN,YES,APP_OR_HARDWARE,COMPLETELY_UNIQUE,YES,REGULARLY,VERIFY_OUT_OF_BAND,NEVER,REGULARLY,15.0,0.0,2.0,7.5,7.5,7.5,0.0,12.5,0.0,0.0,4.3,LOW,5.0,-0.7
SYNTH_USER_0742,HIGH_EXPOSURE,2026-07-29 18:42:14,PUBLIC,YES,NOT_SURE,YES,FULL_BIRTHDAY,YES,YES,YES,IMMEDIATELY,YES,PUBLIC,YES,ACCEPT_MOST,NO,DISABLED,REUSED,NO,NEVER,CLICK_IMMEDIATELY,YES_HELP,NEVER,95.0,86.0,96.0,95.0,87.5,85.0,92.0,95.0,97.5,84.0,91.8,CRITICAL,44.9,46.9
SYNTH_USER_0743,AVERAGE,2026-08-23 03:25:14,FRIENDS_OF_FRIENDS,NOT_SURE,NO,NO,DAY_MONTH_ONLY,NO,SOMETIMES,SOMETIMES,SOMETIMES_LATER,SOMETIMES,FRIENDS,SOMETIMES,SOMETIMES,NO,DISABLED,SLIGHT_VARIATION,YES,NEVER,VERIFY_OUT_OF_BAND,NEVER,NEVER,72.5,16.0,56.0,35.0,67.5,72.5,66.0,62.5,12.5,60.0,49.2,HIGH,20.7,28.5
SYNTH_USER_0744,HIGH_EXPOSURE,2026-08-21 05:05:14,PUBLIC,YES,YES,YES,FULL_BIRTHDAY,CITY_ONLY,YES,YES,IMMEDIATELY,YES,PUBLIC,SOMETIMES,ACCEPT_MOST,NO,DISABLED,REUSED,NO,NEVER,CLICK_IMMEDIATELY,YES_HELP,NEVER,95.0,82.0,96.0,85.0,87.5,85.0,92.0,95.0,97.5,84.0,90.2,CRITICAL,38.6,51.6
SYNTH_USER_0745,CONSCIOUS,2026-07-08 04:04:14,PRIVATE,NO,NO,NO,DAY_MONTH_ONLY,NO,NO,NO,NEVER_CHECKIN,NO,FRIENDS,NEVER,VERIFY_FIRST,YES,APP_OR_HARDWARE,COMPLETELY_UNIQUE,YES,REGULARLY,VERIFY_OUT_OF_BAND,NEVER,REGULARLY,10.0,8.0,0.0,7.5,7.5,7.5,0.0,12.5,0.0,0.0,4.7,LOW,5.0,-0.3
SYNTH_USER_0746,HIGH_EXPOSURE,2026-08-11 14:38:14,PUBLIC,YES,NOT_SURE,YES,FULL_BIRTHDAY,CITY_ONLY,YES,YES,IMMEDIATELY,YES,PUBLIC,SOMETIMES,ACCEPT_MOST,NO,DISABLED,REUSED,NO,NEVER,CLICK_IMMEDIATELY,YES_HELP,NEVER,95.0,74.0,96.0,85.0,87.5,85.0,92.0,95.0,97.5,84.0,89.0,CRITICAL,54.0,35.0
SYNTH_USER_0747,AVERAGE,2026-09-30 09:56:14,FRIENDS_OF_FRIENDS,YES,YES,YES,FULL_BIRTHDAY,NO,SOMETIMES,SOMETIMES,SOMETIMES_LATER,SOMETIMES,PUBLIC,NEVER,VERIFY_FIRST,NO,DISABLED,SLIGHT_VARIATION,YES,RARELY,VERIFY_OUT_OF_BAND,NEVER,RARELY,55.0,66.0,46.0,35.0,47.5,85.0,66.0,50.0,0.0,62.0,50.3,HIGH,32.2,18.1
SYNTH_USER_0748,HIGH_EXPOSURE,2026-09-15 04:44:14,PUBLIC,YES,YES,YES,FULL_BIRTHDAY,YES,YES,YES,IMMEDIATELY,YES,PUBLIC,YES,ACCEPT_MOST,NO,DISABLED,REUSED,NO,NEVER,CLICK_IMMEDIATELY,HESITATE,NEVER,95.0,94.0,96.0,95.0,87.5,85.0,92.0,95.0,87.5,84.0,92.0,CRITICAL,53.6,38.4
SYNTH_USER_0749,AVERAGE,2026-07-14 17:49:14,FRIENDS_OF_FRIENDS,NOT_SURE,NO,YES,DAY_MONTH_ONLY,NO,NO,SOMETIMES,SOMETIMES_LATER,NO,FRIENDS,NEVER,VERIFY_FIRST,NO,DISABLED,SLIGHT_VARIATION,NOT_SURE,RARELY,INSPECT_URL,NEVER,RARELY,60.0,26.0,34.0,20.0,37.5,50.0,68.0,37.5,27.5,60.0,41.1,HIGH,15.0,26.1
SYNTH_USER_0750,CONSCIOUS,2026-09-05 14:54:14,FRIENDS_ONLY,NO,NO,NO,HIDDEN,NO,NO,NO,AFTER_LEAVING,NO,FRIENDS,NEVER,VERIFY_FIRST,YES,APP_OR_HARDWARE,COMPLETELY_UNIQUE,YES,REGULARLY,VERIFY_OUT_OF_BAND,NEVER,REGULARLY,15.0,0.0,2.0,7.5,7.5,12.5,0.0,12.5,0.0,0.0,4.5,LOW,5.0,-0.5
SYNTH_USER_0751,CONSCIOUS,2026-09-23 13:25:14,PRIVATE,NO,NO,NO,HIDDEN,NO,NO,NO,NEVER_CHECKIN,NO,FRIENDS,NEVER,VERIFY_FIRST,YES,APP_OR_HARDWARE,COMPLETELY_UNIQUE,YES,REGULARLY,VERIFY_OUT_OF_BAND,NEVER,REGULARLY,10.0,0.0,0.0,7.5,7.5,7.5,0.0,12.5,0.0,0.0,3.5,LOW,5.0,-1.5
SYNTH_USER_0752,AVERAGE,2026-09-07 22:32:14,PUBLIC,NO,YES,YES,FULL_BIRTHDAY,CITY_ONLY,SOMETIMES,SOMETIMES,SOMETIMES_LATER,NO,FRIENDS,SOMETIMES,VERIFY_FIRST,NOT_SURE,APP_OR_HARDWARE,SLIGHT_VARIATION,NOT_SURE,NEVER,VERIFY_OUT_OF_BAND,HESITATE,NEVER,42.5,74.0,34.0,45.0,47.5,60.0,56.0,62.5,42.5,78.0,52.4,HIGH,26.8,25.6
SYNTH_USER_0753,CONSCIOUS,2026-09-09 12:39:14,PRIVATE,NO,NO,NO,DAY_MONTH_ONLY,NO,NO,NO,AFTER_LEAVING,NO,FRIENDS,NEVER,REJECT_UNKNOWN,YES,APP_OR_HARDWARE,COMPLETELY_UNIQUE,YES,REGULARLY,VERIFY_OUT_OF_BAND,NEVER,REGULARLY,0.0,8.0,2.0,7.5,7.5,0.0,0.0,12.5,0.0,0.0,3.6,LOW,5.0,-1.4
SYNTH_USER_0754,CONSCIOUS,2026-07-12 00:17:14,PRIVATE,NO,NO,NO,DAY_MONTH_ONLY,NO,NO,NO,AFTER_LEAVING,NO,FRIENDS,NEVER,REJECT_UNKNOWN,YES,APP_OR_HARDWARE,COMPLETELY_UNIQUE,YES,REGULARLY,VERIFY_OUT_OF_BAND,NEVER,REGULARLY,0.0,8.0,2.0,7.5,7.5,12.5,0.0,12.5,0.0,0.0,4.2,LOW,5.0,-0.8
SYNTH_USER_0755,AVERAGE,2026-08-14 15:26:14,FRIENDS_OF_FRIENDS,NO,NOT_SURE,YES,FULL_BIRTHDAY,CITY_ONLY,NO,NO,IMMEDIATELY,SOMETIMES,PUBLIC,NEVER,VERIFY_FIRST,NOT_SURE,SMS_ONLY,REUSED,NOT_SURE,RARELY,VERIFY_OUT_OF_BAND,HESITATE,RARELY,30.0,58.0,44.0,47.5,50.0,60.0,54.0,72.5,42.5,62.0,50.1,HIGH,17.9,32.2
SYNTH_USER_0756,AVERAGE,2026-07-19 15:53:14,PUBLIC,NOT_SURE,NO,NO,DAY_MONTH_ONLY,NO,SOMETIMES,NO,IMMEDIATELY,NO,FRIENDS,SOMETIMES,SOMETIMES,NO,DISABLED,REUSED,YES,NEVER,VERIFY_OUT_OF_BAND,HESITATE,RARELY,70.0,16.0,38.0,32.5,55.0,77.5,66.0,62.5,15.0,60.0,45.2,HIGH,20.3,24.9
SYNTH_USER_0757,AVERAGE,2026-08-15 19:12:14,FRIENDS_ONLY,YES,NOT_SURE,YES,DAY_MONTH_ONLY,NO,SOMETIMES,NO,SOMETIMES_LATER,SOMETIMES,PUBLIC,NEVER,VERIFY_FIRST,NOT_SURE,SMS_ONLY,REUSED,NOT_SURE,RARELY,VERIFY_OUT_OF_BAND,NEVER,RARELY,62.5,46.0,34.0,25.0,70.0,40.0,62.0,60.0,0.0,54.0,44.8,HIGH,22.2,22.6
SYNTH_USER_0758,CONSCIOUS,2026-09-17 17:00:14,FRIENDS_ONLY,NO,NO,NO,HIDDEN,NO,NO,NO,AFTER_LEAVING,NO,CUSTOM_LISTS,NEVER,REJECT_UNKNOWN,YES,APP_OR_HARDWARE,COMPLETELY_UNIQUE,YES,REGULARLY,VERIFY_OUT_OF_BAND,NEVER,REGULARLY,5.0,0.0,2.0,0.0,0.0,7.5,0.0,12.5,0.0,0.0,1.8,LOW,5.0,-3.2
SYNTH_USER_0759,AVERAGE,2026-08-20 12:22:14,FRIENDS_OF_FRIENDS,NO,NOT_SURE,NO,FULL_BIRTHDAY,CITY_ONLY,NO,NO,IMMEDIATELY,NO,FRIENDS,NEVER,VERIFY_FIRST,NO,APP_OR_HARDWARE,SLIGHT_VARIATION,NOT_SURE,NEVER,INSPECT_URL,NEVER,RARELY,42.5,40.0,42.0,30.0,50.0,72.5,48.0,62.5,27.5,62.0,44.4,HIGH,19.0,25.4
SYNTH_USER_0760,AVERAGE,2026-07-20 14:32:14,FRIENDS_ONLY,NOT_SURE,YES,YES,DAY_MONTH_ONLY,NO,NO,NO,IMMEDIATELY,SOMETIMES,FRIENDS,NEVER,VERIFY_FIRST,NOT_SURE,SMS_ONLY,COMPLETELY_UNIQUE,NOT_SURE,RARELY,VERIFY_OUT_OF_BAND,HESITATE,RARELY,50.0,46.0,44.0,20.0,70.0,55.0,42.0,60.0,30.0,46.0,44.8,HIGH,22.2,22.6
SYNTH_USER_0761,AVERAGE,2026-07-09 18:30:14,FRIENDS_OF_FRIENDS,NO,YES,NO,FULL_BIRTHDAY,CITY_ONLY,NO,SOMETIMES,SOMETIMES_LATER,NO,PUBLIC,NEVER,SOMETIMES,NO,APP_OR_HARDWARE,SLIGHT_VARIATION,NOT_SURE,RARELY,INSPECT_URL,NEVER,RARELY,30.0,48.0,50.0,25.0,55.0,77.5,38.0,50.0,12.5,54.0,41.7,HIGH,20.2,21.5
SYNTH_USER_0762,HIGH_EXPOSURE,2026-10-02 11:41:14,PUBLIC,YES,NOT_SURE,YES,FULL_BIRTHDAY,YES,YES,YES,IMMEDIATELY,YES,PUBLIC,SOMETIMES,ACCEPT_MOST,NO,DISABLED,REUSED,NO,NEVER,CLICK_IMMEDIATELY,YES_HELP,NEVER,95.0,86.0,96.0,85.0,87.5,85.0,92.0,95.0,97.5,84.0,90.8,CRITICAL,56.0,34.8
SYNTH_USER_0763,AVERAGE,2026-09-18 00:42:14,PUBLIC,NOT_SURE,NOT_SURE,NO,FULL_BIRTHDAY,NO,NO,SOMETIMES,SOMETIMES_LATER,NO,FRIENDS,NEVER,SOMETIMES,NOT_SURE,APP_OR_HARDWARE,COMPLETELY_UNIQUE,NOT_SURE,RARELY,VERIFY_OUT_OF_BAND,HESITATE,RARELY,72.5,32.0,50.0,30.0,67.5,40.0,36.0,60.0,42.5,62.0,47.1,HIGH,20.7,26.4
SYNTH_USER_0764,CONSCIOUS,2026-08-03 06:10:14,PRIVATE,NO,NO,NO,HIDDEN,NO,NO,NO,NEVER_CHECKIN,NO,CUSTOM_LISTS,NEVER,VERIFY_FIRST,YES,APP_OR_HARDWARE,COMPLETELY_UNIQUE,YES,REGULARLY,VERIFY_OUT_OF_BAND,NEVER,REGULARLY,0.0,0.0,0.0,0.0,7.5,7.5,0.0,12.5,0.0,0.0,1.8,LOW,5.0,-3.2
SYNTH_USER_0765,AVERAGE,2026-08-24 08:30:14,FRIENDS_ONLY,NO,NOT_SURE,NO,FULL_BIRTHDAY,NO,SOMETIMES,NO,IMMEDIATELY,NO,PUBLIC,SOMETIMES,SOMETIMES,NO,APP_OR_HARDWARE,SLIGHT_VARIATION,YES,RARELY,INSPECT_URL,HESITATE,RARELY,35.0,40.0,32.0,62.5,45.0,85.0,38.0,37.5,55.0,54.0,45.1,HIGH,16.3,28.8
SYNTH_USER_0766,AVERAGE,2026-09-07 01:58:14,PUBLIC,NOT_SURE,NOT_SURE,YES,DAY_MONTH_ONLY,CITY_ONLY,NO,NO,SOMETIMES_LATER,SOMETIMES,PUBLIC,NEVER,SOMETIMES,YES,SMS_ONLY,SLIGHT_VARIATION,YES,RARELY,VERIFY_OUT_OF_BAND,NEVER,RARELY,72.5,46.0,44.0,35.0,55.0,45.0,46.0,47.5,27.5,60.0,47.0,HIGH,19.2,27.8
SYNTH_USER_0767,AVERAGE,2026-07-24 19:42:14,FRIENDS_OF_FRIENDS,NOT_SURE,NOT_SURE,NO,FULL_BIRTHDAY,CITY_ONLY,SOMETIMES,NO,IMMEDIATELY,SOMETIMES,FRIENDS,NEVER,SOMETIMES,YES,DISABLED,REUSED,NOT_SURE,NEVER,INSPECT_URL,NEVER,RARELY,72.5,48.0,54.0,30.0,65.0,40.0,84.0,75.0,25.0,52.0,55.5,HIGH,24.7,30.8
SYNTH_USER_0768,CONSCIOUS,2026-07-24 15:16:14,FRIENDS_ONLY,NO,NO,NO,HIDDEN,NO,NO,NO,AFTER_LEAVING,NO,CUSTOM_LISTS,NEVER,REJECT_UNKNOWN,YES,APP_OR_HARDWARE,COMPLETELY_UNIQUE,YES,REGULARLY,VERIFY_OUT_OF_BAND,NEVER,REGULARLY,15.0,0.0,2.0,0.0,7.5,5.0,0.0,12.5,0.0,0.0,3.4,LOW,5.0,-1.6
SYNTH_USER_0769,AVERAGE,2026-09-11 22:19:14,FRIENDS_OF_FRIENDS,NOT_SURE,NOT_SURE,YES,DAY_MONTH_ONLY,NO,NO,SOMETIMES,IMMEDIATELY,NO,PUBLIC,SOMETIMES,SOMETIMES,YES,DISABLED,REUSED,NOT_SURE,RARELY,INSPECT_URL,NEVER,NEVER,60.0,38.0,54.0,40.0,57.5,60.0,76.0,47.5,40.0,84.0,54.5,HIGH,20.0,34.5
SYNTH_USER_0770,AVERAGE,2026-07-28 16:54:14,FRIENDS_OF_FRIENDS,NO,NOT_SURE,YES,FULL_BIRTHDAY,CITY_ONLY,NO,SOMETIMES,SOMETIMES_LATER,NO,PUBLIC,SOMETIMES,SOMETIMES,YES,SMS_ONLY,SLIGHT_VARIATION,NOT_SURE,NEVER,VERIFY_OUT_OF_BAND,NEVER,RARELY,57.5,58.0,40.0,40.0,65.0,52.5,56.0,72.5,12.5,54.0,49.6,HIGH,30.0,19.6
SYNTH_USER_0771,HIGH_EXPOSURE,2026-09-23 10:20:14,PUBLIC,YES,YES,YES,FULL_BIRTHDAY,CITY_ONLY,YES,YES,IMMEDIATELY,YES,PUBLIC,YES,ACCEPT_MOST,NO,DISABLED,REUSED,NO,NEVER,CLICK_IMMEDIATELY,YES_HELP,NEVER,95.0,82.0,96.0,95.0,87.5,85.0,92.0,95.0,97.5,84.0,91.2,CRITICAL,53.5,37.7
SYNTH_USER_0772,AVERAGE,2026-08-17 23:56:14,PUBLIC,NO,NO,YES,FULL_BIRTHDAY,CITY_ONLY,NO,NO,SOMETIMES_LATER,NO,PUBLIC,SOMETIMES,SOMETIMES,NO,DISABLED,SLIGHT_VARIATION,NOT_SURE,NEVER,INSPECT_URL,NEVER,NEVER,55.0,46.0,22.0,40.0,45.0,62.5,58.0,75.0,40.0,68.0,47.2,HIGH,25.9,21.3
SYNTH_USER_0773,AVERAGE,2026-08-02 01:50:14,FRIENDS_ONLY,NO,NOT_SURE,YES,DAY_MONTH_ONLY,NO,NO,SOMETIMES,IMMEDIATELY,SOMETIMES,PUBLIC,NEVER,VERIFY_FIRST,NOT_SURE,SMS_ONLY,SLIGHT_VARIATION,NOT_SURE,NEVER,VERIFY_OUT_OF_BAND,HESITATE,NEVER,35.0,38.0,72.0,47.5,60.0,52.5,56.0,62.5,42.5,78.0,53.0,HIGH,33.1,19.9
SYNTH_USER_0774,AVERAGE,2026-09-10 00:15:14,FRIENDS_ONLY,YES,NOT_SURE,NO,FULL_BIRTHDAY,CITY_ONLY,NO,NO,SOMETIMES_LATER,SOMETIMES,PUBLIC,NEVER,SOMETIMES,NOT_SURE,APP_OR_HARDWARE,SLIGHT_VARIATION,NOT_SURE,NEVER,VERIFY_OUT_OF_BAND,HESITATE,RARELY,47.5,40.0,40.0,25.0,55.0,40.0,46.0,60.0,30.0,76.0,43.4,HIGH,25.6,17.8
SYNTH_USER_0775,AVERAGE,2026-09-27 01:26:14,FRIENDS_ONLY,NOT_SURE,NOT_SURE,YES,DAY_MONTH_ONLY,NO,SOMETIMES,NO,SOMETIMES_LATER,NO,PUBLIC,NEVER,SOMETIMES,YES,APP_OR_HARDWARE,REUSED,NOT_SURE,RARELY,INSPECT_URL,HESITATE,NEVER,52.5,46.0,22.0,37.5,55.0,47.5,54.0,72.5,42.5,76.0,46.8,HIGH,28.3,18.5
SYNTH_USER_0776,CONSCIOUS,2026-09-03 08:33:14,FRIENDS_ONLY,NO,NO,NO,HIDDEN,NO,NO,NO,NEVER_CHECKIN,NO,FRIENDS,NEVER,REJECT_UNKNOWN,YES,APP_OR_HARDWARE,COMPLETELY_UNIQUE,YES,REGULARLY,VERIFY_OUT_OF_BAND,NEVER,REGULARLY,5.0,0.0,0.0,7.5,7.5,0.0,0.0,12.5,0.0,0.0,2.6,LOW,5.0,-2.4
SYNTH_USER_0777,AVERAGE,2026-09-02 08:52:14,FRIENDS_OF_FRIENDS,YES,NO,YES,DAY_MONTH_ONLY,NO,SOMETIMES,NO,IMMEDIATELY,SOMETIMES,PUBLIC,SOMETIMES,SOMETIMES,NOT_SURE,SMS_ONLY,REUSED,YES,RARELY,INSPECT_URL,HESITATE,NEVER,55.0,34.0,44.0,40.0,57.5,47.5,52.0,72.5,27.5,60.0,46.5,HIGH,23.0,23.5
SYNTH_USER_0778,CONSCIOUS,2026-09-27 20:28:14,PRIVATE,NO,NO,NO,DAY_MONTH_ONLY,NO,NO,NO,AFTER_LEAVING,NO,FRIENDS,NEVER,VERIFY_FIRST,YES,APP_OR_HARDWARE,COMPLETELY_UNIQUE,YES,REGULARLY,VERIFY_OUT_OF_BAND,NEVER,REGULARLY,0.0,8.0,2.0,7.5,7.5,0.0,0.0,12.5,0.0,0.0,3.6,LOW,5.0,-1.4
SYNTH_USER_0779,CONSCIOUS,2026-09-19 00:52:14,FRIENDS_ONLY,NO,NO,NO,HIDDEN,NO,NO,NO,NEVER_CHECKIN,NO,FRIENDS,NEVER,REJECT_UNKNOWN,YES,APP_OR_HARDWARE,COMPLETELY_UNIQUE,YES,REGULARLY,VERIFY_OUT_OF_BAND,NEVER,REGULARLY,5.0,0.0,0.0,7.5,7.5,0.0,0.0,12.5,0.0,0.0,2.6,LOW,5.0,-2.4
SYNTH_USER_0780,AVERAGE,2026-07-08 05:06:14,PUBLIC,NO,NO,YES,FULL_BIRTHDAY,CITY_ONLY,NO,SOMETIMES,SOMETIMES_LATER,SOMETIMES,FRIENDS,NEVER,VERIFY_FIRST,NO,DISABLED,SLIGHT_VARIATION,YES,RARELY,INSPECT_URL,HESITATE,RARELY,42.5,46.0,46.0,17.5,60.0,62.5,48.0,37.5,27.5,60.0,43.8,HIGH,25.0,18.8
SYNTH_USER_0781,HIGH_EXPOSURE,2026-07-27 11:52:14,PUBLIC,YES,NOT_SURE,YES,FULL_BIRTHDAY,CITY_ONLY,YES,YES,IMMEDIATELY,YES,PUBLIC,YES,ACCEPT_MOST,NO,DISABLED,REUSED,NO,NEVER,CLICK_IMMEDIATELY,HESITATE,NEVER,95.0,74.0,96.0,95.0,87.5,85.0,92.0,95.0,87.5,84.0,89.0,CRITICAL,46.8,42.2
SYNTH_USER_0782,HIGH_EXPOSURE,2026-09-27 07:23:14,PUBLIC,YES,YES,YES,FULL_BIRTHDAY,YES,YES,YES,IMMEDIATELY,YES,PUBLIC,YES,ACCEPT_MOST,NO,DISABLED,REUSED,NO,NEVER,CLICK_IMMEDIATELY,HESITATE,NEVER,95.0,94.0,96.0,95.0,87.5,85.0,92.0,95.0,87.5,84.0,92.0,CRITICAL,40.5,51.5
SYNTH_USER_0783,CONSCIOUS,2026-09-01 17:39:14,PRIVATE,NO,NO,NO,HIDDEN,NO,NO,NO,NEVER_CHECKIN,NO,FRIENDS,NEVER,REJECT_UNKNOWN,YES,APP_OR_HARDWARE,COMPLETELY_UNIQUE,YES,REGULARLY,VERIFY_OUT_OF_BAND,NEVER,REGULARLY,0.0,0.0,0.0,7.5,7.5,7.5,0.0,12.5,0.0,0.0,2.5,LOW,5.0,-2.5
SYNTH_USER_0784,AVERAGE,2026-09-26 04:41:14,FRIENDS_ONLY,NO,NO,YES,DAY_MONTH_ONLY,CITY_ONLY,SOMETIMES,SOMETIMES,IMMEDIATELY,SOMETIMES,PUBLIC,NEVER,SOMETIMES,NO,APP_OR_HARDWARE,COMPLETELY_UNIQUE,YES,NEVER,VERIFY_OUT_OF_BAND,HESITATE,NEVER,37.5,42.0,62.0,25.0,55.0,85.0,16.0,62.5,27.5,62.0,43.0,HIGH,15.5,27.5
SYNTH_USER_0785,AVERAGE,2026-08-29 18:22:14,PUBLIC,YES,NO,NO,FULL_BIRTHDAY,CITY_ONLY,NO,NO,IMMEDIATELY,SOMETIMES,PUBLIC,NEVER,VERIFY_FIRST,YES,APP_OR_HARDWARE,COMPLETELY_UNIQUE,NOT_SURE,NEVER,INSPECT_URL,HESITATE,RARELY,82.5,28.0,60.0,35.0,50.0,45.0,36.0,85.0,55.0,54.0,50.1,HIGH,32.5,17.6
SYNTH_USER_0786,HIGH_EXPOSURE,2026-09-22 00:19:14,PUBLIC,YES,NOT_SURE,YES,FULL_BIRTHDAY,CITY_ONLY,YES,YES,IMMEDIATELY,YES,PUBLIC,SOMETIMES,ACCEPT_MOST,NO,DISABLED,REUSED,NO,NEVER,CLICK_IMMEDIATELY,YES_HELP,NEVER,95.0,74.0,96.0,85.0,87.5,85.0,92.0,95.0,97.5,84.0,89.0,CRITICAL,39.9,49.1
SYNTH_USER_0787,AVERAGE,2026-08-30 20:11:14,FRIENDS_ONLY,YES,NO,NO,DAY_MONTH_ONLY,CITY_ONLY,NO,SOMETIMES,IMMEDIATELY,SOMETIMES,FRIENDS,SOMETIMES,SOMETIMES,NO,DISABLED,COMPLETELY_UNIQUE,NOT_SURE,RARELY,INSPECT_URL,NEVER,NEVER,47.5,16.0,56.0,45.0,65.0,57.5,54.0,50.0,27.5,70.0,46.3,HIGH,25.9,20.4
SYNTH_USER_0788,HIGH_EXPOSURE,2026-08-28 09:56:14,PUBLIC,YES,NOT_SURE,YES,FULL_BIRTHDAY,CITY_ONLY,YES,YES,IMMEDIATELY,YES,PUBLIC,SOMETIMES,ACCEPT_MOST,NO,DISABLED,REUSED,NO,NEVER,CLICK_IMMEDIATELY,YES_HELP,NEVER,95.0,74.0,96.0,85.0,87.5,85.0,92.0,95.0,97.5,84.0,89.0,CRITICAL,57.1,31.9
SYNTH_USER_0789,HIGH_EXPOSURE,2026-08-08 04:02:14,PUBLIC,YES,YES,YES,FULL_BIRTHDAY,YES,YES,YES,IMMEDIATELY,YES,PUBLIC,SOMETIMES,ACCEPT_MOST,NO,DISABLED,REUSED,NO,NEVER,CLICK_IMMEDIATELY,HESITATE,NEVER,95.0,94.0,96.0,85.0,87.5,85.0,92.0,95.0,87.5,84.0,91.0,CRITICAL,59.1,31.9
SYNTH_USER_0790,AVERAGE,2026-09-07 00:14:14,FRIENDS_ONLY,YES,NO,NO,DAY_MONTH_ONLY,NO,SOMETIMES,NO,IMMEDIATELY,NO,PUBLIC,SOMETIMES,VERIFY_FIRST,NOT_SURE,SMS_ONLY,REUSED,NOT_SURE,NEVER,VERIFY_OUT_OF_BAND,HESITATE,NEVER,60.0,16.0,38.0,40.0,37.5,60.0,62.0,62.5,27.5,60.0,43.0,HIGH,24.7,18.3
SYNTH_USER_0791,AVERAGE,2026-09-19 02:59:14,FRIENDS_ONLY,YES,NOT_SURE,YES,DAY_MONTH_ONLY,NO,SOMETIMES,SOMETIMES,IMMEDIATELY,SOMETIMES,PUBLIC,SOMETIMES,SOMETIMES,NOT_SURE,SMS_ONLY,REUSED,NOT_SURE,RARELY,INSPECT_URL,HESITATE,RARELY,60.0,46.0,72.0,52.5,45.0,52.5,72.0,50.0,42.5,54.0,56.3,HIGH,28.4,27.9
SYNTH_USER_0792,CONSCIOUS,2026-07-08 22:18:14,PRIVATE,NO,NO,NO,DAY_MONTH_ONLY,NO,NO,NO,NEVER_CHECKIN,NO,CUSTOM_LISTS,NEVER,REJECT_UNKNOWN,YES,APP_OR_HARDWARE,COMPLETELY_UNIQUE,YES,REGULARLY,VERIFY_OUT_OF_BAND,NEVER,REGULARLY,10.0,8.0,0.0,0.0,0.0,12.5,0.0,12.5,0.0,0.0,3.5,LOW,5.0,-1.5
SYNTH_USER_0793,HIGH_EXPOSURE,2026-08-05 12:15:14,PUBLIC,YES,YES,YES,FULL_BIRTHDAY,YES,YES,YES,IMMEDIATELY,YES,PUBLIC,YES,ACCEPT_MOST,NO,DISABLED,REUSED,NO,NEVER,CLICK_IMMEDIATELY,YES_HELP,NEVER,95.0,94.0,96.0,95.0,87.5,85.0,92.0,95.0,97.5,84.0,93.0,CRITICAL,41.9,51.1
SYNTH_USER_0794,HIGH_EXPOSURE,2026-09-24 23:47:14,PUBLIC,YES,NOT_SURE,YES,FULL_BIRTHDAY,CITY_ONLY,YES,YES,IMMEDIATELY,YES,PUBLIC,YES,ACCEPT_MOST,NO,DISABLED,REUSED,NO,NEVER,CLICK_IMMEDIATELY,HESITATE,NEVER,95.0,74.0,96.0,95.0,87.5,85.0,92.0,95.0,87.5,84.0,89.0,CRITICAL,46.1,42.9
SYNTH_USER_0795,HIGH_EXPOSURE,2026-07-18 03:21:14,PUBLIC,YES,YES,YES,FULL_BIRTHDAY,CITY_ONLY,YES,YES,IMMEDIATELY,YES,PUBLIC,SOMETIMES,ACCEPT_MOST,NO,DISABLED,REUSED,NO,NEVER,CLICK_IMMEDIATELY,YES_HELP,NEVER,95.0,82.0,96.0,85.0,87.5,85.0,92.0,95.0,97.5,84.0,90.2,CRITICAL,55.4,34.8
SYNTH_USER_0796,AVERAGE,2026-08-19 07:26:14,FRIENDS_ONLY,NOT_SURE,NOT_SURE,NO,FULL_BIRTHDAY,NO,NO,SOMETIMES,IMMEDIATELY,SOMETIMES,FRIENDS,NEVER,SOMETIMES,YES,DISABLED,SLIGHT_VARIATION,NOT_SURE,NEVER,INSPECT_URL,NEVER,RARELY,37.5,32.0,56.0,20.0,55.0,32.5,66.0,75.0,27.5,54.0,45.2,HIGH,17.8,27.4
SYNTH_USER_0797,HIGH_EXPOSURE,2026-07-12 17:58:14,PUBLIC,YES,YES,YES,FULL_BIRTHDAY,YES,YES,YES,IMMEDIATELY,YES,PUBLIC,SOMETIMES,ACCEPT_MOST,NO,DISABLED,REUSED,NO,NEVER,CLICK_IMMEDIATELY,YES_HELP,NEVER,95.0,94.0,96.0,85.0,87.5,85.0,92.0,95.0,97.5,84.0,92.0,CRITICAL,38.0,54.0
SYNTH_USER_0798,HIGH_EXPOSURE,2026-09-22 12:28:14,PUBLIC,YES,NOT_SURE,YES,FULL_BIRTHDAY,CITY_ONLY,YES,YES,IMMEDIATELY,YES,PUBLIC,SOMETIMES,ACCEPT_MOST,NO,DISABLED,REUSED,NO,NEVER,CLICK_IMMEDIATELY,HESITATE,NEVER,95.0,74.0,96.0,85.0,87.5,85.0,92.0,95.0,87.5,84.0,88.0,CRITICAL,38.4,49.6
SYNTH_USER_0799,AVERAGE,2026-07-14 08:10:14,FRIENDS_OF_FRIENDS,NOT_SURE,NO,NO,FULL_BIRTHDAY,CITY_ONLY,SOMETIMES,NO,IMMEDIATELY,NO,FRIENDS,SOMETIMES,VERIFY_FIRST,NO,SMS_ONLY,REUSED,NOT_SURE,NEVER,INSPECT_URL,NEVER,NEVER,45.0,36.0,42.0,35.0,50.0,72.5,62.0,72.5,12.5,70.0,46.0,HIGH,28.8,17.2
SYNTH_USER_0800,HIGH_EXPOSURE,2026-07-09 09:58:14,PUBLIC,YES,YES,YES,FULL_BIRTHDAY,YES,YES,YES,IMMEDIATELY,YES,PUBLIC,SOMETIMES,ACCEPT_MOST,NO,DISABLED,REUSED,NO,NEVER,CLICK_IMMEDIATELY,YES_HELP,NEVER,95.0,94.0,96.0,85.0,87.5,85.0,92.0,95.0,97.5,84.0,92.0,CRITICAL,48.4,43.6
SYNTH_USER_0801,AVERAGE,2026-09-01 02:41:14,FRIENDS_OF_FRIENDS,NOT_SURE,NO,NO,DAY_MONTH_ONLY,CITY_ONLY,SOMETIMES,SOMETIMES,IMMEDIATELY,NO,PUBLIC,NEVER,SOMETIMES,NOT_SURE,SMS_ONLY,REUSED,YES,RARELY,INSPECT_URL,HESITATE,NEVER,57.5,24.0,54.0,25.0,55.0,55.0,54.0,47.5,55.0,70.0,47.7,HIGH,27.6,20.1
SYNTH_USER_0802,AVERAGE,2026-08-23 09:56:14,FRIENDS_ONLY,NO,YES,NO,DAY_MONTH_ONLY,CITY_ONLY,SOMETIMES,NO,SOMETIMES_LATER,SOMETIMES,PUBLIC,NEVER,SOMETIMES,YES,DISABLED,SLIGHT_VARIATION,NOT_SURE,RARELY,INSPECT_URL,HESITATE,RARELY,35.0,44.0,44.0,37.5,77.5,45.0,58.0,60.0,40.0,68.0,49.5,HIGH,31.5,18.0
SYNTH_USER_0803,AVERAGE,2026-07-13 23:54:14,FRIENDS_ONLY,NO,YES,NO,DAY_MONTH_ONLY,NO,SOMETIMES,NO,IMMEDIATELY,SOMETIMES,FRIENDS,NEVER,VERIFY_FIRST,NO,DISABLED,SLIGHT_VARIATION,NOT_SURE,NEVER,VERIFY_OUT_OF_BAND,NEVER,RARELY,50.0,36.0,44.0,7.5,47.5,85.0,66.0,62.5,15.0,68.0,44.7,HIGH,28.1,16.6
SYNTH_USER_0804,CONSCIOUS,2026-07-09 07:13:14,PRIVATE,NO,NO,NO,HIDDEN,NO,NO,NO,AFTER_LEAVING,NO,CUSTOM_LISTS,NEVER,VERIFY_FIRST,YES,APP_OR_HARDWARE,COMPLETELY_UNIQUE,YES,REGULARLY,VERIFY_OUT_OF_BAND,NEVER,REGULARLY,10.0,0.0,2.0,0.0,15.0,7.5,0.0,12.5,0.0,0.0,3.8,LOW,5.0,-1.2
SYNTH_USER_0805,AVERAGE,2026-08-05 03:44:14,PUBLIC,NOT_SURE,NO,NO,DAY_MONTH_ONLY,CITY_ONLY,SOMETIMES,NO,SOMETIMES_LATER,SOMETIMES,PUBLIC,SOMETIMES,VERIFY_FIRST,YES,SMS_ONLY,COMPLETELY_UNIQUE,NOT_SURE,NEVER,VERIFY_OUT_OF_BAND,NEVER,RARELY,85.0,24.0,40.0,40.0,47.5,45.0,44.0,72.5,15.0,76.0,44.6,HIGH,28.0,16.6
SYNTH_USER_0806,CONSCIOUS,2026-08-27 17:34:14,FRIENDS_ONLY,NO,NO,NO,HIDDEN,NO,NO,NO,NEVER_CHECKIN,NO,CUSTOM_LISTS,NEVER,VERIFY_FIRST,YES,APP_OR_HARDWARE,COMPLETELY_UNIQUE,YES,REGULARLY,VERIFY_OUT_OF_BAND,NEVER,REGULARLY,15.0,0.0,0.0,0.0,7.5,0.0,0.0,12.5,0.0,0.0,2.9,LOW,5.0,-2.1
SYNTH_USER_0807,CONSCIOUS,2026-08-28 15:30:14,PRIVATE,NO,NO,NO,DAY_MONTH_ONLY,NO,NO,NO,NEVER_CHECKIN,NO,CUSTOM_LISTS,NEVER,VERIFY_FIRST,YES,APP_OR_HARDWARE,COMPLETELY_UNIQUE,YES,REGULARLY,VERIFY_OUT_OF_BAND,NEVER,REGULARLY,10.0,8.0,0.0,0.0,7.5,0.0,0.0,12.5,0.0,0.0,3.6,LOW,5.0,-1.4
SYNTH_USER_0808,AVERAGE,2026-09-20 21:58:14,PUBLIC,YES,NOT_SURE,NO,FULL_BIRTHDAY,NO,SOMETIMES,NO,IMMEDIATELY,SOMETIMES,FRIENDS,SOMETIMES,SOMETIMES,YES,SMS_ONLY,COMPLETELY_UNIQUE,YES,NEVER,VERIFY_OUT_OF_BAND,NEVER,RARELY,80.0,40.0,54.0,22.5,55.0,25.0,32.0,72.5,12.5,62.0,43.9,HIGH,18.1,25.8
SYNTH_USER_0809,AVERAGE,2026-07-20 05:50:14,FRIENDS_OF_FRIENDS,NOT_SURE,YES,YES,DAY_MONTH_ONLY,CITY_ONLY,NO,NO,SOMETIMES_LATER,NO,PUBLIC,NEVER,VERIFY_FIRST,NOT_SURE,DISABLED,COMPLETELY_UNIQUE,YES,RARELY,INSPECT_URL,HESITATE,NEVER,45.0,54.0,22.0,25.0,60.0,52.5,54.0,60.0,40.0,62.0,45.2,HIGH,26.7,18.5
SYNTH_USER_0810,CONSCIOUS,2026-07-24 18:15:14,PRIVATE,NO,NO,NO,HIDDEN,NO,NO,NO,AFTER_LEAVING,NO,FRIENDS,NEVER,VERIFY_FIRST,YES,APP_OR_HARDWARE,COMPLETELY_UNIQUE,YES,REGULARLY,VERIFY_OUT_OF_BAND,NEVER,REGULARLY,0.0,0.0,2.0,7.5,15.0,5.0,0.0,12.5,0.0,0.0,3.4,LOW,5.0,-1.6
SYNTH_USER_0811,HIGH_EXPOSURE,2026-09-16 15:59:14,PUBLIC,YES,NOT_SURE,YES,FULL_BIRTHDAY,CITY_ONLY,YES,YES,IMMEDIATELY,YES,PUBLIC,SOMETIMES,ACCEPT_MOST,NO,DISABLED,REUSED,NO,NEVER,CLICK_IMMEDIATELY,YES_HELP,NEVER,95.0,74.0,96.0,85.0,87.5,85.0,92.0,95.0,97.5,84.0,89.0,CRITICAL,36.1,52.9
SYNTH_USER_0812,CONSCIOUS,2026-09-25 09:49:14,FRIENDS_ONLY,NO,NO,NO,HIDDEN,NO,NO,NO,NEVER_CHECKIN,NO,FRIENDS,NEVER,REJECT_UNKNOWN,YES,APP_OR_HARDWARE,COMPLETELY_UNIQUE,YES,REGULARLY,VERIFY_OUT_OF_BAND,NEVER,REGULARLY,5.0,0.0,0.0,7.5,7.5,0.0,0.0,12.5,0.0,0.0,2.6,LOW,5.0,-2.4
SYNTH_USER_0813,CONSCIOUS,2026-07-07 14:06:14,PRIVATE,NO,NO,NO,DAY_MONTH_ONLY,NO,NO,NO,AFTER_LEAVING,NO,FRIENDS,NEVER,VERIFY_FIRST,YES,APP_OR_HARDWARE,COMPLETELY_UNIQUE,YES,REGULARLY,VERIFY_OUT_OF_BAND,NEVER,REGULARLY,10.0,8.0,2.0,7.5,15.0,7.5,0.0,12.5,0.0,0.0,5.8,LOW,5.0,0.8
SYNTH_USER_0814,AVERAGE,2026-07-17 01:35:14,PUBLIC,NOT_SURE,NO,NO,FULL_BIRTHDAY,NO,SOMETIMES,SOMETIMES,SOMETIMES_LATER,NO,PUBLIC,NEVER,SOMETIMES,NOT_SURE,APP_OR_HARDWARE,SLIGHT_VARIATION,NOT_SURE,NEVER,INSPECT_URL,HESITATE,RARELY,57.5,28.0,40.0,25.0,67.5,67.5,38.0,75.0,42.5,76.0,46.1,HIGH,19.2,26.9
SYNTH_USER_0815,HIGH_EXPOSURE,2026-07-11 01:39:14,PUBLIC,YES,YES,YES,FULL_BIRTHDAY,CITY_ONLY,YES,YES,IMMEDIATELY,YES,PUBLIC,SOMETIMES,ACCEPT_MOST,NO,DISABLED,REUSED,NO,NEVER,CLICK_IMMEDIATELY,HESITATE,NEVER,95.0,82.0,96.0,85.0,87.5,85.0,92.0,95.0,87.5,84.0,89.2,CRITICAL,50.8,38.4
SYNTH_USER_0816,CONSCIOUS,2026-08-12 14:25:14,PRIVATE,NO,NO,NO,DAY_MONTH_ONLY,NO,NO,NO,NEVER_CHECKIN,NO,FRIENDS,NEVER,REJECT_UNKNOWN,YES,APP_OR_HARDWARE,COMPLETELY_UNIQUE,YES,REGULARLY,VERIFY_OUT_OF_BAND,NEVER,REGULARLY,10.0,8.0,0.0,7.5,0.0,7.5,0.0,12.5,0.0,0.0,4.0,LOW,5.0,-1.0
SYNTH_USER_0817,HIGH_EXPOSURE,2026-08-10 12:22:14,PUBLIC,YES,NOT_SURE,YES,FULL_BIRTHDAY,CITY_ONLY,YES,YES,IMMEDIATELY,YES,PUBLIC,YES,ACCEPT_MOST,NO,DISABLED,REUSED,NO,NEVER,CLICK_IMMEDIATELY,YES_HELP,NEVER,95.0,74.0,96.0,95.0,87.5,85.0,92.0,95.0,97.5,84.0,90.0,CRITICAL,55.7,34.3
SYNTH_USER_0818,AVERAGE,2026-08-31 20:52:14,FRIENDS_OF_FRIENDS,YES,NOT_SURE,YES,FULL_BIRTHDAY,CITY_ONLY,NO,SOMETIMES,IMMEDIATELY,SOMETIMES,PUBLIC,NEVER,VERIFY_FIRST,NOT_SURE,APP_OR_HARDWARE,REUSED,NOT_SURE,NEVER,VERIFY_OUT_OF_BAND,HESITATE,RARELY,67.5,58.0,66.0,35.0,57.5,62.5,46.0,62.5,15.0,60.0,52.2,HIGH,30.4,21.8
SYNTH_USER_0819,CONSCIOUS,2026-08-13 05:38:14,FRIENDS_ONLY,NO,NO,NO,HIDDEN,NO,NO,NO,AFTER_LEAVING,NO,FRIENDS,NEVER,VERIFY_FIRST,YES,APP_OR_HARDWARE,COMPLETELY_UNIQUE,YES,REGULARLY,VERIFY_OUT_OF_BAND,NEVER,REGULARLY,5.0,0.0,2.0,7.5,15.0,12.5,0.0,12.5,0.0,0.0,4.3,LOW,5.0,-0.7
SYNTH_USER_0820,AVERAGE,2026-10-03 02:18:14,FRIENDS_OF_FRIENDS,NOT_SURE,NO,YES,FULL_BIRTHDAY,CITY_ONLY,SOMETIMES,SOMETIMES,IMMEDIATELY,NO,PUBLIC,NEVER,VERIFY_FIRST,NO,DISABLED,COMPLETELY_UNIQUE,NOT_SURE,NEVER,VERIFY_OUT_OF_BAND,NEVER,NEVER,72.5,54.0,44.0,25.0,37.5,85.0,64.0,62.5,0.0,76.0,49.0,HIGH,24.7,24.3
SYNTH_USER_0821,AVERAGE,2026-09-02 22:12:14,FRIENDS_OF_FRIENDS,NOT_SURE,YES,YES,DAY_MONTH_ONLY,CITY_ONLY,NO,SOMETIMES,SOMETIMES_LATER,SOMETIMES,PUBLIC,NEVER,SOMETIMES,NOT_SURE,DISABLED,REUSED,YES,NEVER,INSPECT_URL,HESITATE,NEVER,72.5,54.0,62.0,37.5,67.5,62.5,74.0,72.5,27.5,62.0,58.9,HIGH,27.4,31.5
SYNTH_USER_0822,HIGH_EXPOSURE,2026-08-30 00:01:14,PUBLIC,YES,NOT_SURE,YES,FULL_BIRTHDAY,YES,YES,YES,IMMEDIATELY,YES,PUBLIC,SOMETIMES,ACCEPT_MOST,NO,DISABLED,REUSED,NO,NEVER,CLICK_IMMEDIATELY,YES_HELP,NEVER,95.0,86.0,96.0,85.0,87.5,85.0,92.0,95.0,97.5,84.0,90.8,CRITICAL,41.5,49.3
SYNTH_USER_0823,AVERAGE,2026-07-09 06:28:14,PUBLIC,NOT_SURE,NOT_SURE,YES,DAY_MONTH_ONLY,NO,NO,SOMETIMES,SOMETIMES_LATER,SOMETIMES,FRIENDS,SOMETIMES,VERIFY_FIRST,NO,SMS_ONLY,COMPLETELY_UNIQUE,YES,NEVER,INSPECT_URL,NEVER,RARELY,72.5,38.0,62.0,32.5,50.0,70.0,34.0,62.5,40.0,60.0,49.2,HIGH,27.1,22.1
SYNTH_USER_0824,AVERAGE,2026-08-22 04:17:14,PUBLIC,NO,YES,YES,DAY_MONTH_ONLY,NO,NO,SOMETIMES,IMMEDIATELY,SOMETIMES,FRIENDS,NEVER,VERIFY_FIRST,NOT_SURE,APP_OR_HARDWARE,SLIGHT_VARIATION,YES,RARELY,INSPECT_URL,NEVER,NEVER,42.5,46.0,72.0,17.5,47.5,62.5,38.0,72.5,40.0,62.0,48.0,HIGH,30.8,17.2
SYNTH_USER_0825,HIGH_EXPOSURE,2026-08-15 15:41:14,PUBLIC,YES,YES,YES,FULL_BIRTHDAY,CITY_ONLY,YES,YES,IMMEDIATELY,YES,PUBLIC,SOMETIMES,ACCEPT_MOST,NO,DISABLED,REUSED,NO,NEVER,CLICK_IMMEDIATELY,YES_HELP,NEVER,95.0,82.0,96.0,85.0,87.5,85.0,92.0,95.0,97.5,84.0,90.2,CRITICAL,44.3,45.9
SYNTH_USER_0826,CONSCIOUS,2026-07-16 04:36:14,PRIVATE,NO,NO,NO,HIDDEN,NO,NO,NO,NEVER_CHECKIN,NO,CUSTOM_LISTS,NEVER,REJECT_UNKNOWN,YES,APP_OR_HARDWARE,COMPLETELY_UNIQUE,YES,REGULARLY,VERIFY_OUT_OF_BAND,NEVER,REGULARLY,0.0,0.0,0.0,0.0,0.0,5.0,0.0,12.5,0.0,0.0,0.9,LOW,5.0,-4.1
SYNTH_USER_0827,AVERAGE,2026-09-17 21:05:14,FRIENDS_OF_FRIENDS,NO,NO,NO,FULL_BIRTHDAY,NO,NO,SOMETIMES,IMMEDIATELY,SOMETIMES,PUBLIC,NEVER,VERIFY_FIRST,NOT_SURE,SMS_ONLY,REUSED,NOT_SURE,RARELY,VERIFY_OUT_OF_BAND,HESITATE,RARELY,57.5,20.0,66.0,35.0,60.0,75.0,62.0,62.5,27.5,68.0,50.5,HIGH,30.1,20.4
SYNTH_USER_0828,AVERAGE,2026-08-18 03:17:14,FRIENDS_ONLY,NOT_SURE,NO,NO,FULL_BIRTHDAY,CITY_ONLY,SOMETIMES,NO,SOMETIMES_LATER,NO,PUBLIC,SOMETIMES,SOMETIMES,YES,DISABLED,REUSED,YES,NEVER,VERIFY_OUT_OF_BAND,HESITATE,NEVER,50.0,36.0,32.0,52.5,77.5,40.0,66.0,72.5,42.5,68.0,51.4,HIGH,27.0,24.4
SYNTH_USER_0829,CONSCIOUS,2026-07-09 15:40:14,PRIVATE,NO,NO,NO,HIDDEN,NO,NO,NO,AFTER_LEAVING,NO,CUSTOM_LISTS,NEVER,VERIFY_FIRST,YES,APP_OR_HARDWARE,COMPLETELY_UNIQUE,YES,REGULARLY,VERIFY_OUT_OF_BAND,NEVER,REGULARLY,0.0,0.0,2.0,0.0,7.5,0.0,0.0,12.5,0.0,0.0,1.7,LOW,5.0,-3.3
SYNTH_USER_0830,AVERAGE,2026-08-18 02:11:14,FRIENDS_OF_FRIENDS,NOT_SURE,YES,YES,DAY_MONTH_ONLY,CITY_ONLY,SOMETIMES,SOMETIMES,IMMEDIATELY,SOMETIMES,FRIENDS,SOMETIMES,VERIFY_FIRST,YES,DISABLED,COMPLETELY_UNIQUE,NOT_SURE,RARELY,INSPECT_URL,NEVER,NEVER,72.5,62.0,66.0,45.0,60.0,37.5,54.0,60.0,12.5,62.0,54.3,HIGH,25.9,28.4
SYNTH_USER_0831,AVERAGE,2026-08-06 08:29:14,FRIENDS_ONLY,NO,NOT_SURE,YES,FULL_BIRTHDAY,CITY_ONLY,NO,NO,SOMETIMES_LATER,SOMETIMES,PUBLIC,NEVER,SOMETIMES,NOT_SURE,APP_OR_HARDWARE,COMPLETELY_UNIQUE,YES,RARELY,INSPECT_URL,HESITATE,RARELY,50.0,58.0,44.0,25.0,65.0,40.0,24.0,60.0,40.0,62.0,45.0,HIGH,25.9,19.1
SYNTH_USER_0832,AVERAGE,2026-07-28 07:37:14,PUBLIC,NOT_SURE,NO,YES,FULL_BIRTHDAY,CITY_ONLY,SOMETIMES,NO,IMMEDIATELY,NO,PUBLIC,NEVER,VERIFY_FIRST,NOT_SURE,DISABLED,COMPLETELY_UNIQUE,YES,NEVER,VERIFY_OUT_OF_BAND,NEVER,RARELY,57.5,54.0,42.0,25.0,70.0,67.5,46.0,62.5,12.5,68.0,47.7,HIGH,23.2,24.5
SYNTH_USER_0833,HIGH_EXPOSURE,2026-09-17 10:52:14,PUBLIC,YES,YES,YES,FULL_BIRTHDAY,CITY_ONLY,YES,YES,IMMEDIATELY,YES,PUBLIC,YES,ACCEPT_MOST,NO,DISABLED,REUSED,NO,NEVER,CLICK_IMMEDIATELY,YES_HELP,NEVER,95.0,82.0,96.0,95.0,87.5,85.0,92.0,95.0,97.5,84.0,91.2,CRITICAL,45.8,45.4
SYNTH_USER_0834,HIGH_EXPOSURE,2026-09-29 21:20:14,PUBLIC,YES,YES,YES,FULL_BIRTHDAY,YES,YES,YES,IMMEDIATELY,YES,PUBLIC,SOMETIMES,ACCEPT_MOST,NO,DISABLED,REUSED,NO,NEVER,CLICK_IMMEDIATELY,HESITATE,NEVER,95.0,94.0,96.0,85.0,87.5,85.0,92.0,95.0,87.5,84.0,91.0,CRITICAL,57.0,34.0
SYNTH_USER_0835,CONSCIOUS,2026-08-09 04:54:14,FRIENDS_ONLY,NO,NO,NO,DAY_MONTH_ONLY,NO,NO,NO,NEVER_CHECKIN,NO,FRIENDS,NEVER,REJECT_UNKNOWN,YES,APP_OR_HARDWARE,COMPLETELY_UNIQUE,YES,REGULARLY,VERIFY_OUT_OF_BAND,NEVER,REGULARLY,15.0,8.0,0.0,7.5,0.0,7.5,0.0,12.5,0.0,0.0,4.5,LOW,5.0,-0.5
SYNTH_USER_0836,AVERAGE,2026-07-24 06:30:14,FRIENDS_OF_FRIENDS,NOT_SURE,NOT_SURE,YES,FULL_BIRTHDAY,NO,NO,NO,SOMETIMES_LATER,SOMETIMES,FRIENDS,SOMETIMES,SOMETIMES,NO,SMS_ONLY,SLIGHT_VARIATION,YES,RARELY,VERIFY_OUT_OF_BAND,NEVER,NEVER,57.5,50.0,40.0,22.5,67.5,77.5,36.0,50.0,15.0,76.0,45.3,HIGH,16.2,29.1
SYNTH_USER_0837,HIGH_EXPOSURE,2026-07-10 16:06:14,PUBLIC,YES,YES,YES,FULL_BIRTHDAY,CITY_ONLY,YES,YES,IMMEDIATELY,YES,PUBLIC,SOMETIMES,ACCEPT_MOST,NO,DISABLED,REUSED,NO,NEVER,CLICK_IMMEDIATELY,YES_HELP,NEVER,95.0,82.0,96.0,85.0,87.5,85.0,92.0,95.0,97.5,84.0,90.2,CRITICAL,57.8,32.4
SYNTH_USER_0838,HIGH_EXPOSURE,2026-08-01 01:03:14,PUBLIC,YES,NOT_SURE,YES,FULL_BIRTHDAY,YES,YES,YES,IMMEDIATELY,YES,PUBLIC,SOMETIMES,ACCEPT_MOST,NO,DISABLED,REUSED,NO,NEVER,CLICK_IMMEDIATELY,YES_HELP,NEVER,95.0,86.0,96.0,85.0,87.5,85.0,92.0,95.0,97.5,84.0,90.8,CRITICAL,35.0,55.8
SYNTH_USER_0839,AVERAGE,2026-08-20 14:08:14,PUBLIC,NO,NOT_SURE,YES,DAY_MONTH_ONLY,CITY_ONLY,SOMETIMES,NO,IMMEDIATELY,SOMETIMES,PUBLIC,SOMETIMES,SOMETIMES,NO,DISABLED,REUSED,NOT_SURE,NEVER,INSPECT_URL,NEVER,RARELY,42.5,54.0,44.0,62.5,55.0,85.0,76.0,62.5,12.5,62.0,53.8,HIGH,22.2,31.6
SYNTH_USER_0840,AVERAGE,2026-09-13 19:15:14,FRIENDS_OF_FRIENDS,YES,NO,YES,DAY_MONTH_ONLY,CITY_ONLY,NO,SOMETIMES,IMMEDIATELY,SOMETIMES,PUBLIC,NEVER,VERIFY_FIRST,YES,SMS_ONLY,REUSED,NOT_SURE,RARELY,VERIFY_OUT_OF_BAND,HESITATE,NEVER,55.0,34.0,56.0,25.0,50.0,47.5,54.0,50.0,27.5,78.0,46.1,HIGH,18.6,27.5
SYNTH_USER_0841,CONSCIOUS,2026-09-06 21:16:14,PRIVATE,NO,NO,NO,DAY_MONTH_ONLY,NO,NO,NO,AFTER_LEAVING,NO,CUSTOM_LISTS,NEVER,REJECT_UNKNOWN,YES,APP_OR_HARDWARE,COMPLETELY_UNIQUE,YES,REGULARLY,VERIFY_OUT_OF_BAND,NEVER,REGULARLY,10.0,8.0,2.0,0.0,0.0,5.0,0.0,12.5,0.0,0.0,3.4,LOW,5.0,-1.6
SYNTH_USER_0842,HIGH_EXPOSURE,2026-09-21 02:12:14,PUBLIC,YES,YES,YES,FULL_BIRTHDAY,CITY_ONLY,YES,YES,IMMEDIATELY,YES,PUBLIC,YES,ACCEPT_MOST,NO,DISABLED,REUSED,NO,NEVER,CLICK_IMMEDIATELY,YES_HELP,NEVER,95.0,82.0,96.0,95.0,87.5,85.0,92.0,95.0,97.5,84.0,91.2,CRITICAL,39.1,52.1
SYNTH_USER_0843,AVERAGE,2026-10-01 00:19:14,FRIENDS_ONLY,YES,NO,NO,FULL_BIRTHDAY,CITY_ONLY,NO,NO,SOMETIMES_LATER,NO,FRIENDS,SOMETIMES,VERIFY_FIRST,YES,DISABLED,SLIGHT_VARIATION,YES,NEVER,VERIFY_OUT_OF_BAND,NEVER,RARELY,75.0,28.0,28.0,45.0,37.5,52.5,48.0,50.0,27.5,62.0,42.3,HIGH,15.4,26.9
SYNTH_USER_0844,AVERAGE,2026-08-08 22:26:14,FRIENDS_OF_FRIENDS,YES,NOT_SURE,NO,FULL_BIRTHDAY,CITY_ONLY,SOMETIMES,NO,SOMETIMES_LATER,SOMETIMES,FRIENDS,SOMETIMES,VERIFY_FIRST,NO,DISABLED,COMPLETELY_UNIQUE,NOT_SURE,RARELY,INSPECT_URL,NEVER,NEVER,70.0,48.0,50.0,45.0,37.5,50.0,64.0,60.0,40.0,70.0,52.6,HIGH,23.4,29.2
SYNTH_USER_0845,AVERAGE,2026-08-08 22:32:14,PUBLIC,NOT_SURE,NOT_SURE,NO,DAY_MONTH_ONLY,CITY_ONLY,SOMETIMES,SOMETIMES,SOMETIMES_LATER,NO,FRIENDS,SOMETIMES,SOMETIMES,NO,SMS_ONLY,SLIGHT_VARIATION,YES,RARELY,INSPECT_URL,HESITATE,NEVER,72.5,36.0,44.0,45.0,67.5,62.5,44.0,50.0,42.5,54.0,49.7,HIGH,28.3,21.4
SYNTH_USER_0846,HIGH_EXPOSURE,2026-09-09 23:58:14,PUBLIC,YES,NOT_SURE,YES,FULL_BIRTHDAY,CITY_ONLY,YES,YES,IMMEDIATELY,YES,PUBLIC,YES,ACCEPT_MOST,NO,DISABLED,REUSED,NO,NEVER,CLICK_IMMEDIATELY,YES_HELP,NEVER,95.0,74.0,96.0,95.0,87.5,85.0,92.0,95.0,97.5,84.0,90.0,CRITICAL,39.7,50.3
SYNTH_USER_0847,HIGH_EXPOSURE,2026-09-20 04:06:14,PUBLIC,YES,NOT_SURE,YES,FULL_BIRTHDAY,CITY_ONLY,YES,YES,IMMEDIATELY,YES,PUBLIC,SOMETIMES,ACCEPT_MOST,NO,DISABLED,REUSED,NO,NEVER,CLICK_IMMEDIATELY,YES_HELP,NEVER,95.0,74.0,96.0,85.0,87.5,85.0,92.0,95.0,97.5,84.0,89.0,CRITICAL,35.8,53.2
SYNTH_USER_0848,AVERAGE,2026-08-11 00:06:14,FRIENDS_OF_FRIENDS,NOT_SURE,NO,YES,FULL_BIRTHDAY,NO,SOMETIMES,NO,IMMEDIATELY,SOMETIMES,FRIENDS,NEVER,SOMETIMES,NOT_SURE,DISABLED,SLIGHT_VARIATION,NOT_SURE,NEVER,VERIFY_OUT_OF_BAND,NEVER,RARELY,60.0,46.0,44.0,17.5,77.5,47.5,68.0,85.0,15.0,68.0,50.7,HIGH,31.1,19.6
SYNTH_USER_0849,HIGH_EXPOSURE,2026-09-27 06:14:14,PUBLIC,YES,YES,YES,FULL_BIRTHDAY,CITY_ONLY,YES,YES,IMMEDIATELY,YES,PUBLIC,YES,ACCEPT_MOST,NO,DISABLED,REUSED,NO,NEVER,CLICK_IMMEDIATELY,HESITATE,NEVER,95.0,82.0,96.0,95.0,87.5,85.0,92.0,95.0,87.5,84.0,90.2,CRITICAL,35.0,55.2
SYNTH_USER_0850,HIGH_EXPOSURE,2026-10-06 00:10:14,PUBLIC,YES,YES,YES,FULL_BIRTHDAY,YES,YES,YES,IMMEDIATELY,YES,PUBLIC,SOMETIMES,ACCEPT_MOST,NO,DISABLED,REUSED,NO,NEVER,CLICK_IMMEDIATELY,YES_HELP,NEVER,95.0,94.0,96.0,85.0,87.5,85.0,92.0,95.0,97.5,84.0,92.0,CRITICAL,56.4,35.6
SYNTH_USER_0851,HIGH_EXPOSURE,2026-07-28 08:08:14,PUBLIC,YES,YES,YES,FULL_BIRTHDAY,CITY_ONLY,YES,YES,IMMEDIATELY,YES,PUBLIC,YES,ACCEPT_MOST,NO,DISABLED,REUSED,NO,NEVER,CLICK_IMMEDIATELY,HESITATE,NEVER,95.0,82.0,96.0,95.0,87.5,85.0,92.0,95.0,87.5,84.0,90.2,CRITICAL,44.4,45.8
SYNTH_USER_0852,HIGH_EXPOSURE,2026-09-29 21:05:14,PUBLIC,YES,NOT_SURE,YES,FULL_BIRTHDAY,YES,YES,YES,IMMEDIATELY,YES,PUBLIC,YES,ACCEPT_MOST,NO,DISABLED,REUSED,NO,NEVER,CLICK_IMMEDIATELY,HESITATE,NEVER,95.0,86.0,96.0,95.0,87.5,85.0,92.0,95.0,87.5,84.0,90.8,CRITICAL,39.2,51.6
SYNTH_USER_0853,AVERAGE,2026-09-18 17:46:14,FRIENDS_ONLY,NO,YES,NO,FULL_BIRTHDAY,CITY_ONLY,NO,SOMETIMES,IMMEDIATELY,NO,FRIENDS,SOMETIMES,SOMETIMES,YES,SMS_ONLY,SLIGHT_VARIATION,NOT_SURE,NEVER,INSPECT_URL,HESITATE,NEVER,35.0,48.0,54.0,35.0,55.0,52.5,64.0,50.0,40.0,68.0,49.9,HIGH,28.4,21.5
SYNTH_USER_0854,CONSCIOUS,2026-07-26 11:16:14,FRIENDS_ONLY,NO,NO,NO,HIDDEN,NO,NO,NO,AFTER_LEAVING,NO,CUSTOM_LISTS,NEVER,REJECT_UNKNOWN,YES,APP_OR_HARDWARE,COMPLETELY_UNIQUE,YES,REGULARLY,VERIFY_OUT_OF_BAND,NEVER,REGULARLY,5.0,0.0,2.0,0.0,0.0,7.5,0.0,12.5,0.0,0.0,1.8,LOW,5.0,-3.2
SYNTH_USER_0855,HIGH_EXPOSURE,2026-08-02 18:17:14,PUBLIC,YES,YES,YES,FULL_BIRTHDAY,CITY_ONLY,YES,YES,IMMEDIATELY,YES,PUBLIC,SOMETIMES,ACCEPT_MOST,NO,DISABLED,REUSED,NO,NEVER,CLICK_IMMEDIATELY,HESITATE,NEVER,95.0,82.0,96.0,85.0,87.5,85.0,92.0,95.0,87.5,84.0,89.2,CRITICAL,51.3,37.9
SYNTH_USER_0856,CONSCIOUS,2026-10-05 00:24:14,FRIENDS_ONLY,NO,NO,NO,DAY_MONTH_ONLY,NO,NO,NO,AFTER_LEAVING,NO,CUSTOM_LISTS,NEVER,REJECT_UNKNOWN,YES,APP_OR_HARDWARE,COMPLETELY_UNIQUE,YES,REGULARLY,VERIFY_OUT_OF_BAND,NEVER,REGULARLY,5.0,8.0,2.0,0.0,7.5,12.5,0.0,12.5,0.0,0.0,4.0,LOW,5.0,-1.0
SYNTH_USER_0857,AVERAGE,2026-09-09 06:52:14,FRIENDS_OF_FRIENDS,NOT_SURE,YES,NO,FULL_BIRTHDAY,CITY_ONLY,SOMETIMES,NO,SOMETIMES_LATER,SOMETIMES,FRIENDS,SOMETIMES,SOMETIMES,YES,SMS_ONLY,SLIGHT_VARIATION,YES,NEVER,INSPECT_URL,NEVER,RARELY,45.0,56.0,44.0,32.5,55.0,52.5,44.0,60.0,25.0,54.0,45.7,HIGH,27.9,17.8
SYNTH_USER_0858,CONSCIOUS,2026-09-28 17:36:14,PRIVATE,NO,NO,NO,DAY_MONTH_ONLY,NO,NO,NO,NEVER_CHECKIN,NO,FRIENDS,NEVER,REJECT_UNKNOWN,YES,APP_OR_HARDWARE,COMPLETELY_UNIQUE,YES,REGULARLY,VERIFY_OUT_OF_BAND,NEVER,REGULARLY,10.0,8.0,0.0,7.5,7.5,12.5,0.0,12.5,0.0,0.0,5.0,LOW,5.0,0.0
SYNTH_USER_0859,HIGH_EXPOSURE,2026-09-14 13:26:14,PUBLIC,YES,YES,YES,FULL_BIRTHDAY,CITY_ONLY,YES,YES,IMMEDIATELY,YES,PUBLIC,SOMETIMES,ACCEPT_MOST,NO,DISABLED,REUSED,NO,NEVER,CLICK_IMMEDIATELY,YES_HELP,NEVER,95.0,82.0,96.0,85.0,87.5,85.0,92.0,95.0,97.5,84.0,90.2,CRITICAL,42.5,47.7
SYNTH_USER_0860,HIGH_EXPOSURE,2026-08-01 20:11:14,PUBLIC,YES,YES,YES,FULL_BIRTHDAY,YES,YES,YES,IMMEDIATELY,YES,PUBLIC,SOMETIMES,ACCEPT_MOST,NO,DISABLED,REUSED,NO,NEVER,CLICK_IMMEDIATELY,YES_HELP,NEVER,95.0,94.0,96.0,85.0,87.5,85.0,92.0,95.0,97.5,84.0,92.0,CRITICAL,35.6,56.4
SYNTH_USER_0861,HIGH_EXPOSURE,2026-08-02 21:51:14,PUBLIC,YES,NOT_SURE,YES,FULL_BIRTHDAY,CITY_ONLY,YES,YES,IMMEDIATELY,YES,PUBLIC,SOMETIMES,ACCEPT_MOST,NO,DISABLED,REUSED,NO,NEVER,CLICK_IMMEDIATELY,YES_HELP,NEVER,95.0,74.0,96.0,85.0,87.5,85.0,92.0,95.0,97.5,84.0,89.0,CRITICAL,57.8,31.2
SYNTH_USER_0862,CONSCIOUS,2026-09-06 15:33:14,FRIENDS_ONLY,NO,NO,NO,DAY_MONTH_ONLY,NO,NO,NO,NEVER_CHECKIN,NO,FRIENDS,NEVER,VERIFY_FIRST,YES,APP_OR_HARDWARE,COMPLETELY_UNIQUE,YES,REGULARLY,VERIFY_OUT_OF_BAND,NEVER,REGULARLY,5.0,8.0,0.0,7.5,7.5,12.5,0.0,12.5,0.0,0.0,4.5,LOW,5.0,-0.5
SYNTH_USER_0863,HIGH_EXPOSURE,2026-10-05 15:16:14,PUBLIC,YES,YES,YES,FULL_BIRTHDAY,CITY_ONLY,YES,YES,IMMEDIATELY,YES,PUBLIC,YES,ACCEPT_MOST,NO,DISABLED,REUSED,NO,NEVER,CLICK_IMMEDIATELY,YES_HELP,NEVER,95.0,82.0,96.0,95.0,87.5,85.0,92.0,95.0,97.5,84.0,91.2,CRITICAL,55.9,35.3
SYNTH_USER_0864,AVERAGE,2026-07-17 09:54:14,PUBLIC,NOT_SURE,YES,NO,DAY_MONTH_ONLY,CITY_ONLY,NO,SOMETIMES,SOMETIMES_LATER,SOMETIMES,FRIENDS,SOMETIMES,SOMETIMES,NOT_SURE,SMS_ONLY,COMPLETELY_UNIQUE,NOT_SURE,NEVER,VERIFY_OUT_OF_BAND,HESITATE,RARELY,57.5,36.0,52.0,35.0,77.5,62.5,34.0,72.5,30.0,60.0,48.1,HIGH,29.5,18.6
SYNTH_USER_0865,CONSCIOUS,2026-08-08 23:00:14,PRIVATE,NO,NO,NO,HIDDEN,NO,NO,NO,AFTER_LEAVING,NO,CUSTOM_LISTS,NEVER,REJECT_UNKNOWN,YES,APP_OR_HARDWARE,COMPLETELY_UNIQUE,YES,REGULARLY,VERIFY_OUT_OF_BAND,NEVER,REGULARLY,10.0,0.0,2.0,0.0,7.5,5.0,0.0,12.5,0.0,0.0,2.9,LOW,5.0,-2.1
SYNTH_USER_0866,CONSCIOUS,2026-07-16 10:08:14,PRIVATE,NO,NO,NO,HIDDEN,NO,NO,NO,NEVER_CHECKIN,NO,FRIENDS,NEVER,VERIFY_FIRST,YES,APP_OR_HARDWARE,COMPLETELY_UNIQUE,YES,REGULARLY,VERIFY_OUT_OF_BAND,NEVER,REGULARLY,10.0,0.0,0.0,7.5,15.0,0.0,0.0,12.5,0.0,0.0,3.9,LOW,5.0,-1.1
SYNTH_USER_0867,AVERAGE,2026-07-08 00:11:14,FRIENDS_ONLY,NO,NOT_SURE,YES,FULL_BIRTHDAY,CITY_ONLY,SOMETIMES,SOMETIMES,IMMEDIATELY,SOMETIMES,FRIENDS,NEVER,VERIFY_FIRST,NO,SMS_ONLY,REUSED,NOT_SURE,NEVER,VERIFY_OUT_OF_BAND,HESITATE,RARELY,22.5,66.0,62.0,20.0,57.5,65.0,72.0,62.5,30.0,62.0,52.5,HIGH,31.6,20.9
SYNTH_USER_0868,AVERAGE,2026-08-10 13:41:14,FRIENDS_OF_FRIENDS,NOT_SURE,YES,YES,DAY_MONTH_ONLY,CITY_ONLY,SOMETIMES,NO,IMMEDIATELY,SOMETIMES,FRIENDS,SOMETIMES,VERIFY_FIRST,YES,APP_OR_HARDWARE,SLIGHT_VARIATION,NOT_SURE,RARELY,VERIFY_OUT_OF_BAND,HESITATE,NEVER,57.5,62.0,44.0,45.0,47.5,25.0,38.0,50.0,15.0,68.0,45.2,HIGH,16.3,28.9
SYNTH_USER_0869,HIGH_EXPOSURE,2026-07-21 09:46:14,PUBLIC,YES,NOT_SURE,YES,FULL_BIRTHDAY,CITY_ONLY,YES,YES,IMMEDIATELY,YES,PUBLIC,YES,ACCEPT_MOST,NO,DISABLED,REUSED,NO,NEVER,CLICK_IMMEDIATELY,YES_HELP,NEVER,95.0,74.0,96.0,95.0,87.5,85.0,92.0,95.0,97.5,84.0,90.0,CRITICAL,41.6,48.4
SYNTH_USER_0870,HIGH_EXPOSURE,2026-09-01 15:49:14,PUBLIC,YES,NOT_SURE,YES,FULL_BIRTHDAY,YES,YES,YES,IMMEDIATELY,YES,PUBLIC,SOMETIMES,ACCEPT_MOST,NO,DISABLED,REUSED,NO,NEVER,CLICK_IMMEDIATELY,YES_HELP,NEVER,95.0,86.0,96.0,85.0,87.5,85.0,92.0,95.0,97.5,84.0,90.8,CRITICAL,40.5,50.3
SYNTH_USER_0871,HIGH_EXPOSURE,2026-10-05 09:02:14,PUBLIC,YES,YES,YES,FULL_BIRTHDAY,YES,YES,YES,IMMEDIATELY,YES,PUBLIC,SOMETIMES,ACCEPT_MOST,NO,DISABLED,REUSED,NO,NEVER,CLICK_IMMEDIATELY,HESITATE,NEVER,95.0,94.0,96.0,85.0,87.5,85.0,92.0,95.0,87.5,84.0,91.0,CRITICAL,35.1,55.9
SYNTH_USER_0872,HIGH_EXPOSURE,2026-09-14 12:33:14,PUBLIC,YES,YES,YES,FULL_BIRTHDAY,CITY_ONLY,YES,YES,IMMEDIATELY,YES,PUBLIC,YES,ACCEPT_MOST,NO,DISABLED,REUSED,NO,NEVER,CLICK_IMMEDIATELY,YES_HELP,NEVER,95.0,82.0,96.0,95.0,87.5,85.0,92.0,95.0,97.5,84.0,91.2,CRITICAL,35.4,55.8
SYNTH_USER_0873,CONSCIOUS,2026-09-10 15:38:14,PRIVATE,NO,NO,NO,HIDDEN,NO,NO,NO,NEVER_CHECKIN,NO,FRIENDS,NEVER,REJECT_UNKNOWN,YES,APP_OR_HARDWARE,COMPLETELY_UNIQUE,YES,REGULARLY,VERIFY_OUT_OF_BAND,NEVER,REGULARLY,10.0,0.0,0.0,7.5,7.5,5.0,0.0,12.5,0.0,0.0,3.4,LOW,5.0,-1.6
SYNTH_USER_0874,AVERAGE,2026-07-27 04:17:14,FRIENDS_OF_FRIENDS,YES,NOT_SURE,NO,DAY_MONTH_ONLY,CITY_ONLY,SOMETIMES,SOMETIMES,SOMETIMES_LATER,NO,FRIENDS,SOMETIMES,SOMETIMES,YES,APP_OR_HARDWARE,REUSED,YES,NEVER,VERIFY_OUT_OF_BAND,HESITATE,RARELY,55.0,36.0,50.0,32.5,45.0,60.0,44.0,72.5,30.0,68.0,45.8,HIGH,21.0,24.8
SYNTH_USER_0875,HIGH_EXPOSURE,2026-08-25 22:05:14,PUBLIC,YES,NOT_SURE,YES,FULL_BIRTHDAY,YES,YES,YES,IMMEDIATELY,YES,PUBLIC,SOMETIMES,ACCEPT_MOST,NO,DISABLED,REUSED,NO,NEVER,CLICK_IMMEDIATELY,YES_HELP,NEVER,95.0,86.0,96.0,85.0,87.5,85.0,92.0,95.0,97.5,84.0,90.8,CRITICAL,51.6,39.2
SYNTH_USER_0876,AVERAGE,2026-09-10 12:28:14,PUBLIC,YES,NOT_SURE,NO,DAY_MONTH_ONLY,NO,NO,SOMETIMES,IMMEDIATELY,NO,FRIENDS,SOMETIMES,SOMETIMES,YES,APP_OR_HARDWARE,REUSED,YES,NEVER,INSPECT_URL,NEVER,RARELY,67.5,20.0,54.0,35.0,55.0,40.0,44.0,72.5,25.0,54.0,44.3,HIGH,18.3,26.0
SYNTH_USER_0877,CONSCIOUS,2026-08-18 05:00:14,FRIENDS_ONLY,NO,NO,NO,DAY_MONTH_ONLY,NO,NO,NO,NEVER_CHECKIN,NO,FRIENDS,NEVER,REJECT_UNKNOWN,YES,APP_OR_HARDWARE,COMPLETELY_UNIQUE,YES,REGULARLY,VERIFY_OUT_OF_BAND,NEVER,REGULARLY,5.0,8.0,0.0,7.5,0.0,7.5,0.0,12.5,0.0,0.0,3.5,LOW,5.0,-1.5
SYNTH_USER_0878,AVERAGE,2026-07-10 20:44:14,FRIENDS_OF_FRIENDS,NO,NO,YES,FULL_BIRTHDAY,CITY_ONLY,SOMETIMES,NO,SOMETIMES_LATER,NO,PUBLIC,SOMETIMES,VERIFY_FIRST,NO,APP_OR_HARDWARE,REUSED,NOT_SURE,RARELY,INSPECT_URL,HESITATE,RARELY,45.0,54.0,22.0,62.5,57.5,70.0,54.0,47.5,42.5,62.0,49.2,HIGH,29.5,19.7
SYNTH_USER_0879,AVERAGE,2026-09-20 08:00:14,FRIENDS_ONLY,NOT_SURE,YES,NO,DAY_MONTH_ONLY,NO,NO,SOMETIMES,IMMEDIATELY,SOMETIMES,PUBLIC,NEVER,SOMETIMES,NOT_SURE,SMS_ONLY,SLIGHT_VARIATION,NOT_SURE,RARELY,VERIFY_OUT_OF_BAND,HESITATE,RARELY,52.5,28.0,56.0,47.5,45.0,67.5,56.0,50.0,15.0,46.0,45.2,HIGH,18.3,26.9
SYNTH_USER_0880,AVERAGE,2026-08-30 21:42:14,FRIENDS_OF_FRIENDS,NOT_SURE,NOT_SURE,YES,FULL_BIRTHDAY,CITY_ONLY,NO,NO,IMMEDIATELY,SOMETIMES,PUBLIC,SOMETIMES,SOMETIMES,NOT_SURE,DISABLED,REUSED,YES,RARELY,INSPECT_URL,NEVER,RARELY,60.0,58.0,44.0,40.0,45.0,75.0,74.0,72.5,27.5,68.0,54.4,HIGH,34.9,19.5
SYNTH_USER_0881,AVERAGE,2026-08-12 16:17:14,FRIENDS_ONLY,YES,NO,NO,DAY_MONTH_ONLY,CITY_ONLY,NO,NO,SOMETIMES_LATER,NO,PUBLIC,SOMETIMES,SOMETIMES,NO,SMS_ONLY,REUSED,NOT_SURE,NEVER,INSPECT_URL,HESITATE,NEVER,60.0,16.0,32.0,62.5,77.5,72.5,54.0,50.0,40.0,76.0,49.2,HIGH,18.5,30.7
SYNTH_USER_0882,AVERAGE,2026-08-04 22:43:14,PUBLIC,NOT_SURE,NOT_SURE,YES,DAY_MONTH_ONLY,CITY_ONLY,SOMETIMES,SOMETIMES,SOMETIMES_LATER,SOMETIMES,FRIENDS,NEVER,SOMETIMES,NOT_SURE,DISABLED,COMPLETELY_UNIQUE,YES,RARELY,VERIFY_OUT_OF_BAND,HESITATE,RARELY,85.0,54.0,52.0,20.0,65.0,47.5,36.0,50.0,15.0,70.0,48.2,HIGH,23.1,25.1
SYNTH_USER_0883,HIGH_EXPOSURE,2026-08-04 19:10:14,PUBLIC,YES,NOT_SURE,YES,FULL_BIRTHDAY,YES,YES,YES,IMMEDIATELY,YES,PUBLIC,SOMETIMES,ACCEPT_MOST,NO,DISABLED,REUSED,NO,NEVER,CLICK_IMMEDIATELY,HESITATE,NEVER,95.0,86.0,96.0,85.0,87.5,85.0,92.0,95.0,87.5,84.0,89.8,CRITICAL,56.8,33.0
SYNTH_USER_0884,HIGH_EXPOSURE,2026-08-28 20:12:14,PUBLIC,YES,NOT_SURE,YES,FULL_BIRTHDAY,CITY_ONLY,YES,YES,IMMEDIATELY,YES,PUBLIC,SOMETIMES,ACCEPT_MOST,NO,DISABLED,REUSED,NO,NEVER,CLICK_IMMEDIATELY,HESITATE,NEVER,95.0,74.0,96.0,85.0,87.5,85.0,92.0,95.0,87.5,84.0,88.0,CRITICAL,47.0,41.0
SYNTH_USER_0885,AVERAGE,2026-07-30 16:29:14,FRIENDS_OF_FRIENDS,NO,NO,YES,FULL_BIRTHDAY,NO,SOMETIMES,SOMETIMES,IMMEDIATELY,NO,PUBLIC,NEVER,VERIFY_FIRST,NO,DISABLED,REUSED,NOT_SURE,RARELY,VERIFY_OUT_OF_BAND,NEVER,RARELY,42.5,46.0,60.0,35.0,57.5,70.0,76.0,72.5,27.5,68.0,54.1,HIGH,33.6,20.5
SYNTH_USER_0886,CONSCIOUS,2026-09-11 21:23:14,PRIVATE,NO,NO,NO,DAY_MONTH_ONLY,NO,NO,NO,NEVER_CHECKIN,NO,CUSTOM_LISTS,NEVER,REJECT_UNKNOWN,YES,APP_OR_HARDWARE,COMPLETELY_UNIQUE,YES,REGULARLY,VERIFY_OUT_OF_BAND,NEVER,REGULARLY,0.0,8.0,0.0,0.0,0.0,7.5,0.0,12.5,0.0,0.0,2.2,LOW,5.0,-2.8
SYNTH_USER_0887,AVERAGE,2026-08-04 01:33:14,FRIENDS_OF_FRIENDS,NOT_SURE,YES,NO,DAY_MONTH_ONLY,NO,NO,SOMETIMES,SOMETIMES_LATER,SOMETIMES,PUBLIC,NEVER,VERIFY_FIRST,NO,APP_OR_HARDWARE,SLIGHT_VARIATION,YES,RARELY,INSPECT_URL,HESITATE,NEVER,72.5,28.0,46.0,37.5,70.0,65.0,28.0,50.0,40.0,70.0,46.5,HIGH,19.1,27.4
SYNTH_USER_0888,AVERAGE,2026-09-26 13:42:14,FRIENDS_ONLY,YES,YES,YES,FULL_BIRTHDAY,CITY_ONLY,SOMETIMES,NO,SOMETIMES_LATER,NO,FRIENDS,SOMETIMES,VERIFY_FIRST,NO,SMS_ONLY,COMPLETELY_UNIQUE,YES,RARELY,VERIFY_OUT_OF_BAND,NEVER,NEVER,75.0,74.0,28.0,32.5,47.5,57.5,24.0,37.5,12.5,54.0,43.1,HIGH,18.8,24.3
SYNTH_USER_0889,AVERAGE,2026-08-31 13:45:14,FRIENDS_OF_FRIENDS,NOT_SURE,NOT_SURE,YES,FULL_BIRTHDAY,CITY_ONLY,SOMETIMES,NO,SOMETIMES_LATER,SOMETIMES,FRIENDS,NEVER,VERIFY_FIRST,YES,APP_OR_HARDWARE,REUSED,YES,NEVER,INSPECT_URL,HESITATE,NEVER,60.0,66.0,34.0,7.5,37.5,25.0,54.0,60.0,55.0,68.0,46.8,HIGH,26.2,20.6
SYNTH_USER_0890,AVERAGE,2026-07-12 14:22:14,FRIENDS_OF_FRIENDS,YES,NO,YES,FULL_BIRTHDAY,NO,NO,SOMETIMES,SOMETIMES_LATER,SOMETIMES,FRIENDS,SOMETIMES,VERIFY_FIRST,NOT_SURE,DISABLED,REUSED,NOT_SURE,NEVER,INSPECT_URL,NEVER,NEVER,67.5,38.0,46.0,35.0,47.5,55.0,84.0,62.5,25.0,68.0,52.0,HIGH,23.4,28.6
SYNTH_USER_0891,AVERAGE,2026-09-06 02:37:14,FRIENDS_OF_FRIENDS,YES,YES,NO,DAY_MONTH_ONLY,CITY_ONLY,SOMETIMES,SOMETIMES,IMMEDIATELY,SOMETIMES,PUBLIC,NEVER,SOMETIMES,YES,DISABLED,SLIGHT_VARIATION,YES,RARELY,INSPECT_URL,HESITATE,RARELY,55.0,44.0,72.0,25.0,65.0,52.5,66.0,37.5,42.5,60.0,53.5,HIGH,31.5,22.0
SYNTH_USER_0892,HIGH_EXPOSURE,2026-10-04 11:09:14,PUBLIC,YES,YES,YES,FULL_BIRTHDAY,YES,YES,YES,IMMEDIATELY,YES,PUBLIC,SOMETIMES,ACCEPT_MOST,NO,DISABLED,REUSED,NO,NEVER,CLICK_IMMEDIATELY,YES_HELP,NEVER,95.0,94.0,96.0,85.0,87.5,85.0,92.0,95.0,97.5,84.0,92.0,CRITICAL,41.0,51.0
SYNTH_USER_0893,AVERAGE,2026-07-09 12:18:14,FRIENDS_OF_FRIENDS,NOT_SURE,NO,YES,DAY_MONTH_ONLY,CITY_ONLY,SOMETIMES,SOMETIMES,SOMETIMES_LATER,NO,FRIENDS,NEVER,SOMETIMES,NOT_SURE,APP_OR_HARDWARE,COMPLETELY_UNIQUE,NOT_SURE,NEVER,VERIFY_OUT_OF_BAND,NEVER,RARELY,72.5,42.0,44.0,20.0,77.5,60.0,44.0,72.5,0.0,60.0,46.1,HIGH,26.9,19.2
SYNTH_USER_0894,HIGH_EXPOSURE,2026-08-25 09:24:14,PUBLIC,YES,YES,YES,FULL_BIRTHDAY,YES,YES,YES,IMMEDIATELY,YES,PUBLIC,SOMETIMES,ACCEPT_MOST,NO,DISABLED,REUSED,NO,NEVER,CLICK_IMMEDIATELY,YES_HELP,NEVER,95.0,94.0,96.0,85.0,87.5,85.0,92.0,95.0,97.5,84.0,92.0,CRITICAL,59.4,32.6
SYNTH_USER_0895,AVERAGE,2026-09-10 04:24:14,FRIENDS_OF_FRIENDS,NO,NO,NO,DAY_MONTH_ONLY,NO,SOMETIMES,SOMETIMES,IMMEDIATELY,SOMETIMES,FRIENDS,SOMETIMES,SOMETIMES,NO,SMS_ONLY,SLIGHT_VARIATION,NOT_SURE,RARELY,VERIFY_OUT_OF_BAND,NEVER,NEVER,57.5,16.0,62.0,35.0,65.0,77.5,64.0,50.0,12.5,70.0,48.2,HIGH,21.5,26.7
SYNTH_USER_0896,CONSCIOUS,2026-10-06 04:38:14,PRIVATE,NO,NO,NO,DAY_MONTH_ONLY,NO,NO,NO,AFTER_LEAVING,NO,CUSTOM_LISTS,NEVER,REJECT_UNKNOWN,YES,APP_OR_HARDWARE,COMPLETELY_UNIQUE,YES,REGULARLY,VERIFY_OUT_OF_BAND,NEVER,REGULARLY,10.0,8.0,2.0,0.0,0.0,7.5,0.0,12.5,0.0,0.0,3.5,LOW,5.0,-1.5
SYNTH_USER_0897,AVERAGE,2026-08-28 07:51:14,FRIENDS_ONLY,YES,NO,NO,DAY_MONTH_ONLY,CITY_ONLY,NO,SOMETIMES,IMMEDIATELY,NO,PUBLIC,NEVER,VERIFY_FIRST,NOT_SURE,APP_OR_HARDWARE,COMPLETELY_UNIQUE,NOT_SURE,RARELY,INSPECT_URL,NEVER,NEVER,60.0,16.0,44.0,25.0,47.5,52.5,34.0,47.5,40.0,68.0,39.8,MODERATE,24.4,15.4
SYNTH_USER_0898,HIGH_EXPOSURE,2026-08-04 00:17:14,PUBLIC,YES,YES,YES,FULL_BIRTHDAY,YES,YES,YES,IMMEDIATELY,YES,PUBLIC,SOMETIMES,ACCEPT_MOST,NO,DISABLED,REUSED,NO,NEVER,CLICK_IMMEDIATELY,HESITATE,NEVER,95.0,94.0,96.0,85.0,87.5,85.0,92.0,95.0,87.5,84.0,91.0,CRITICAL,54.9,36.1
SYNTH_USER_0899,HIGH_EXPOSURE,2026-07-12 05:42:14,PUBLIC,YES,YES,YES,FULL_BIRTHDAY,YES,YES,YES,IMMEDIATELY,YES,PUBLIC,YES,ACCEPT_MOST,NO,DISABLED,REUSED,NO,NEVER,CLICK_IMMEDIATELY,YES_HELP,NEVER,95.0,94.0,96.0,95.0,87.5,85.0,92.0,95.0,97.5,84.0,93.0,CRITICAL,34.1,58.9
SYNTH_USER_0900,AVERAGE,2026-08-04 14:32:14,FRIENDS_ONLY,NO,YES,YES,DAY_MONTH_ONLY,CITY_ONLY,NO,SOMETIMES,SOMETIMES_LATER,SOMETIMES,PUBLIC,NEVER,SOMETIMES,YES,SMS_ONLY,SLIGHT_VARIATION,YES,RARELY,VERIFY_OUT_OF_BAND,HESITATE,NEVER,50.0,54.0,52.0,47.5,55.0,47.5,46.0,50.0,15.0,76.0,48.2,HIGH,30.0,18.2
SYNTH_USER_0901,HIGH_EXPOSURE,2026-08-07 12:34:14,PUBLIC,YES,YES,YES,FULL_BIRTHDAY,YES,YES,YES,IMMEDIATELY,YES,PUBLIC,SOMETIMES,ACCEPT_MOST,NO,DISABLED,REUSED,NO,NEVER,CLICK_IMMEDIATELY,YES_HELP,NEVER,95.0,94.0,96.0,85.0,87.5,85.0,92.0,95.0,97.5,84.0,92.0,CRITICAL,50.8,41.2
SYNTH_USER_0902,AVERAGE,2026-10-03 18:07:14,FRIENDS_OF_FRIENDS,NOT_SURE,NO,NO,DAY_MONTH_ONLY,NO,SOMETIMES,NO,SOMETIMES_LATER,NO,PUBLIC,SOMETIMES,VERIFY_FIRST,NOT_SURE,DISABLED,SLIGHT_VARIATION,YES,NEVER,VERIFY_OUT_OF_BAND,HESITATE,NEVER,45.0,16.0,28.0,40.0,60.0,67.5,58.0,50.0,42.5,78.0,43.8,HIGH,22.8,21.0
SYNTH_USER_0903,AVERAGE,2026-07-19 05:13:14,PUBLIC,YES,NO,NO,FULL_BIRTHDAY,NO,SOMETIMES,NO,SOMETIMES_LATER,SOMETIMES,FRIENDS,NEVER,VERIFY_FIRST,NOT_SURE,APP_OR_HARDWARE,COMPLETELY_UNIQUE,YES,NEVER,INSPECT_URL,NEVER,RARELY,80.0,28.0,40.0,20.0,70.0,40.0,16.0,50.0,12.5,60.0,38.3,MODERATE,17.4,20.9
SYNTH_USER_0904,AVERAGE,2026-07-23 08:14:14,FRIENDS_ONLY,NOT_SURE,NO,NO,FULL_BIRTHDAY,CITY_ONLY,SOMETIMES,SOMETIMES,IMMEDIATELY,NO,FRIENDS,NEVER,SOMETIMES,NO,DISABLED,COMPLETELY_UNIQUE,NOT_SURE,NEVER,INSPECT_URL,NEVER,RARELY,37.5,36.0,60.0,20.0,45.0,62.5,54.0,72.5,27.5,52.0,44.9,HIGH,23.9,21.0
SYNTH_USER_0905,CONSCIOUS,2026-09-29 10:06:14,FRIENDS_ONLY,NO,NO,NO,DAY_MONTH_ONLY,NO,NO,NO,NEVER_CHECKIN,NO,FRIENDS,NEVER,VERIFY_FIRST,YES,APP_OR_HARDWARE,COMPLETELY_UNIQUE,YES,REGULARLY,VERIFY_OUT_OF_BAND,NEVER,REGULARLY,15.0,8.0,0.0,7.5,15.0,5.0,0.0,12.5,0.0,0.0,5.8,LOW,5.0,0.8
SYNTH_USER_0906,CONSCIOUS,2026-08-11 21:04:14,PRIVATE,NO,NO,NO,DAY_MONTH_ONLY,NO,NO,NO,NEVER_CHECKIN,NO,CUSTOM_LISTS,NEVER,VERIFY_FIRST,YES,APP_OR_HARDWARE,COMPLETELY_UNIQUE,YES,REGULARLY,VERIFY_OUT_OF_BAND,NEVER,REGULARLY,0.0,8.0,0.0,0.0,7.5,5.0,0.0,12.5,0.0,0.0,2.8,LOW,5.0,-2.2
SYNTH_USER_0907,HIGH_EXPOSURE,2026-08-25 05:36:14,PUBLIC,YES,NOT_SURE,YES,FULL_BIRTHDAY,CITY_ONLY,YES,YES,IMMEDIATELY,YES,PUBLIC,SOMETIMES,ACCEPT_MOST,NO,DISABLED,REUSED,NO,NEVER,CLICK_IMMEDIATELY,HESITATE,NEVER,95.0,74.0,96.0,85.0,87.5,85.0,92.0,95.0,87.5,84.0,88.0,CRITICAL,32.1,55.9
SYNTH_USER_0908,AVERAGE,2026-09-01 07:23:14,PUBLIC,YES,NOT_SURE,NO,FULL_BIRTHDAY,NO,SOMETIMES,NO,IMMEDIATELY,NO,PUBLIC,NEVER,SOMETIMES,NOT_SURE,DISABLED,REUSED,NOT_SURE,NEVER,VERIFY_OUT_OF_BAND,HESITATE,RARELY,67.5,40.0,38.0,35.0,65.0,55.0,76.0,60.0,30.0,68.0,52.0,HIGH,22.0,30.0
SYNTH_USER_0909,AVERAGE,2026-10-04 10:19:14,FRIENDS_ONLY,NOT_SURE,YES,YES,FULL_BIRTHDAY,CITY_ONLY,NO,SOMETIMES,SOMETIMES_LATER,NO,PUBLIC,SOMETIMES,SOMETIMES,YES,SMS_ONLY,COMPLETELY_UNIQUE,NOT_SURE,NEVER,INSPECT_URL,HESITATE,NEVER,50.0,66.0,40.0,50.0,55.0,32.5,52.0,75.0,42.5,70.0,52.3,HIGH,28.9,23.4
SYNTH_USER_0910,CONSCIOUS,2026-09-05 06:55:14,PRIVATE,NO,NO,NO,DAY_MONTH_ONLY,NO,NO,NO,AFTER_LEAVING,NO,CUSTOM_LISTS,NEVER,VERIFY_FIRST,YES,APP_OR_HARDWARE,COMPLETELY_UNIQUE,YES,REGULARLY,VERIFY_OUT_OF_BAND,NEVER,REGULARLY,10.0,8.0,2.0,0.0,7.5,12.5,0.0,12.5,0.0,0.0,4.5,LOW,5.0,-0.5
SYNTH_USER_0911,HIGH_EXPOSURE,2026-07-19 14:48:14,PUBLIC,YES,YES,YES,FULL_BIRTHDAY,YES,YES,YES,IMMEDIATELY,YES,PUBLIC,SOMETIMES,ACCEPT_MOST,NO,DISABLED,REUSED,NO,NEVER,CLICK_IMMEDIATELY,HESITATE,NEVER,95.0,94.0,96.0,85.0,87.5,85.0,92.0,95.0,87.5,84.0,91.0,CRITICAL,37.0,54.0
SYNTH_USER_0912,CONSCIOUS,2026-09-01 09:03:14,PRIVATE,NO,NO,NO,HIDDEN,NO,NO,NO,AFTER_LEAVING,NO,CUSTOM_LISTS,NEVER,REJECT_UNKNOWN,YES,APP_OR_HARDWARE,COMPLETELY_UNIQUE,YES,REGULARLY,VERIFY_OUT_OF_BAND,NEVER,REGULARLY,10.0,0.0,2.0,0.0,7.5,0.0,0.0,12.5,0.0,0.0,2.7,LOW,5.0,-2.3
SYNTH_USER_0913,HIGH_EXPOSURE,2026-09-12 18:14:14,PUBLIC,YES,NOT_SURE,YES,FULL_BIRTHDAY,YES,YES,YES,IMMEDIATELY,YES,PUBLIC,YES,ACCEPT_MOST,NO,DISABLED,REUSED,NO,NEVER,CLICK_IMMEDIATELY,HESITATE,NEVER,95.0,86.0,96.0,95.0,87.5,85.0,92.0,95.0,87.5,84.0,90.8,CRITICAL,45.3,45.5
SYNTH_USER_0914,HIGH_EXPOSURE,2026-08-10 08:27:14,PUBLIC,YES,NOT_SURE,YES,FULL_BIRTHDAY,CITY_ONLY,YES,YES,IMMEDIATELY,YES,PUBLIC,SOMETIMES,ACCEPT_MOST,NO,DISABLED,REUSED,NO,NEVER,CLICK_IMMEDIATELY,HESITATE,NEVER,95.0,74.0,96.0,85.0,87.5,85.0,92.0,95.0,87.5,84.0,88.0,CRITICAL,56.0,32.0
SYNTH_USER_0915,AVERAGE,2026-07-09 06:18:14,PUBLIC,NO,NOT_SURE,NO,DAY_MONTH_ONLY,NO,NO,NO,IMMEDIATELY,NO,PUBLIC,NEVER,SOMETIMES,NO,DISABLED,SLIGHT_VARIATION,NOT_SURE,NEVER,VERIFY_OUT_OF_BAND,NEVER,NEVER,70.0,20.0,48.0,35.0,67.5,57.5,66.0,85.0,27.5,68.0,50.6,HIGH,23.7,26.9
SYNTH_USER_0916,HIGH_EXPOSURE,2026-08-07 07:17:14,PUBLIC,YES,NOT_SURE,YES,FULL_BIRTHDAY,YES,YES,YES,IMMEDIATELY,YES,PUBLIC,YES,ACCEPT_MOST,NO,DISABLED,REUSED,NO,NEVER,CLICK_IMMEDIATELY,HESITATE,NEVER,95.0,86.0,96.0,95.0,87.5,85.0,92.0,95.0,87.5,84.0,90.8,CRITICAL,38.3,52.5
SYNTH_USER_0917,AVERAGE,2026-07-31 07:18:14,PUBLIC,YES,NOT_SURE,YES,DAY_MONTH_ONLY,NO,SOMETIMES,SOMETIMES,IMMEDIATELY,NO,PUBLIC,SOMETIMES,SOMETIMES,YES,SMS_ONLY,REUSED,YES,RARELY,INSPECT_URL,HESITATE,RARELY,80.0,46.0,54.0,52.5,65.0,52.5,52.0,62.5,40.0,76.0,56.1,HIGH,26.0,30.1
SYNTH_USER_0918,CONSCIOUS,2026-09-23 22:53:14,PRIVATE,NO,NO,NO,DAY_MONTH_ONLY,NO,NO,NO,NEVER_CHECKIN,NO,CUSTOM_LISTS,NEVER,VERIFY_FIRST,YES,APP_OR_HARDWARE,COMPLETELY_UNIQUE,YES,REGULARLY,VERIFY_OUT_OF_BAND,NEVER,REGULARLY,0.0,8.0,0.0,0.0,15.0,7.5,0.0,12.5,0.0,0.0,3.7,LOW,5.0,-1.3
SYNTH_USER_0919,HIGH_EXPOSURE,2026-10-02 07:45:14,PUBLIC,YES,YES,YES,FULL_BIRTHDAY,YES,YES,YES,IMMEDIATELY,YES,PUBLIC,YES,ACCEPT_MOST,NO,DISABLED,REUSED,NO,NEVER,CLICK_IMMEDIATELY,HESITATE,NEVER,95.0,94.0,96.0,95.0,87.5,85.0,92.0,95.0,87.5,84.0,92.0,CRITICAL,45.5,46.5
SYNTH_USER_0920,AVERAGE,2026-07-14 19:56:14,FRIENDS_OF_FRIENDS,NOT_SURE,YES,NO,FULL_BIRTHDAY,NO,SOMETIMES,NO,SOMETIMES_LATER,SOMETIMES,PUBLIC,SOMETIMES,SOMETIMES,YES,DISABLED,REUSED,YES,RARELY,INSPECT_URL,NEVER,NEVER,60.0,48.0,50.0,50.0,45.0,45.0,64.0,50.0,27.5,76.0,51.1,HIGH,31.1,20.0
SYNTH_USER_0921,AVERAGE,2026-08-16 14:54:14,PUBLIC,NOT_SURE,YES,YES,DAY_MONTH_ONLY,NO,SOMETIMES,SOMETIMES,IMMEDIATELY,NO,FRIENDS,NEVER,SOMETIMES,NO,APP_OR_HARDWARE,COMPLETELY_UNIQUE,YES,RARELY,INSPECT_URL,HESITATE,RARELY,85.0,54.0,54.0,7.5,57.5,57.5,34.0,37.5,55.0,54.0,49.3,HIGH,30.1,19.2
SYNTH_USER_0922,CONSCIOUS,2026-09-15 17:02:14,PRIVATE,NO,NO,NO,DAY_MONTH_ONLY,NO,NO,NO,NEVER_CHECKIN,NO,FRIENDS,NEVER,VERIFY_FIRST,YES,APP_OR_HARDWARE,COMPLETELY_UNIQUE,YES,REGULARLY,VERIFY_OUT_OF_BAND,NEVER,REGULARLY,10.0,8.0,0.0,7.5,15.0,12.5,0.0,12.5,0.0,0.0,5.7,LOW,5.0,0.7
SYNTH_USER_0923,HIGH_EXPOSURE,2026-10-02 00:12:14,PUBLIC,YES,YES,YES,FULL_BIRTHDAY,YES,YES,YES,IMMEDIATELY,YES,PUBLIC,YES,ACCEPT_MOST,NO,DISABLED,REUSED,NO,NEVER,CLICK_IMMEDIATELY,YES_HELP,NEVER,95.0,94.0,96.0,95.0,87.5,85.0,92.0,95.0,97.5,84.0,93.0,CRITICAL,57.1,35.9
SYNTH_USER_0924,CONSCIOUS,2026-09-05 11:11:14,PRIVATE,NO,NO,NO,HIDDEN,NO,NO,NO,AFTER_LEAVING,NO,FRIENDS,NEVER,VERIFY_FIRST,YES,APP_OR_HARDWARE,COMPLETELY_UNIQUE,YES,REGULARLY,VERIFY_OUT_OF_BAND,NEVER,REGULARLY,10.0,0.0,2.0,7.5,7.5,7.5,0.0,12.5,0.0,0.0,3.8,LOW,5.0,-1.2
SYNTH_USER_0925,AVERAGE,2026-08-25 15:17:14,FRIENDS_OF_FRIENDS,NO,NOT_SURE,NO,DAY_MONTH_ONLY,CITY_ONLY,SOMETIMES,NO,SOMETIMES_LATER,SOMETIMES,PUBLIC,NEVER,SOMETIMES,YES,SMS_ONLY,SLIGHT_VARIATION,YES,RARELY,VERIFY_OUT_OF_BAND,NEVER,NEVER,30.0,36.0,34.0,35.0,67.5,40.0,36.0,62.5,0.0,76.0,38.1,MODERATE,17.3,20.8
SYNTH_USER_0926,CONSCIOUS,2026-08-07 06:01:14,PRIVATE,NO,NO,NO,DAY_MONTH_ONLY,NO,NO,NO,AFTER_LEAVING,NO,CUSTOM_LISTS,NEVER,REJECT_UNKNOWN,YES,APP_OR_HARDWARE,COMPLETELY_UNIQUE,YES,REGULARLY,VERIFY_OUT_OF_BAND,NEVER,REGULARLY,0.0,8.0,2.0,0.0,7.5,5.0,0.0,12.5,0.0,0.0,3.1,LOW,5.0,-1.9
SYNTH_USER_0927,AVERAGE,2026-08-05 15:17:14,PUBLIC,NO,NOT_SURE,NO,DAY_MONTH_ONLY,NO,NO,NO,SOMETIMES_LATER,NO,FRIENDS,NEVER,SOMETIMES,NO,DISABLED,SLIGHT_VARIATION,YES,RARELY,INSPECT_URL,NEVER,NEVER,42.5,20.0,32.0,30.0,67.5,72.5,58.0,60.0,27.5,62.0,43.0,HIGH,18.9,24.1
SYNTH_USER_0928,AVERAGE,2026-10-02 16:16:14,FRIENDS_ONLY,NO,NOT_SURE,YES,FULL_BIRTHDAY,CITY_ONLY,NO,NO,IMMEDIATELY,NO,PUBLIC,SOMETIMES,SOMETIMES,NOT_SURE,APP_OR_HARDWARE,SLIGHT_VARIATION,NOT_SURE,RARELY,VERIFY_OUT_OF_BAND,NEVER,RARELY,35.0,58.0,38.0,52.5,55.0,60.0,48.0,60.0,12.5,60.0,46.1,HIGH,26.4,19.7
SYNTH_USER_0929,CONSCIOUS,2026-07-22 02:23:14,PRIVATE,NO,NO,NO,DAY_MONTH_ONLY,NO,NO,NO,AFTER_LEAVING,NO,CUSTOM_LISTS,NEVER,REJECT_UNKNOWN,YES,APP_OR_HARDWARE,COMPLETELY_UNIQUE,YES,REGULARLY,VERIFY_OUT_OF_BAND,NEVER,REGULARLY,10.0,8.0,2.0,0.0,7.5,12.5,0.0,12.5,0.0,0.0,4.5,LOW,5.0,-0.5
SYNTH_USER_0930,AVERAGE,2026-09-21 21:17:14,FRIENDS_OF_FRIENDS,NO,NOT_SURE,YES,FULL_BIRTHDAY,NO,NO,NO,SOMETIMES_LATER,NO,PUBLIC,NEVER,VERIFY_FIRST,NOT_SURE,DISABLED,SLIGHT_VARIATION,NOT_SURE,RARELY,INSPECT_URL,HESITATE,NEVER,45.0,50.0,32.0,47.5,70.0,52.5,76.0,50.0,40.0,76.0,52.9,HIGH,20.2,32.7
SYNTH_USER_0931,AVERAGE,2026-08-07 09:17:14,FRIENDS_OF_FRIENDS,NO,YES,NO,DAY_MONTH_ONLY,NO,SOMETIMES,SOMETIMES,SOMETIMES_LATER,SOMETIMES,PUBLIC,NEVER,SOMETIMES,NO,SMS_ONLY,SLIGHT_VARIATION,YES,RARELY,INSPECT_URL,NEVER,NEVER,57.5,36.0,62.0,25.0,57.5,70.0,54.0,60.0,25.0,76.0,49.6,HIGH,27.7,21.9
SYNTH_USER_0932,HIGH_EXPOSURE,2026-08-04 07:19:14,PUBLIC,YES,YES,YES,FULL_BIRTHDAY,YES,YES,YES,IMMEDIATELY,YES,PUBLIC,SOMETIMES,ACCEPT_MOST,NO,DISABLED,REUSED,NO,NEVER,CLICK_IMMEDIATELY,HESITATE,NEVER,95.0,94.0,96.0,85.0,87.5,85.0,92.0,95.0,87.5,84.0,91.0,CRITICAL,59.1,31.9
SYNTH_USER_0933,CONSCIOUS,2026-08-09 03:34:14,PRIVATE,NO,NO,NO,DAY_MONTH_ONLY,NO,NO,NO,NEVER_CHECKIN,NO,CUSTOM_LISTS,NEVER,VERIFY_FIRST,YES,APP_OR_HARDWARE,COMPLETELY_UNIQUE,YES,REGULARLY,VERIFY_OUT_OF_BAND,NEVER,REGULARLY,0.0,8.0,0.0,0.0,15.0,5.0,0.0,12.5,0.0,0.0,3.6,LOW,5.0,-1.4
SYNTH_USER_0934,AVERAGE,2026-09-10 13:43:14,PUBLIC,NOT_SURE,NOT_SURE,NO,DAY_MONTH_ONLY,NO,SOMETIMES,NO,IMMEDIATELY,NO,FRIENDS,NEVER,VERIFY_FIRST,YES,APP_OR_HARDWARE,REUSED,NOT_SURE,NEVER,VERIFY_OUT_OF_BAND,HESITATE,NEVER,85.0,28.0,42.0,30.0,47.5,25.0,64.0,85.0,42.5,70.0,49.6,HIGH,23.6,26.0
SYNTH_USER_0935,HIGH_EXPOSURE,2026-09-07 09:47:14,PUBLIC,YES,YES,YES,FULL_BIRTHDAY,CITY_ONLY,YES,YES,IMMEDIATELY,YES,PUBLIC,YES,ACCEPT_MOST,NO,DISABLED,REUSED,NO,NEVER,CLICK_IMMEDIATELY,HESITATE,NEVER,95.0,82.0,96.0,95.0,87.5,85.0,92.0,95.0,87.5,84.0,90.2,CRITICAL,43.8,46.4
SYNTH_USER_0936,CONSCIOUS,2026-09-24 04:35:14,FRIENDS_ONLY,NO,NO,NO,DAY_MONTH_ONLY,NO,NO,NO,AFTER_LEAVING,NO,CUSTOM_LISTS,NEVER,VERIFY_FIRST,YES,APP_OR_HARDWARE,COMPLETELY_UNIQUE,YES,REGULARLY,VERIFY_OUT_OF_BAND,NEVER,REGULARLY,5.0,8.0,2.0,0.0,15.0,7.5,0.0,12.5,0.0,0.0,4.5,LOW,5.0,-0.5
SYNTH_USER_0937,HIGH_EXPOSURE,2026-08-07 00:59:14,PUBLIC,YES,YES,YES,FULL_BIRTHDAY,YES,YES,YES,IMMEDIATELY,YES,PUBLIC,SOMETIMES,ACCEPT_MOST,NO,DISABLED,REUSED,NO,NEVER,CLICK_IMMEDIATELY,YES_HELP,NEVER,95.0,94.0,96.0,85.0,87.5,85.0,92.0,95.0,97.5,84.0,92.0,CRITICAL,37.3,54.7
SYNTH_USER_0938,AVERAGE,2026-10-03 08:18:14,PUBLIC,NOT_SURE,NOT_SURE,YES,DAY_MONTH_ONLY,NO,NO,SOMETIMES,SOMETIMES_LATER,SOMETIMES,FRIENDS,SOMETIMES,VERIFY_FIRST,YES,DISABLED,REUSED,YES,NEVER,INSPECT_URL,HESITATE,NEVER,72.5,38.0,46.0,22.5,47.5,40.0,56.0,85.0,42.5,76.0,49.5,HIGH,32.0,17.5
SYNTH_USER_0939,CONSCIOUS,2026-07-31 11:15:14,FRIENDS_ONLY,NO,NO,NO,DAY_MONTH_ONLY,NO,NO,NO,AFTER_LEAVING,NO,FRIENDS,NEVER,VERIFY_FIRST,YES,APP_OR_HARDWARE,COMPLETELY_UNIQUE,YES,REGULARLY,VERIFY_OUT_OF_BAND,NEVER,REGULARLY,5.0,8.0,2.0,7.5,7.5,0.0,0.0,12.5,0.0,0.0,4.1,LOW,5.0,-0.9
SYNTH_USER_0940,AVERAGE,2026-09-13 00:06:14,PUBLIC,NOT_SURE,NOT_SURE,YES,FULL_BIRTHDAY,NO,NO,SOMETIMES,SOMETIMES_LATER,NO,FRIENDS,SOMETIMES,SOMETIMES,NOT_SURE,DISABLED,SLIGHT_VARIATION,YES,NEVER,INSPECT_URL,NEVER,NEVER,85.0,50.0,44.0,35.0,45.0,60.0,58.0,72.5,40.0,70.0,53.4,HIGH,33.7,19.7
SYNTH_USER_0941,HIGH_EXPOSURE,2026-07-29 20:54:14,PUBLIC,YES,NOT_SURE,YES,FULL_BIRTHDAY,YES,YES,YES,IMMEDIATELY,YES,PUBLIC,SOMETIMES,ACCEPT_MOST,NO,DISABLED,REUSED,NO,NEVER,CLICK_IMMEDIATELY,HESITATE,NEVER,95.0,86.0,96.0,85.0,87.5,85.0,92.0,95.0,87.5,84.0,89.8,CRITICAL,53.3,36.5
SYNTH_USER_0942,HIGH_EXPOSURE,2026-09-02 19:52:14,PUBLIC,YES,YES,YES,FULL_BIRTHDAY,CITY_ONLY,YES,YES,IMMEDIATELY,YES,PUBLIC,YES,ACCEPT_MOST,NO,DISABLED,REUSED,NO,NEVER,CLICK_IMMEDIATELY,HESITATE,NEVER,95.0,82.0,96.0,95.0,87.5,85.0,92.0,95.0,87.5,84.0,90.2,CRITICAL,40.9,49.3
SYNTH_USER_0943,AVERAGE,2026-09-04 10:33:14,PUBLIC,NO,YES,YES,FULL_BIRTHDAY,NO,SOMETIMES,SOMETIMES,IMMEDIATELY,NO,PUBLIC,NEVER,VERIFY_FIRST,NOT_SURE,SMS_ONLY,COMPLETELY_UNIQUE,YES,RARELY,VERIFY_OUT_OF_BAND,NEVER,NEVER,55.0,66.0,50.0,35.0,60.0,52.5,34.0,60.0,0.0,76.0,46.9,HIGH,26.3,20.6
SYNTH_USER_0944,HIGH_EXPOSURE,2026-09-25 02:37:14,PUBLIC,YES,YES,YES,FULL_BIRTHDAY,CITY_ONLY,YES,YES,IMMEDIATELY,YES,PUBLIC,YES,ACCEPT_MOST,NO,DISABLED,REUSED,NO,NEVER,CLICK_IMMEDIATELY,YES_HELP,NEVER,95.0,82.0,96.0,95.0,87.5,85.0,92.0,95.0,97.5,84.0,91.2,CRITICAL,55.1,36.1
SYNTH_USER_0945,CONSCIOUS,2026-08-17 12:20:14,FRIENDS_ONLY,NO,NO,NO,HIDDEN,NO,NO,NO,NEVER_CHECKIN,NO,FRIENDS,NEVER,REJECT_UNKNOWN,YES,APP_OR_HARDWARE,COMPLETELY_UNIQUE,YES,REGULARLY,VERIFY_OUT_OF_BAND,NEVER,REGULARLY,15.0,0.0,0.0,7.5,0.0,0.0,0.0,12.5,0.0,0.0,2.9,LOW,5.0,-2.1
SYNTH_USER_0946,AVERAGE,2026-10-02 19:13:14,FRIENDS_ONLY,NO,YES,NO,FULL_BIRTHDAY,NO,NO,NO,SOMETIMES_LATER,SOMETIMES,FRIENDS,NEVER,VERIFY_FIRST,NOT_SURE,DISABLED,REUSED,NOT_SURE,NEVER,INSPECT_URL,NEVER,NEVER,35.0,40.0,34.0,20.0,60.0,55.0,74.0,50.0,27.5,62.0,44.8,HIGH,28.9,15.9
SYNTH_USER_0947,AVERAGE,2026-08-01 11:06:14,FRIENDS_ONLY,YES,NOT_SURE,YES,DAY_MONTH_ONLY,NO,SOMETIMES,NO,SOMETIMES_LATER,NO,PUBLIC,NEVER,SOMETIMES,NO,SMS_ONLY,COMPLETELY_UNIQUE,NOT_SURE,RARELY,VERIFY_OUT_OF_BAND,NEVER,RARELY,60.0,46.0,38.0,37.5,45.0,72.5,42.0,60.0,15.0,70.0,44.8,HIGH,16.4,28.4
SYNTH_USER_0948,CONSCIOUS,2026-10-01 15:51:14,PRIVATE,NO,NO,NO,DAY_MONTH_ONLY,NO,NO,NO,NEVER_CHECKIN,NO,CUSTOM_LISTS,NEVER,REJECT_UNKNOWN,YES,APP_OR_HARDWARE,COMPLETELY_UNIQUE,YES,REGULARLY,VERIFY_OUT_OF_BAND,NEVER,REGULARLY,0.0,8.0,0.0,0.0,7.5,12.5,0.0,12.5,0.0,0.0,3.2,LOW,5.0,-1.8
SYNTH_USER_0949,CONSCIOUS,2026-08-22 02:08:14,PRIVATE,NO,NO,NO,DAY_MONTH_ONLY,NO,NO,NO,NEVER_CHECKIN,NO,FRIENDS,NEVER,REJECT_UNKNOWN,YES,APP_OR_HARDWARE,COMPLETELY_UNIQUE,YES,REGULARLY,VERIFY_OUT_OF_BAND,NEVER,REGULARLY,0.0,8.0,0.0,7.5,7.5,7.5,0.0,12.5,0.0,0.0,3.7,LOW,5.0,-1.3
SYNTH_USER_0950,HIGH_EXPOSURE,2026-08-27 02:13:14,PUBLIC,YES,YES,YES,FULL_BIRTHDAY,CITY_ONLY,YES,YES,IMMEDIATELY,YES,PUBLIC,YES,ACCEPT_MOST,NO,DISABLED,REUSED,NO,NEVER,CLICK_IMMEDIATELY,HESITATE,NEVER,95.0,82.0,96.0,95.0,87.5,85.0,92.0,95.0,87.5,84.0,90.2,CRITICAL,38.2,52.0
SYNTH_USER_0951,AVERAGE,2026-09-28 17:42:14,PUBLIC,NO,NOT_SURE,YES,FULL_BIRTHDAY,NO,NO,SOMETIMES,IMMEDIATELY,NO,PUBLIC,NEVER,SOMETIMES,NOT_SURE,SMS_ONLY,REUSED,NOT_SURE,NEVER,VERIFY_OUT_OF_BAND,NEVER,NEVER,42.5,50.0,60.0,25.0,67.5,62.5,62.0,85.0,15.0,68.0,51.6,HIGH,29.9,21.7
SYNTH_USER_0952,AVERAGE,2026-07-19 04:45:14,PUBLIC,NOT_SURE,YES,NO,FULL_BIRTHDAY,NO,NO,NO,SOMETIMES_LATER,SOMETIMES,FRIENDS,SOMETIMES,VERIFY_FIRST,NO,SMS_ONLY,COMPLETELY_UNIQUE,NOT_SURE,RARELY,INSPECT_URL,HESITATE,NEVER,72.5,40.0,40.0,22.5,47.5,57.5,42.0,62.5,27.5,68.0,44.7,HIGH,29.0,15.7
SYNTH_USER_0953,AVERAGE,2026-08-16 20:32:14,FRIENDS_OF_FRIENDS,NO,NOT_SURE,YES,FULL_BIRTHDAY,CITY_ONLY,NO,NO,IMMEDIATELY,NO,FRIENDS,NEVER,VERIFY_FIRST,YES,APP_OR_HARDWARE,SLIGHT_VARIATION,YES,RARELY,INSPECT_URL,HESITATE,RARELY,45.0,58.0,32.0,17.5,70.0,25.0,46.0,50.0,55.0,68.0,46.3,HIGH,28.1,18.2
SYNTH_USER_0954,AVERAGE,2026-10-03 10:27:14,PUBLIC,NO,NO,NO,FULL_BIRTHDAY,CITY_ONLY,NO,SOMETIMES,SOMETIMES_LATER,SOMETIMES,PUBLIC,NEVER,VERIFY_FIRST,NOT_SURE,DISABLED,REUSED,YES,RARELY,VERIFY_OUT_OF_BAND,HESITATE,RARELY,55.0,28.0,52.0,25.0,37.5,75.0,66.0,47.5,42.5,62.0,47.1,HIGH,24.1,23.0
SYNTH_USER_0955,HIGH_EXPOSURE,2026-08-02 13:52:14,PUBLIC,YES,NOT_SURE,YES,FULL_BIRTHDAY,CITY_ONLY,YES,YES,IMMEDIATELY,YES,PUBLIC,SOMETIMES,ACCEPT_MOST,NO,DISABLED,REUSED,NO,NEVER,CLICK_IMMEDIATELY,HESITATE,NEVER,95.0,74.0,96.0,85.0,87.5,85.0,92.0,95.0,87.5,84.0,88.0,CRITICAL,38.8,49.2
SYNTH_USER_0956,HIGH_EXPOSURE,2026-08-23 17:56:14,PUBLIC,YES,YES,YES,FULL_BIRTHDAY,YES,YES,YES,IMMEDIATELY,YES,PUBLIC,YES,ACCEPT_MOST,NO,DISABLED,REUSED,NO,NEVER,CLICK_IMMEDIATELY,YES_HELP,NEVER,95.0,94.0,96.0,95.0,87.5,85.0,92.0,95.0,97.5,84.0,93.0,CRITICAL,42.5,50.5
SYNTH_USER_0957,HIGH_EXPOSURE,2026-09-25 04:28:14,PUBLIC,YES,NOT_SURE,YES,FULL_BIRTHDAY,CITY_ONLY,YES,YES,IMMEDIATELY,YES,PUBLIC,YES,ACCEPT_MOST,NO,DISABLED,REUSED,NO,NEVER,CLICK_IMMEDIATELY,HESITATE,NEVER,95.0,74.0,96.0,95.0,87.5,85.0,92.0,95.0,87.5,84.0,89.0,CRITICAL,36.8,52.2
SYNTH_USER_0958,AVERAGE,2026-07-14 06:26:14,FRIENDS_ONLY,NOT_SURE,YES,YES,FULL_BIRTHDAY,CITY_ONLY,NO,SOMETIMES,SOMETIMES_LATER,NO,PUBLIC,NEVER,SOMETIMES,YES,APP_OR_HARDWARE,COMPLETELY_UNIQUE,NOT_SURE,NEVER,VERIFY_OUT_OF_BAND,HESITATE,RARELY,52.5,66.0,40.0,25.0,45.0,45.0,26.0,72.5,27.5,62.0,43.8,HIGH,28.2,15.6
SYNTH_USER_0959,HIGH_EXPOSURE,2026-07-31 20:44:14,PUBLIC,YES,YES,YES,FULL_BIRTHDAY,YES,YES,YES,IMMEDIATELY,YES,PUBLIC,SOMETIMES,ACCEPT_MOST,NO,DISABLED,REUSED,NO,NEVER,CLICK_IMMEDIATELY,YES_HELP,NEVER,95.0,94.0,96.0,85.0,87.5,85.0,92.0,95.0,97.5,84.0,92.0,CRITICAL,45.2,46.8
SYNTH_USER_0960,HIGH_EXPOSURE,2026-08-19 08:01:14,PUBLIC,YES,NOT_SURE,YES,FULL_BIRTHDAY,CITY_ONLY,YES,YES,IMMEDIATELY,YES,PUBLIC,YES,ACCEPT_MOST,NO,DISABLED,REUSED,NO,NEVER,CLICK_IMMEDIATELY,YES_HELP,NEVER,95.0,74.0,96.0,95.0,87.5,85.0,92.0,95.0,97.5,84.0,90.0,CRITICAL,38.2,51.8
SYNTH_USER_0961,AVERAGE,2026-08-25 08:03:14,PUBLIC,NOT_SURE,NO,NO,DAY_MONTH_ONLY,NO,NO,SOMETIMES,IMMEDIATELY,NO,PUBLIC,NEVER,VERIFY_FIRST,YES,DISABLED,REUSED,NOT_SURE,NEVER,INSPECT_URL,HESITATE,RARELY,70.0,8.0,54.0,25.0,70.0,40.0,66.0,60.0,27.5,54.0,46.1,HIGH,28.8,17.3
SYNTH_USER_0962,AVERAGE,2026-09-28 09:08:14,PUBLIC,NOT_SURE,NO,YES,DAY_MONTH_ONLY,CITY_ONLY,NO,SOMETIMES,IMMEDIATELY,SOMETIMES,FRIENDS,NEVER,VERIFY_FIRST,YES,APP_OR_HARDWARE,COMPLETELY_UNIQUE,NOT_SURE,RARELY,VERIFY_OUT_OF_BAND,HESITATE,RARELY,85.0,34.0,66.0,20.0,47.5,32.5,26.0,50.0,27.5,46.0,43.3,HIGH,15.8,27.5
SYNTH_USER_0963,HIGH_EXPOSURE,2026-08-01 05:08:14,PUBLIC,YES,NOT_SURE,YES,FULL_BIRTHDAY,CITY_ONLY,YES,YES,IMMEDIATELY,YES,PUBLIC,SOMETIMES,ACCEPT_MOST,NO,DISABLED,REUSED,NO,NEVER,CLICK_IMMEDIATELY,YES_HELP,NEVER,95.0,74.0,96.0,85.0,87.5,85.0,92.0,95.0,97.5,84.0,89.0,CRITICAL,37.9,51.1
SYNTH_USER_0964,HIGH_EXPOSURE,2026-07-12 22:22:14,PUBLIC,YES,YES,YES,FULL_BIRTHDAY,CITY_ONLY,YES,YES,IMMEDIATELY,YES,PUBLIC,YES,ACCEPT_MOST,NO,DISABLED,REUSED,NO,NEVER,CLICK_IMMEDIATELY,HESITATE,NEVER,95.0,82.0,96.0,95.0,87.5,85.0,92.0,95.0,87.5,84.0,90.2,CRITICAL,40.6,49.6
SYNTH_USER_0965,HIGH_EXPOSURE,2026-07-12 21:14:14,PUBLIC,YES,YES,YES,FULL_BIRTHDAY,YES,YES,YES,IMMEDIATELY,YES,PUBLIC,SOMETIMES,ACCEPT_MOST,NO,DISABLED,REUSED,NO,NEVER,CLICK_IMMEDIATELY,YES_HELP,NEVER,95.0,94.0,96.0,85.0,87.5,85.0,92.0,95.0,97.5,84.0,92.0,CRITICAL,54.4,37.6
SYNTH_USER_0966,CONSCIOUS,2026-08-28 10:17:14,FRIENDS_ONLY,NO,NO,NO,DAY_MONTH_ONLY,NO,NO,NO,NEVER_CHECKIN,NO,CUSTOM_LISTS,NEVER,REJECT_UNKNOWN,YES,APP_OR_HARDWARE,COMPLETELY_UNIQUE,YES,REGULARLY,VERIFY_OUT_OF_BAND,NEVER,REGULARLY,5.0,8.0,0.0,0.0,0.0,0.0,0.0,12.5,0.0,0.0,2.3,LOW,5.0,-2.7
SYNTH_USER_0967,HIGH_EXPOSURE,2026-09-20 04:00:14,PUBLIC,YES,YES,YES,FULL_BIRTHDAY,YES,YES,YES,IMMEDIATELY,YES,PUBLIC,SOMETIMES,ACCEPT_MOST,NO,DISABLED,REUSED,NO,NEVER,CLICK_IMMEDIATELY,YES_HELP,NEVER,95.0,94.0,96.0,85.0,87.5,85.0,92.0,95.0,97.5,84.0,92.0,CRITICAL,49.7,42.3
SYNTH_USER_0968,AVERAGE,2026-09-16 17:24:14,FRIENDS_ONLY,YES,NO,YES,FULL_BIRTHDAY,NO,NO,SOMETIMES,SOMETIMES_LATER,NO,FRIENDS,NEVER,SOMETIMES,YES,SMS_ONLY,SLIGHT_VARIATION,YES,NEVER,INSPECT_URL,HESITATE,RARELY,75.0,38.0,40.0,30.0,67.5,37.5,36.0,72.5,55.0,68.0,48.8,HIGH,27.8,21.0
SYNTH_USER_0969,AVERAGE,2026-09-11 04:00:14,FRIENDS_OF_FRIENDS,NOT_SURE,NOT_SURE,NO,FULL_BIRTHDAY,CITY_ONLY,NO,NO,SOMETIMES_LATER,SOMETIMES,FRIENDS,NEVER,VERIFY_FIRST,NOT_SURE,APP_OR_HARDWARE,COMPLETELY_UNIQUE,YES,RARELY,INSPECT_URL,HESITATE,RARELY,60.0,40.0,34.0,30.0,50.0,47.5,34.0,60.0,55.0,54.0,43.8,HIGH,15.9,27.9
SYNTH_USER_0970,AVERAGE,2026-09-25 03:06:14,FRIENDS_ONLY,YES,NOT_SURE,YES,DAY_MONTH_ONLY,NO,NO,NO,SOMETIMES_LATER,NO,FRIENDS,NEVER,SOMETIMES,NO,APP_OR_HARDWARE,COMPLETELY_UNIQUE,NOT_SURE,NEVER,INSPECT_URL,NEVER,NEVER,47.5,38.0,28.0,20.0,55.0,72.5,44.0,85.0,27.5,70.0,42.9,HIGH,25.2,17.7
SYNTH_USER_0971,AVERAGE,2026-09-27 03:41:14,PUBLIC,YES,NOT_SURE,NO,FULL_BIRTHDAY,NO,NO,SOMETIMES,IMMEDIATELY,NO,PUBLIC,SOMETIMES,SOMETIMES,NO,APP_OR_HARDWARE,REUSED,NOT_SURE,RARELY,VERIFY_OUT_OF_BAND,HESITATE,NEVER,67.5,32.0,44.0,50.0,57.5,50.0,54.0,60.0,15.0,70.0,47.5,HIGH,30.2,17.3
SYNTH_USER_0972,AVERAGE,2026-09-26 08:48:14,PUBLIC,NOT_SURE,NO,YES,DAY_MONTH_ONLY,NO,SOMETIMES,NO,IMMEDIATELY,NO,FRIENDS,NEVER,VERIFY_FIRST,YES,APP_OR_HARDWARE,REUSED,YES,NEVER,VERIFY_OUT_OF_BAND,HESITATE,RARELY,70.0,34.0,32.0,7.5,47.5,45.0,54.0,62.5,15.0,60.0,40.4,HIGH,19.5,20.9
SYNTH_USER_0973,HIGH_EXPOSURE,2026-08-21 22:25:14,PUBLIC,YES,NOT_SURE,YES,FULL_BIRTHDAY,YES,YES,YES,IMMEDIATELY,YES,PUBLIC,YES,ACCEPT_MOST,NO,DISABLED,REUSED,NO,NEVER,CLICK_IMMEDIATELY,YES_HELP,NEVER,95.0,86.0,96.0,95.0,87.5,85.0,92.0,95.0,97.5,84.0,91.8,CRITICAL,56.4,35.4
SYNTH_USER_0974,HIGH_EXPOSURE,2026-08-17 04:47:14,PUBLIC,YES,YES,YES,FULL_BIRTHDAY,YES,YES,YES,IMMEDIATELY,YES,PUBLIC,YES,ACCEPT_MOST,NO,DISABLED,REUSED,NO,NEVER,CLICK_IMMEDIATELY,HESITATE,NEVER,95.0,94.0,96.0,95.0,87.5,85.0,92.0,95.0,87.5,84.0,92.0,CRITICAL,44.7,47.3
SYNTH_USER_0975,CONSCIOUS,2026-08-10 21:26:14,FRIENDS_ONLY,NO,NO,NO,DAY_MONTH_ONLY,NO,NO,NO,NEVER_CHECKIN,NO,CUSTOM_LISTS,NEVER,VERIFY_FIRST,YES,APP_OR_HARDWARE,COMPLETELY_UNIQUE,YES,REGULARLY,VERIFY_OUT_OF_BAND,NEVER,REGULARLY,5.0,8.0,0.0,0.0,7.5,0.0,0.0,12.5,0.0,0.0,3.1,LOW,5.0,-1.9
SYNTH_USER_0976,AVERAGE,2026-10-05 18:19:14,FRIENDS_OF_FRIENDS,NO,NOT_SURE,NO,DAY_MONTH_ONLY,CITY_ONLY,NO,NO,IMMEDIATELY,NO,FRIENDS,NEVER,SOMETIMES,NOT_SURE,APP_OR_HARDWARE,COMPLETELY_UNIQUE,YES,NEVER,VERIFY_OUT_OF_BAND,NEVER,RARELY,45.0,28.0,42.0,17.5,55.0,67.5,34.0,72.5,12.5,76.0,39.4,MODERATE,21.5,17.9
SYNTH_USER_0977,HIGH_EXPOSURE,2026-08-29 05:50:14,PUBLIC,YES,YES,YES,FULL_BIRTHDAY,CITY_ONLY,YES,YES,IMMEDIATELY,YES,PUBLIC,SOMETIMES,ACCEPT_MOST,NO,DISABLED,REUSED,NO,NEVER,CLICK_IMMEDIATELY,HESITATE,NEVER,95.0,82.0,96.0,85.0,87.5,85.0,92.0,95.0,87.5,84.0,89.2,CRITICAL,33.9,55.3
SYNTH_USER_0978,HIGH_EXPOSURE,2026-10-03 18:58:14,PUBLIC,YES,YES,YES,FULL_BIRTHDAY,CITY_ONLY,YES,YES,IMMEDIATELY,YES,PUBLIC,YES,ACCEPT_MOST,NO,DISABLED,REUSED,NO,NEVER,CLICK_IMMEDIATELY,HESITATE,NEVER,95.0,82.0,96.0,95.0,87.5,85.0,92.0,95.0,87.5,84.0,90.2,CRITICAL,42.5,47.7
SYNTH_USER_0979,HIGH_EXPOSURE,2026-07-14 08:42:14,PUBLIC,YES,NOT_SURE,YES,FULL_BIRTHDAY,YES,YES,YES,IMMEDIATELY,YES,PUBLIC,SOMETIMES,ACCEPT_MOST,NO,DISABLED,REUSED,NO,NEVER,CLICK_IMMEDIATELY,HESITATE,NEVER,95.0,86.0,96.0,85.0,87.5,85.0,92.0,95.0,87.5,84.0,89.8,CRITICAL,44.0,45.8
SYNTH_USER_0980,CONSCIOUS,2026-09-29 20:23:14,PRIVATE,NO,NO,NO,HIDDEN,NO,NO,NO,NEVER_CHECKIN,NO,FRIENDS,NEVER,REJECT_UNKNOWN,YES,APP_OR_HARDWARE,COMPLETELY_UNIQUE,YES,REGULARLY,VERIFY_OUT_OF_BAND,NEVER,REGULARLY,0.0,0.0,0.0,7.5,0.0,12.5,0.0,12.5,0.0,0.0,2.0,LOW,5.0,-3.0
SYNTH_USER_0981,AVERAGE,2026-09-29 07:58:14,PUBLIC,NOT_SURE,NOT_SURE,YES,FULL_BIRTHDAY,NO,SOMETIMES,SOMETIMES,IMMEDIATELY,NO,PUBLIC,NEVER,VERIFY_FIRST,NO,DISABLED,COMPLETELY_UNIQUE,YES,NEVER,VERIFY_OUT_OF_BAND,NEVER,NEVER,57.5,58.0,50.0,25.0,47.5,57.5,44.0,85.0,27.5,62.0,48.8,HIGH,20.6,28.2
SYNTH_USER_0982,AVERAGE,2026-09-01 10:17:14,FRIENDS_OF_FRIENDS,NOT_SURE,NOT_SURE,YES,FULL_BIRTHDAY,CITY_ONLY,NO,NO,IMMEDIATELY,SOMETIMES,FRIENDS,NEVER,SOMETIMES,YES,DISABLED,SLIGHT_VARIATION,YES,RARELY,INSPECT_URL,HESITATE,RARELY,57.5,58.0,44.0,20.0,77.5,52.5,48.0,47.5,40.0,70.0,50.5,HIGH,25.1,25.4
SYNTH_USER_0983,CONSCIOUS,2026-10-01 19:01:14,PRIVATE,NO,NO,NO,DAY_MONTH_ONLY,NO,NO,NO,NEVER_CHECKIN,NO,FRIENDS,NEVER,VERIFY_FIRST,YES,APP_OR_HARDWARE,COMPLETELY_UNIQUE,YES,REGULARLY,VERIFY_OUT_OF_BAND,NEVER,REGULARLY,0.0,8.0,0.0,7.5,7.5,7.5,0.0,12.5,0.0,0.0,3.7,LOW,5.0,-1.3
SYNTH_USER_0984,HIGH_EXPOSURE,2026-08-22 10:12:14,PUBLIC,YES,NOT_SURE,YES,FULL_BIRTHDAY,CITY_ONLY,YES,YES,IMMEDIATELY,YES,PUBLIC,YES,ACCEPT_MOST,NO,DISABLED,REUSED,NO,NEVER,CLICK_IMMEDIATELY,HESITATE,NEVER,95.0,74.0,96.0,95.0,87.5,85.0,92.0,95.0,87.5,84.0,89.0,CRITICAL,54.6,34.4
SYNTH_USER_0985,AVERAGE,2026-07-27 00:31:14,PUBLIC,YES,NO,NO,DAY_MONTH_ONLY,NO,SOMETIMES,SOMETIMES,SOMETIMES_LATER,NO,PUBLIC,SOMETIMES,SOMETIMES,NOT_SURE,DISABLED,COMPLETELY_UNIQUE,YES,NEVER,INSPECT_URL,HESITATE,NEVER,82.5,16.0,44.0,52.5,65.0,55.0,44.0,62.5,55.0,76.0,50.8,HIGH,26.3,24.5
SYNTH_USER_0986,CONSCIOUS,2026-09-12 00:06:14,FRIENDS_ONLY,NO,NO,NO,DAY_MONTH_ONLY,NO,NO,NO,NEVER_CHECKIN,NO,FRIENDS,NEVER,REJECT_UNKNOWN,YES,APP_OR_HARDWARE,COMPLETELY_UNIQUE,YES,REGULARLY,VERIFY_OUT_OF_BAND,NEVER,REGULARLY,5.0,8.0,0.0,7.5,0.0,12.5,0.0,12.5,0.0,0.0,3.7,LOW,5.0,-1.3
SYNTH_USER_0987,HIGH_EXPOSURE,2026-07-28 13:55:14,PUBLIC,YES,YES,YES,FULL_BIRTHDAY,YES,YES,YES,IMMEDIATELY,YES,PUBLIC,YES,ACCEPT_MOST,NO,DISABLED,REUSED,NO,NEVER,CLICK_IMMEDIATELY,YES_HELP,NEVER,95.0,94.0,96.0,95.0,87.5,85.0,92.0,95.0,97.5,84.0,93.0,CRITICAL,59.2,33.8
SYNTH_USER_0988,AVERAGE,2026-09-13 20:34:14,PUBLIC,YES,NO,NO,FULL_BIRTHDAY,CITY_ONLY,NO,NO,IMMEDIATELY,NO,FRIENDS,NEVER,SOMETIMES,NOT_SURE,APP_OR_HARDWARE,COMPLETELY_UNIQUE,NOT_SURE,NEVER,VERIFY_OUT_OF_BAND,HESITATE,RARELY,82.5,28.0,38.0,20.0,77.5,52.5,36.0,75.0,42.5,68.0,47.3,HIGH,27.6,19.7
SYNTH_USER_0989,AVERAGE,2026-07-16 08:05:14,PUBLIC,YES,NO,NO,DAY_MONTH_ONLY,NO,SOMETIMES,SOMETIMES,SOMETIMES_LATER,NO,PUBLIC,SOMETIMES,SOMETIMES,NO,DISABLED,REUSED,NOT_SURE,NEVER,INSPECT_URL,NEVER,NEVER,80.0,16.0,34.0,50.0,55.0,57.5,76.0,85.0,27.5,76.0,51.1,HIGH,28.4,22.7
SYNTH_USER_0990,CONSCIOUS,2026-09-18 18:41:14,FRIENDS_ONLY,NO,NO,NO,DAY_MONTH_ONLY,NO,NO,NO,AFTER_LEAVING,NO,CUSTOM_LISTS,NEVER,REJECT_UNKNOWN,YES,APP_OR_HARDWARE,COMPLETELY_UNIQUE,YES,REGULARLY,VERIFY_OUT_OF_BAND,NEVER,REGULARLY,5.0,8.0,2.0,0.0,7.5,5.0,0.0,12.5,0.0,0.0,3.6,LOW,5.0,-1.4
SYNTH_USER_0991,CONSCIOUS,2026-09-23 14:04:14,FRIENDS_ONLY,NO,NO,NO,HIDDEN,NO,NO,NO,NEVER_CHECKIN,NO,CUSTOM_LISTS,NEVER,REJECT_UNKNOWN,YES,APP_OR_HARDWARE,COMPLETELY_UNIQUE,YES,REGULARLY,VERIFY_OUT_OF_BAND,NEVER,REGULARLY,5.0,0.0,0.0,0.0,0.0,0.0,0.0,12.5,0.0,0.0,1.1,LOW,5.0,-3.9
SYNTH_USER_0992,CONSCIOUS,2026-09-29 15:24:14,FRIENDS_ONLY,NO,NO,NO,HIDDEN,NO,NO,NO,NEVER_CHECKIN,NO,FRIENDS,NEVER,REJECT_UNKNOWN,YES,APP_OR_HARDWARE,COMPLETELY_UNIQUE,YES,REGULARLY,VERIFY_OUT_OF_BAND,NEVER,REGULARLY,15.0,0.0,0.0,7.5,7.5,7.5,0.0,12.5,0.0,0.0,4.0,LOW,5.0,-1.0
SYNTH_USER_0993,HIGH_EXPOSURE,2026-08-24 05:15:14,PUBLIC,YES,NOT_SURE,YES,FULL_BIRTHDAY,YES,YES,YES,IMMEDIATELY,YES,PUBLIC,YES,ACCEPT_MOST,NO,DISABLED,REUSED,NO,NEVER,CLICK_IMMEDIATELY,YES_HELP,NEVER,95.0,86.0,96.0,95.0,87.5,85.0,92.0,95.0,97.5,84.0,91.8,CRITICAL,52.4,39.4
SYNTH_USER_0994,CONSCIOUS,2026-08-07 14:17:14,PRIVATE,NO,NO,NO,HIDDEN,NO,NO,NO,NEVER_CHECKIN,NO,FRIENDS,NEVER,REJECT_UNKNOWN,YES,APP_OR_HARDWARE,COMPLETELY_UNIQUE,YES,REGULARLY,VERIFY_OUT_OF_BAND,NEVER,REGULARLY,10.0,0.0,0.0,7.5,0.0,12.5,0.0,12.5,0.0,0.0,3.0,LOW,5.0,-2.0
SYNTH_USER_0995,CONSCIOUS,2026-07-11 05:24:14,PRIVATE,NO,NO,NO,HIDDEN,NO,NO,NO,AFTER_LEAVING,NO,CUSTOM_LISTS,NEVER,VERIFY_FIRST,YES,APP_OR_HARDWARE,COMPLETELY_UNIQUE,YES,REGULARLY,VERIFY_OUT_OF_BAND,NEVER,REGULARLY,10.0,0.0,2.0,0.0,15.0,12.5,0.0,12.5,0.0,0.0,4.0,LOW,5.0,-1.0
SYNTH_USER_0996,AVERAGE,2026-09-08 14:33:14,FRIENDS_OF_FRIENDS,YES,YES,NO,DAY_MONTH_ONLY,NO,SOMETIMES,NO,SOMETIMES_LATER,SOMETIMES,FRIENDS,NEVER,SOMETIMES,NOT_SURE,SMS_ONLY,SLIGHT_VARIATION,NOT_SURE,RARELY,INSPECT_URL,HESITATE,NEVER,82.5,36.0,50.0,17.5,77.5,55.0,54.0,50.0,27.5,68.0,50.1,HIGH,19.0,31.1
SYNTH_USER_0997,AVERAGE,2026-08-10 06:29:14,PUBLIC,NOT_SURE,NOT_SURE,YES,DAY_MONTH_ONLY,NO,SOMETIMES,SOMETIMES,IMMEDIATELY,NO,PUBLIC,NEVER,VERIFY_FIRST,NOT_SURE,DISABLED,REUSED,YES,NEVER,VERIFY_OUT_OF_BAND,NEVER,RARELY,72.5,46.0,60.0,37.5,50.0,55.0,66.0,72.5,15.0,54.0,52.4,HIGH,21.9,30.5
SYNTH_USER_0998,AVERAGE,2026-09-04 16:11:14,FRIENDS_ONLY,NO,NOT_SURE,YES,FULL_BIRTHDAY,CITY_ONLY,SOMETIMES,NO,IMMEDIATELY,SOMETIMES,PUBLIC,SOMETIMES,VERIFY_FIRST,NO,APP_OR_HARDWARE,COMPLETELY_UNIQUE,YES,RARELY,INSPECT_URL,NEVER,NEVER,22.5,66.0,50.0,50.0,60.0,65.0,34.0,62.5,12.5,84.0,47.6,HIGH,22.6,25.0
SYNTH_USER_0999,AVERAGE,2026-07-17 13:07:14,FRIENDS_OF_FRIENDS,NOT_SURE,YES,NO,FULL_BIRTHDAY,NO,NO,SOMETIMES,SOMETIMES_LATER,SOMETIMES,FRIENDS,NEVER,VERIFY_FIRST,NO,SMS_ONLY,COMPLETELY_UNIQUE,YES,NEVER,INSPECT_URL,NEVER,RARELY,60.0,40.0,52.0,17.5,47.5,57.5,42.0,85.0,25.0,68.0,45.6,HIGH,16.9,28.7
SYNTH_USER_1000,HIGH_EXPOSURE,2026-09-29 13:05:14,PUBLIC,YES,NOT_SURE,YES,FULL_BIRTHDAY,YES,YES,YES,IMMEDIATELY,YES,PUBLIC,YES,ACCEPT_MOST,NO,DISABLED,REUSED,NO,NEVER,CLICK_IMMEDIATELY,HESITATE,NEVER,95.0,86.0,96.0,95.0,87.5,85.0,92.0,95.0,87.5,84.0,90.8,CRITICAL,36.5,54.3
SYNTH_USER_1001,AVERAGE,2026-08-19 18:45:14,FRIENDS_ONLY,NOT_SURE,NO,NO,DAY_MONTH_ONLY,CITY_ONLY,SOMETIMES,SOMETIMES,SOMETIMES_LATER,SOMETIMES,FRIENDS,SOMETIMES,VERIFY_FIRST,NOT_SURE,DISABLED,REUSED,YES,RARELY,INSPECT_URL,NEVER,NEVER,50.0,24.0,52.0,35.0,47.5,67.5,66.0,50.0,40.0,84.0,48.6,HIGH,24.8,23.8
SYNTH_USER_1002,CONSCIOUS,2026-09-02 01:27:14,FRIENDS_ONLY,NO,NO,NO,DAY_MONTH_ONLY,NO,NO,NO,NEVER_CHECKIN,NO,CUSTOM_LISTS,NEVER,REJECT_UNKNOWN,YES,APP_OR_HARDWARE,COMPLETELY_UNIQUE,YES,REGULARLY,VERIFY_OUT_OF_BAND,NEVER,REGULARLY,5.0,8.0,0.0,0.0,7.5,7.5,0.0,12.5,0.0,0.0,3.5,LOW,5.0,-1.5
SYNTH_USER_1003,HIGH_EXPOSURE,2026-08-31 05:12:14,PUBLIC,YES,YES,YES,FULL_BIRTHDAY,CITY_ONLY,YES,YES,IMMEDIATELY,YES,PUBLIC,SOMETIMES,ACCEPT_MOST,NO,DISABLED,REUSED,NO,NEVER,CLICK_IMMEDIATELY,YES_HELP,NEVER,95.0,82.0,96.0,85.0,87.5,85.0,92.0,95.0,97.5,84.0,90.2,CRITICAL,44.5,45.7
SYNTH_USER_1004,AVERAGE,2026-07-31 05:14:14,FRIENDS_OF_FRIENDS,NO,YES,NO,DAY_MONTH_ONLY,CITY_ONLY,SOMETIMES,SOMETIMES,SOMETIMES_LATER,SOMETIMES,PUBLIC,SOMETIMES,VERIFY_FIRST,YES,SMS_ONLY,COMPLETELY_UNIQUE,YES,NEVER,INSPECT_URL,NEVER,NEVER,42.5,44.0,62.0,40.0,50.0,40.0,24.0,85.0,12.5,62.0,43.4,HIGH,17.7,25.7
SYNTH_USER_1005,AVERAGE,2026-07-13 19:34:14,FRIENDS_OF_FRIENDS,NOT_SURE,NO,NO,DAY_MONTH_ONLY,NO,NO,NO,SOMETIMES_LATER,SOMETIMES,PUBLIC,SOMETIMES,VERIFY_FIRST,NO,APP_OR_HARDWARE,SLIGHT_VARIATION,NOT_SURE,NEVER,VERIFY_OUT_OF_BAND,HESITATE,RARELY,60.0,8.0,44.0,50.0,70.0,72.5,46.0,62.5,27.5,76.0,46.0,HIGH,18.5,27.5
SYNTH_USER_1006,HIGH_EXPOSURE,2026-07-31 17:39:14,PUBLIC,YES,YES,YES,FULL_BIRTHDAY,CITY_ONLY,YES,YES,IMMEDIATELY,YES,PUBLIC,SOMETIMES,ACCEPT_MOST,NO,DISABLED,REUSED,NO,NEVER,CLICK_IMMEDIATELY,HESITATE,NEVER,95.0,82.0,96.0,85.0,87.5,85.0,92.0,95.0,87.5,84.0,89.2,CRITICAL,50.9,38.3
SYNTH_USER_1007,AVERAGE,2026-10-05 16:15:14,FRIENDS_OF_FRIENDS,NO,NO,NO,FULL_BIRTHDAY,CITY_ONLY,NO,SOMETIMES,SOMETIMES_LATER,NO,PUBLIC,SOMETIMES,VERIFY_FIRST,YES,SMS_ONLY,REUSED,NOT_SURE,NEVER,INSPECT_URL,NEVER,RARELY,42.5,28.0,40.0,50.0,60.0,45.0,62.0,75.0,40.0,54.0,47.5,HIGH,20.0,27.5
SYNTH_USER_1008,AVERAGE,2026-09-05 02:49:14,PUBLIC,YES,YES,YES,DAY_MONTH_ONLY,CITY_ONLY,NO,NO,IMMEDIATELY,SOMETIMES,PUBLIC,NEVER,SOMETIMES,NOT_SURE,SMS_ONLY,REUSED,NOT_SURE,NEVER,INSPECT_URL,HESITATE,NEVER,82.5,54.0,60.0,35.0,67.5,55.0,72.0,50.0,55.0,76.0,60.9,HIGH,34.3,26.6
SYNTH_USER_1009,HIGH_EXPOSURE,2026-08-19 21:18:14,PUBLIC,YES,NOT_SURE,YES,FULL_BIRTHDAY,CITY_ONLY,YES,YES,IMMEDIATELY,YES,PUBLIC,YES,ACCEPT_MOST,NO,DISABLED,REUSED,NO,NEVER,CLICK_IMMEDIATELY,HESITATE,NEVER,95.0,74.0,96.0,95.0,87.5,85.0,92.0,95.0,87.5,84.0,89.0,CRITICAL,36.4,52.6
SYNTH_USER_1010,HIGH_EXPOSURE,2026-08-20 00:27:14,PUBLIC,YES,NOT_SURE,YES,FULL_BIRTHDAY,YES,YES,YES,IMMEDIATELY,YES,PUBLIC,SOMETIMES,ACCEPT_MOST,NO,DISABLED,REUSED,NO,NEVER,CLICK_IMMEDIATELY,HESITATE,NEVER,95.0,86.0,96.0,85.0,87.5,85.0,92.0,95.0,87.5,84.0,89.8,CRITICAL,44.3,45.5
SYNTH_USER_1011,HIGH_EXPOSURE,2026-09-18 13:27:14,PUBLIC,YES,NOT_SURE,YES,FULL_BIRTHDAY,YES,YES,YES,IMMEDIATELY,YES,PUBLIC,YES,ACCEPT_MOST,NO,DISABLED,REUSED,NO,NEVER,CLICK_IMMEDIATELY,YES_HELP,NEVER,95.0,86.0,96.0,95.0,87.5,85.0,92.0,95.0,97.5,84.0,91.8,CRITICAL,49.0,42.8
SYNTH_USER_1012,HIGH_EXPOSURE,2026-09-20 00:42:14,PUBLIC,YES,NOT_SURE,YES,FULL_BIRTHDAY,YES,YES,YES,IMMEDIATELY,YES,PUBLIC,SOMETIMES,ACCEPT_MOST,NO,DISABLED,REUSED,NO,NEVER,CLICK_IMMEDIATELY,YES_HELP,NEVER,95.0,86.0,96.0,85.0,87.5,85.0,92.0,95.0,97.5,84.0,90.8,CRITICAL,39.8,51.0
SYNTH_USER_1013,AVERAGE,2026-08-19 01:15:14,FRIENDS_ONLY,NOT_SURE,YES,NO,FULL_BIRTHDAY,NO,NO,SOMETIMES,IMMEDIATELY,NO,PUBLIC,NEVER,SOMETIMES,NO,SMS_ONLY,COMPLETELY_UNIQUE,YES,NEVER,INSPECT_URL,HESITATE,RARELY,50.0,40.0,60.0,37.5,65.0,70.0,24.0,50.0,40.0,62.0,47.0,HIGH,20.1,26.9
SYNTH_USER_1014,HIGH_EXPOSURE,2026-09-23 18:52:14,PUBLIC,YES,YES,YES,FULL_BIRTHDAY,YES,YES,YES,IMMEDIATELY,YES,PUBLIC,YES,ACCEPT_MOST,NO,DISABLED,REUSED,NO,NEVER,CLICK_IMMEDIATELY,HESITATE,NEVER,95.0,94.0,96.0,95.0,87.5,85.0,92.0,95.0,87.5,84.0,92.0,CRITICAL,35.7,56.3
SYNTH_USER_1015,HIGH_EXPOSURE,2026-09-14 07:54:14,PUBLIC,YES,NOT_SURE,YES,FULL_BIRTHDAY,CITY_ONLY,YES,YES,IMMEDIATELY,YES,PUBLIC,SOMETIMES,ACCEPT_MOST,NO,DISABLED,REUSED,NO,NEVER,CLICK_IMMEDIATELY,YES_HELP,NEVER,95.0,74.0,96.0,85.0,87.5,85.0,92.0,95.0,97.5,84.0,89.0,CRITICAL,35.4,53.6
SYNTH_USER_1016,HIGH_EXPOSURE,2026-07-17 22:54:14,PUBLIC,YES,NOT_SURE,YES,FULL_BIRTHDAY,CITY_ONLY,YES,YES,IMMEDIATELY,YES,PUBLIC,SOMETIMES,ACCEPT_MOST,NO,DISABLED,REUSED,NO,NEVER,CLICK_IMMEDIATELY,HESITATE,NEVER,95.0,74.0,96.0,85.0,87.5,85.0,92.0,95.0,87.5,84.0,88.0,CRITICAL,51.6,36.4
SYNTH_USER_1017,HIGH_EXPOSURE,2026-07-28 10:58:14,PUBLIC,YES,YES,YES,FULL_BIRTHDAY,YES,YES,YES,IMMEDIATELY,YES,PUBLIC,YES,ACCEPT_MOST,NO,DISABLED,REUSED,NO,NEVER,CLICK_IMMEDIATELY,HESITATE,NEVER,95.0,94.0,96.0,95.0,87.5,85.0,92.0,95.0,87.5,84.0,92.0,CRITICAL,53.4,38.6
SYNTH_USER_1018,AVERAGE,2026-08-04 11:28:14,PUBLIC,YES,NO,NO,DAY_MONTH_ONLY,CITY_ONLY,SOMETIMES,SOMETIMES,IMMEDIATELY,NO,PUBLIC,NEVER,VERIFY_FIRST,NOT_SURE,SMS_ONLY,COMPLETELY_UNIQUE,NOT_SURE,RARELY,VERIFY_OUT_OF_BAND,NEVER,RARELY,80.0,24.0,50.0,37.5,60.0,55.0,42.0,50.0,15.0,62.0,45.0,HIGH,19.5,25.5
SYNTH_USER_1019,AVERAGE,2026-07-23 19:31:14,PUBLIC,NO,YES,YES,DAY_MONTH_ONLY,NO,NO,SOMETIMES,SOMETIMES_LATER,SOMETIMES,PUBLIC,NEVER,VERIFY_FIRST,NO,SMS_ONLY,SLIGHT_VARIATION,YES,RARELY,VERIFY_OUT_OF_BAND,HESITATE,RARELY,55.0,46.0,56.0,35.0,37.5,57.5,44.0,72.5,42.5,62.0,48.5,HIGH,22.8,25.7
SYNTH_USER_1020,CONSCIOUS,2026-08-11 08:23:14,FRIENDS_ONLY,NO,NO,NO,HIDDEN,NO,NO,NO,AFTER_LEAVING,NO,CUSTOM_LISTS,NEVER,REJECT_UNKNOWN,YES,APP_OR_HARDWARE,COMPLETELY_UNIQUE,YES,REGULARLY,VERIFY_OUT_OF_BAND,NEVER,REGULARLY,15.0,0.0,2.0,0.0,0.0,5.0,0.0,12.5,0.0,0.0,2.7,LOW,5.0,-2.3
SYNTH_USER_1021,CONSCIOUS,2026-08-23 13:47:14,FRIENDS_ONLY,NO,NO,NO,HIDDEN,NO,NO,NO,NEVER_CHECKIN,NO,CUSTOM_LISTS,NEVER,REJECT_UNKNOWN,YES,APP_OR_HARDWARE,COMPLETELY_UNIQUE,YES,REGULARLY,VERIFY_OUT_OF_BAND,NEVER,REGULARLY,15.0,0.0,0.0,0.0,7.5,12.5,0.0,12.5,0.0,0.0,3.5,LOW,5.0,-1.5
SYNTH_USER_1022,AVERAGE,2026-07-08 02:06:14,FRIENDS_ONLY,NOT_SURE,YES,NO,DAY_MONTH_ONLY,NO,SOMETIMES,NO,SOMETIMES_LATER,NO,FRIENDS,SOMETIMES,VERIFY_FIRST,NOT_SURE,APP_OR_HARDWARE,COMPLETELY_UNIQUE,YES,RARELY,VERIFY_OUT_OF_BAND,HESITATE,NEVER,50.0,36.0,22.0,22.5,57.5,67.5,24.0,60.0,27.5,62.0,37.5,MODERATE,23.0,14.5
SYNTH_USER_1023,HIGH_EXPOSURE,2026-09-23 05:21:14,PUBLIC,YES,NOT_SURE,YES,FULL_BIRTHDAY,YES,YES,YES,IMMEDIATELY,YES,PUBLIC,SOMETIMES,ACCEPT_MOST,NO,DISABLED,REUSED,NO,NEVER,CLICK_IMMEDIATELY,YES_HELP,NEVER,95.0,86.0,96.0,85.0,87.5,85.0,92.0,95.0,97.5,84.0,90.8,CRITICAL,33.3,57.5
SYNTH_USER_1024,AVERAGE,2026-09-13 17:03:14,FRIENDS_OF_FRIENDS,NO,NOT_SURE,NO,FULL_BIRTHDAY,CITY_ONLY,SOMETIMES,NO,SOMETIMES_LATER,SOMETIMES,PUBLIC,SOMETIMES,SOMETIMES,NOT_SURE,DISABLED,REUSED,YES,NEVER,INSPECT_URL,NEVER,NEVER,30.0,48.0,44.0,40.0,45.0,52.5,56.0,60.0,27.5,76.0,45.9,HIGH,26.5,19.4
SYNTH_USER_1025,AVERAGE,2026-08-30 02:02:14,FRIENDS_ONLY,NOT_SURE,NO,YES,DAY_MONTH_ONLY,CITY_ONLY,SOMETIMES,NO,IMMEDIATELY,SOMETIMES,PUBLIC,NEVER,SOMETIMES,YES,APP_OR_HARDWARE,REUSED,NOT_SURE,NEVER,VERIFY_OUT_OF_BAND,HESITATE,NEVER,52.5,42.0,60.0,25.0,55.0,25.0,64.0,62.5,15.0,76.0,47.8,HIGH,24.3,23.5
SYNTH_USER_1026,CONSCIOUS,2026-09-22 23:31:14,PRIVATE,NO,NO,NO,DAY_MONTH_ONLY,NO,NO,NO,AFTER_LEAVING,NO,CUSTOM_LISTS,NEVER,REJECT_UNKNOWN,YES,APP_OR_HARDWARE,COMPLETELY_UNIQUE,YES,REGULARLY,VERIFY_OUT_OF_BAND,NEVER,REGULARLY,0.0,8.0,2.0,0.0,0.0,5.0,0.0,12.5,0.0,0.0,2.4,LOW,5.0,-2.6
SYNTH_USER_1027,AVERAGE,2026-08-13 21:59:14,FRIENDS_OF_FRIENDS,NOT_SURE,YES,YES,DAY_MONTH_ONLY,CITY_ONLY,SOMETIMES,SOMETIMES,SOMETIMES_LATER,NO,FRIENDS,SOMETIMES,VERIFY_FIRST,YES,DISABLED,COMPLETELY_UNIQUE,NOT_SURE,RARELY,VERIFY_OUT_OF_BAND,HESITATE,RARELY,72.5,62.0,40.0,32.5,47.5,25.0,56.0,60.0,42.5,60.0,50.4,HIGH,32.1,18.3
SYNTH_USER_1028,CONSCIOUS,2026-09-11 02:47:14,FRIENDS_ONLY,NO,NO,NO,HIDDEN,NO,NO,NO,AFTER_LEAVING,NO,FRIENDS,NEVER,VERIFY_FIRST,YES,APP_OR_HARDWARE,COMPLETELY_UNIQUE,YES,REGULARLY,VERIFY_OUT_OF_BAND,NEVER,REGULARLY,5.0,0.0,2.0,7.5,7.5,0.0,0.0,12.5,0.0,0.0,2.9,LOW,5.0,-2.1
SYNTH_USER_1029,AVERAGE,2026-07-11 15:53:14,PUBLIC,YES,NO,YES,DAY_MONTH_ONLY,CITY_ONLY,SOMETIMES,SOMETIMES,SOMETIMES_LATER,SOMETIMES,FRIENDS,SOMETIMES,SOMETIMES,NOT_SURE,DISABLED,REUSED,YES,RARELY,INSPECT_URL,NEVER,NEVER,95.0,42.0,46.0,35.0,65.0,62.5,56.0,72.5,25.0,62.0,53.5,HIGH,20.8,32.7
SYNTH_USER_1030,HIGH_EXPOSURE,2026-09-02 14:50:14,PUBLIC,YES,NOT_SURE,YES,FULL_BIRTHDAY,YES,YES,YES,IMMEDIATELY,YES,PUBLIC,SOMETIMES,ACCEPT_MOST,NO,DISABLED,REUSED,NO,NEVER,CLICK_IMMEDIATELY,HESITATE,NEVER,95.0,86.0,96.0,85.0,87.5,85.0,92.0,95.0,87.5,84.0,89.8,CRITICAL,51.5,38.3
SYNTH_USER_1031,AVERAGE,2026-08-08 01:54:14,FRIENDS_ONLY,YES,NO,NO,DAY_MONTH_ONLY,NO,SOMETIMES,NO,IMMEDIATELY,NO,PUBLIC,SOMETIMES,VERIFY_FIRST,YES,SMS_ONLY,REUSED,YES,NEVER,INSPECT_URL,HESITATE,NEVER,62.5,16.0,42.0,50.0,57.5,40.0,52.0,72.5,55.0,70.0,48.1,HIGH,27.3,20.8
SYNTH_USER_1032,AVERAGE,2026-07-22 05:19:14,FRIENDS_OF_FRIENDS,YES,NO,NO,DAY_MONTH_ONLY,CITY_ONLY,NO,NO,SOMETIMES_LATER,NO,FRIENDS,SOMETIMES,SOMETIMES,YES,APP_OR_HARDWARE,REUSED,NOT_SURE,NEVER,INSPECT_URL,HESITATE,RARELY,82.5,16.0,32.0,35.0,65.0,37.5,64.0,62.5,40.0,54.0,46.8,HIGH,23.6,23.2
SYNTH_USER_1033,CONSCIOUS,2026-09-02 13:11:14,FRIENDS_ONLY,NO,NO,NO,DAY_MONTH_ONLY,NO,NO,NO,AFTER_LEAVING,NO,FRIENDS,NEVER,REJECT_UNKNOWN,YES,APP_OR_HARDWARE,COMPLETELY_UNIQUE,YES,REGULARLY,VERIFY_OUT_OF_BAND,NEVER,REGULARLY,5.0,8.0,2.0,7.5,7.5,5.0,0.0,12.5,0.0,0.0,4.4,LOW,5.0,-0.6
SYNTH_USER_1034,AVERAGE,2026-09-25 23:58:14,PUBLIC,NO,NOT_SURE,YES,DAY_MONTH_ONLY,NO,NO,SOMETIMES,SOMETIMES_LATER,SOMETIMES,FRIENDS,NEVER,VERIFY_FIRST,NOT_SURE,SMS_ONLY,REUSED,NOT_SURE,NEVER,VERIFY_OUT_OF_BAND,HESITATE,RARELY,55.0,38.0,56.0,7.5,47.5,62.5,64.0,60.0,42.5,62.0,48.2,HIGH,19.6,28.6
SYNTH_USER_1035,CONSCIOUS,2026-09-16 13:01:14,PRIVATE,NO,NO,NO,DAY_MONTH_ONLY,NO,NO,NO,AFTER_LEAVING,NO,CUSTOM_LISTS,NEVER,REJECT_UNKNOWN,YES,APP_OR_HARDWARE,COMPLETELY_UNIQUE,YES,REGULARLY,VERIFY_OUT_OF_BAND,NEVER,REGULARLY,10.0,8.0,2.0,0.0,0.0,12.5,0.0,12.5,0.0,0.0,3.8,LOW,5.0,-1.2
SYNTH_USER_1036,AVERAGE,2026-08-05 08:09:14,FRIENDS_OF_FRIENDS,NOT_SURE,NO,NO,FULL_BIRTHDAY,NO,NO,NO,SOMETIMES_LATER,SOMETIMES,FRIENDS,SOMETIMES,SOMETIMES,NOT_SURE,APP_OR_HARDWARE,REUSED,YES,RARELY,INSPECT_URL,HESITATE,NEVER,72.5,20.0,34.0,22.5,67.5,62.5,46.0,50.0,40.0,68.0,44.3,HIGH,28.1,16.2
SYNTH_USER_1037,AVERAGE,2026-07-14 21:18:14,FRIENDS_OF_FRIENDS,NO,NO,YES,DAY_MONTH_ONLY,CITY_ONLY,SOMETIMES,NO,SOMETIMES_LATER,NO,FRIENDS,SOMETIMES,VERIFY_FIRST,NOT_SURE,DISABLED,SLIGHT_VARIATION,NOT_SURE,NEVER,INSPECT_URL,HESITATE,RARELY,57.5,42.0,32.0,45.0,57.5,62.5,66.0,85.0,42.5,54.0,51.3,HIGH,31.4,19.9
SYNTH_USER_1038,AVERAGE,2026-08-23 05:20:14,FRIENDS_ONLY,NO,YES,YES,FULL_BIRTHDAY,CITY_ONLY,NO,SOMETIMES,IMMEDIATELY,NO,FRIENDS,SOMETIMES,SOMETIMES,NO,APP_OR_HARDWARE,SLIGHT_VARIATION,YES,RARELY,INSPECT_URL,NEVER,NEVER,37.5,66.0,54.0,22.5,65.0,72.5,36.0,72.5,40.0,76.0,50.9,HIGH,17.9,33.0
SYNTH_USER_1039,CONSCIOUS,2026-10-05 06:14:14,FRIENDS_ONLY,NO,NO,NO,HIDDEN,NO,NO,NO,AFTER_LEAVING,NO,FRIENDS,NEVER,VERIFY_FIRST,YES,APP_OR_HARDWARE,COMPLETELY_UNIQUE,YES,REGULARLY,VERIFY_OUT_OF_BAND,NEVER,REGULARLY,5.0,0.0,2.0,7.5,7.5,7.5,0.0,12.5,0.0,0.0,3.3,LOW,5.0,-1.7
SYNTH_USER_1040,AVERAGE,2026-09-20 01:51:14,FRIENDS_OF_FRIENDS,YES,NOT_SURE,NO,FULL_BIRTHDAY,CITY_ONLY,SOMETIMES,NO,IMMEDIATELY,NO,PUBLIC,SOMETIMES,VERIFY_FIRST,YES,SMS_ONLY,COMPLETELY_UNIQUE,YES,NEVER,INSPECT_URL,HESITATE,RARELY,55.0,48.0,32.0,52.5,60.0,32.5,24.0,62.5,55.0,68.0,46.0,HIGH,17.1,28.9
SYNTH_USER_1041,AVERAGE,2026-08-25 14:19:14,FRIENDS_OF_FRIENDS,NO,NO,NO,DAY_MONTH_ONLY,CITY_ONLY,SOMETIMES,SOMETIMES,IMMEDIATELY,NO,FRIENDS,SOMETIMES,SOMETIMES,YES,APP_OR_HARDWARE,SLIGHT_VARIATION,YES,RARELY,INSPECT_URL,HESITATE,NEVER,57.5,24.0,60.0,45.0,67.5,32.5,46.0,62.5,55.0,68.0,50.1,HIGH,19.4,30.7
SYNTH_USER_1042,AVERAGE,2026-10-03 03:56:14,FRIENDS_ONLY,NOT_SURE,NO,YES,FULL_BIRTHDAY,CITY_ONLY,NO,SOMETIMES,IMMEDIATELY,SOMETIMES,FRIENDS,NEVER,SOMETIMES,YES,DISABLED,SLIGHT_VARIATION,YES,RARELY,VERIFY_OUT_OF_BAND,NEVER,RARELY,65.0,46.0,56.0,7.5,45.0,37.5,56.0,60.0,15.0,68.0,45.2,HIGH,19.3,25.9
SYNTH_USER_1043,HIGH_EXPOSURE,2026-07-21 13:58:14,PUBLIC,YES,YES,YES,FULL_BIRTHDAY,CITY_ONLY,YES,YES,IMMEDIATELY,YES,PUBLIC,SOMETIMES,ACCEPT_MOST,NO,DISABLED,REUSED,NO,NEVER,CLICK_IMMEDIATELY,YES_HELP,NEVER,95.0,82.0,96.0,85.0,87.5,85.0,92.0,95.0,97.5,84.0,90.2,CRITICAL,55.2,35.0
SYNTH_USER_1044,HIGH_EXPOSURE,2026-09-23 10:12:14,PUBLIC,YES,YES,YES,FULL_BIRTHDAY,YES,YES,YES,IMMEDIATELY,YES,PUBLIC,YES,ACCEPT_MOST,NO,DISABLED,REUSED,NO,NEVER,CLICK_IMMEDIATELY,HESITATE,NEVER,95.0,94.0,96.0,95.0,87.5,85.0,92.0,95.0,87.5,84.0,92.0,CRITICAL,39.3,52.7
SYNTH_USER_1045,CONSCIOUS,2026-09-13 03:38:14,PRIVATE,NO,NO,NO,DAY_MONTH_ONLY,NO,NO,NO,NEVER_CHECKIN,NO,CUSTOM_LISTS,NEVER,REJECT_UNKNOWN,YES,APP_OR_HARDWARE,COMPLETELY_UNIQUE,YES,REGULARLY,VERIFY_OUT_OF_BAND,NEVER,REGULARLY,0.0,8.0,0.0,0.0,7.5,5.0,0.0,12.5,0.0,0.0,2.8,LOW,5.0,-2.2
SYNTH_USER_1046,AVERAGE,2026-10-01 18:04:14,PUBLIC,YES,NO,YES,FULL_BIRTHDAY,CITY_ONLY,NO,SOMETIMES,SOMETIMES_LATER,NO,FRIENDS,SOMETIMES,SOMETIMES,YES,DISABLED,COMPLETELY_UNIQUE,YES,RARELY,VERIFY_OUT_OF_BAND,NEVER,NEVER,95.0,46.0,50.0,45.0,65.0,25.0,46.0,60.0,27.5,70.0,52.3,HIGH,19.3,33.0
SYNTH_USER_1047,HIGH_EXPOSURE,2026-08-22 00:20:14,PUBLIC,YES,NOT_SURE,YES,FULL_BIRTHDAY,YES,YES,YES,IMMEDIATELY,YES,PUBLIC,YES,ACCEPT_MOST,NO,DISABLED,REUSED,NO,NEVER,CLICK_IMMEDIATELY,HESITATE,NEVER,95.0,86.0,96.0,95.0,87.5,85.0,92.0,95.0,87.5,84.0,90.8,CRITICAL,35.8,55.0
SYNTH_USER_1048,AVERAGE,2026-07-10 04:57:14,FRIENDS_OF_FRIENDS,NOT_SURE,NOT_SURE,YES,DAY_MONTH_ONLY,CITY_ONLY,SOMETIMES,SOMETIMES,SOMETIMES_LATER,SOMETIMES,PUBLIC,SOMETIMES,VERIFY_FIRST,NO,APP_OR_HARDWARE,COMPLETELY_UNIQUE,NOT_SURE,RARELY,VERIFY_OUT_OF_BAND,NEVER,RARELY,72.5,54.0,52.0,62.5,47.5,50.0,26.0,60.0,27.5,54.0,49.0,HIGH,26.2,22.8
SYNTH_USER_1049,CONSCIOUS,2026-07-28 07:25:14,PRIVATE,NO,NO,NO,DAY_MONTH_ONLY,NO,NO,NO,NEVER_CHECKIN,NO,FRIENDS,NEVER,REJECT_UNKNOWN,YES,APP_OR_HARDWARE,COMPLETELY_UNIQUE,YES,REGULARLY,VERIFY_OUT_OF_BAND,NEVER,REGULARLY,0.0,8.0,0.0,7.5,0.0,7.5,0.0,12.5,0.0,0.0,3.0,LOW,5.0,-2.0
SYNTH_USER_1050,HIGH_EXPOSURE,2026-08-22 13:41:14,PUBLIC,YES,NOT_SURE,YES,FULL_BIRTHDAY,CITY_ONLY,YES,YES,IMMEDIATELY,YES,PUBLIC,YES,ACCEPT_MOST,NO,DISABLED,REUSED,NO,NEVER,CLICK_IMMEDIATELY,YES_HELP,NEVER,95.0,74.0,96.0,95.0,87.5,85.0,92.0,95.0,97.5,84.0,90.0,CRITICAL,32.0,58.0
SYNTH_USER_1051,AVERAGE,2026-09-06 11:22:14,FRIENDS_ONLY,YES,NO,YES,DAY_MONTH_ONLY,CITY_ONLY,SOMETIMES,SOMETIMES,SOMETIMES_LATER,NO,PUBLIC,SOMETIMES,SOMETIMES,YES,APP_OR_HARDWARE,REUSED,YES,RARELY,INSPECT_URL,HESITATE,RARELY,60.0,42.0,50.0,50.0,45.0,45.0,44.0,60.0,27.5,68.0,47.3,HIGH,28.4,18.9
SYNTH_USER_1052,AVERAGE,2026-07-28 10:00:14,PUBLIC,NOT_SURE,NOT_SURE,YES,FULL_BIRTHDAY,CITY_ONLY,SOMETIMES,NO,SOMETIMES_LATER,NO,FRIENDS,SOMETIMES,VERIFY_FIRST,NOT_SURE,DISABLED,SLIGHT_VARIATION,NOT_SURE,NEVER,VERIFY_OUT_OF_BAND,HESITATE,NEVER,72.5,66.0,28.0,32.5,47.5,47.5,68.0,62.5,30.0,62.0,51.1,HIGH,22.9,28.2
SYNTH_USER_1053,AVERAGE,2026-08-22 05:36:14,FRIENDS_ONLY,NOT_SURE,YES,NO,FULL_BIRTHDAY,CITY_ONLY,NO,NO,IMMEDIATELY,SOMETIMES,PUBLIC,NEVER,SOMETIMES,NO,DISABLED,SLIGHT_VARIATION,YES,NEVER,VERIFY_OUT_OF_BAND,HESITATE,NEVER,65.0,48.0,50.0,25.0,67.5,62.5,66.0,72.5,42.5,62.0,54.5,HIGH,23.2,31.3
SYNTH_USER_1054,HIGH_EXPOSURE,2026-08-15 15:50:14,PUBLIC,YES,YES,YES,FULL_BIRTHDAY,CITY_ONLY,YES,YES,IMMEDIATELY,YES,PUBLIC,YES,ACCEPT_MOST,NO,DISABLED,REUSED,NO,NEVER,CLICK_IMMEDIATELY,HESITATE,NEVER,95.0,82.0,96.0,95.0,87.5,85.0,92.0,95.0,87.5,84.0,90.2,CRITICAL,33.4,56.8
SYNTH_USER_1055,AVERAGE,2026-09-21 23:42:14,PUBLIC,YES,YES,YES,DAY_MONTH_ONLY,CITY_ONLY,NO,NO,IMMEDIATELY,NO,FRIENDS,SOMETIMES,VERIFY_FIRST,NOT_SURE,DISABLED,REUSED,NOT_SURE,RARELY,INSPECT_URL,HESITATE,RARELY,67.5,54.0,38.0,45.0,50.0,75.0,76.0,60.0,42.5,52.0,55.0,HIGH,31.0,24.0
SYNTH_USER_1056,CONSCIOUS,2026-07-21 10:46:14,FRIENDS_ONLY,NO,NO,NO,HIDDEN,NO,NO,NO,NEVER_CHECKIN,NO,FRIENDS,NEVER,VERIFY_FIRST,YES,APP_OR_HARDWARE,COMPLETELY_UNIQUE,YES,REGULARLY,VERIFY_OUT_OF_BAND,NEVER,REGULARLY,5.0,0.0,0.0,7.5,15.0,7.5,0.0,12.5,0.0,0.0,3.8,LOW,5.0,-1.2
SYNTH_USER_1057,HIGH_EXPOSURE,2026-08-19 10:04:14,PUBLIC,YES,NOT_SURE,YES,FULL_BIRTHDAY,YES,YES,YES,IMMEDIATELY,YES,PUBLIC,SOMETIMES,ACCEPT_MOST,NO,DISABLED,REUSED,NO,NEVER,CLICK_IMMEDIATELY,YES_HELP,NEVER,95.0,86.0,96.0,85.0,87.5,85.0,92.0,95.0,97.5,84.0,90.8,CRITICAL,49.0,41.8
SYNTH_USER_1058,HIGH_EXPOSURE,2026-07-26 04:02:14,PUBLIC,YES,YES,YES,FULL_BIRTHDAY,YES,YES,YES,IMMEDIATELY,YES,PUBLIC,SOMETIMES,ACCEPT_MOST,NO,DISABLED,REUSED,NO,NEVER,CLICK_IMMEDIATELY,HESITATE,NEVER,95.0,94.0,96.0,85.0,87.5,85.0,92.0,95.0,87.5,84.0,91.0,CRITICAL,55.9,35.1
SYNTH_USER_1059,HIGH_EXPOSURE,2026-09-05 00:23:14,PUBLIC,YES,NOT_SURE,YES,FULL_BIRTHDAY,YES,YES,YES,IMMEDIATELY,YES,PUBLIC,SOMETIMES,ACCEPT_MOST,NO,DISABLED,REUSED,NO,NEVER,CLICK_IMMEDIATELY,YES_HELP,NEVER,95.0,86.0,96.0,85.0,87.5,85.0,92.0,95.0,97.5,84.0,90.8,CRITICAL,58.2,32.6
SYNTH_USER_1060,CONSCIOUS,2026-09-28 08:55:14,FRIENDS_ONLY,NO,NO,NO,HIDDEN,NO,NO,NO,AFTER_LEAVING,NO,CUSTOM_LISTS,NEVER,REJECT_UNKNOWN,YES,APP_OR_HARDWARE,COMPLETELY_UNIQUE,YES,REGULARLY,VERIFY_OUT_OF_BAND,NEVER,REGULARLY,15.0,0.0,2.0,0.0,0.0,0.0,0.0,12.5,0.0,0.0,2.4,LOW,5.0,-2.6
SYNTH_USER_1061,HIGH_EXPOSURE,2026-09-19 17:26:14,PUBLIC,YES,NOT_SURE,YES,FULL_BIRTHDAY,CITY_ONLY,YES,YES,IMMEDIATELY,YES,PUBLIC,YES,ACCEPT_MOST,NO,DISABLED,REUSED,NO,NEVER,CLICK_IMMEDIATELY,YES_HELP,NEVER,95.0,74.0,96.0,95.0,87.5,85.0,92.0,95.0,97.5,84.0,90.0,CRITICAL,43.7,46.3
SYNTH_USER_1062,AVERAGE,2026-10-03 08:34:14,FRIENDS_OF_FRIENDS,NO,YES,NO,FULL_BIRTHDAY,NO,NO,SOMETIMES,IMMEDIATELY,SOMETIMES,FRIENDS,SOMETIMES,VERIFY_FIRST,NOT_SURE,DISABLED,COMPLETELY_UNIQUE,YES,RARELY,VERIFY_OUT_OF_BAND,HESITATE,RARELY,30.0,40.0,56.0,35.0,70.0,47.5,44.0,72.5,27.5,70.0,46.8,HIGH,28.7,18.1
SYNTH_USER_1063,CONSCIOUS,2026-09-09 21:57:14,FRIENDS_ONLY,NO,NO,NO,HIDDEN,NO,NO,NO,AFTER_LEAVING,NO,CUSTOM_LISTS,NEVER,VERIFY_FIRST,YES,APP_OR_HARDWARE,COMPLETELY_UNIQUE,YES,REGULARLY,VERIFY_OUT_OF_BAND,NEVER,REGULARLY,15.0,0.0,2.0,0.0,15.0,12.5,0.0,12.5,0.0,0.0,4.5,LOW,5.0,-0.5
SYNTH_USER_1064,CONSCIOUS,2026-07-25 09:30:14,FRIENDS_ONLY,NO,NO,NO,HIDDEN,NO,NO,NO,AFTER_LEAVING,NO,CUSTOM_LISTS,NEVER,VERIFY_FIRST,YES,APP_OR_HARDWARE,COMPLETELY_UNIQUE,YES,REGULARLY,VERIFY_OUT_OF_BAND,NEVER,REGULARLY,5.0,0.0,2.0,0.0,15.0,12.5,0.0,12.5,0.0,0.0,3.5,LOW,5.0,-1.5
SYNTH_USER_1065,AVERAGE,2026-08-23 05:56:14,PUBLIC,NOT_SURE,NOT_SURE,YES,DAY_MONTH_ONLY,NO,NO,SOMETIMES,IMMEDIATELY,SOMETIMES,PUBLIC,SOMETIMES,VERIFY_FIRST,YES,APP_OR_HARDWARE,REUSED,YES,RARELY,INSPECT_URL,NEVER,NEVER,70.0,38.0,66.0,40.0,60.0,52.5,54.0,62.5,25.0,68.0,52.4,HIGH,22.5,29.9
SYNTH_USER_1066,HIGH_EXPOSURE,2026-08-08 09:17:14,PUBLIC,YES,NOT_SURE,YES,FULL_BIRTHDAY,YES,YES,YES,IMMEDIATELY,YES,PUBLIC,YES,ACCEPT_MOST,NO,DISABLED,REUSED,NO,NEVER,CLICK_IMMEDIATELY,YES_HELP,NEVER,95.0,86.0,96.0,95.0,87.5,85.0,92.0,95.0,97.5,84.0,91.8,CRITICAL,47.3,44.5
SYNTH_USER_1067,CONSCIOUS,2026-07-28 16:37:14,FRIENDS_ONLY,NO,NO,NO,DAY_MONTH_ONLY,NO,NO,NO,NEVER_CHECKIN,NO,CUSTOM_LISTS,NEVER,VERIFY_FIRST,YES,APP_OR_HARDWARE,COMPLETELY_UNIQUE,YES,REGULARLY,VERIFY_OUT_OF_BAND,NEVER,REGULARLY,5.0,8.0,0.0,0.0,7.5,5.0,0.0,12.5,0.0,0.0,3.3,LOW,5.0,-1.7
SYNTH_USER_1068,HIGH_EXPOSURE,2026-08-30 05:23:14,PUBLIC,YES,YES,YES,FULL_BIRTHDAY,YES,YES,YES,IMMEDIATELY,YES,PUBLIC,SOMETIMES,ACCEPT_MOST,NO,DISABLED,REUSED,NO,NEVER,CLICK_IMMEDIATELY,HESITATE,NEVER,95.0,94.0,96.0,85.0,87.5,85.0,92.0,95.0,87.5,84.0,91.0,CRITICAL,39.9,51.1
SYNTH_USER_1069,AVERAGE,2026-10-01 12:04:14,FRIENDS_ONLY,NOT_SURE,NOT_SURE,YES,FULL_BIRTHDAY,NO,SOMETIMES,SOMETIMES,IMMEDIATELY,SOMETIMES,PUBLIC,NEVER,VERIFY_FIRST,NOT_SURE,DISABLED,COMPLETELY_UNIQUE,NOT_SURE,RARELY,INSPECT_URL,NEVER,RARELY,37.5,58.0,62.0,25.0,37.5,67.5,56.0,47.5,40.0,60.0,49.1,HIGH,31.2,17.9
SYNTH_USER_1070,CONSCIOUS,2026-09-19 17:55:14,FRIENDS_ONLY,NO,NO,NO,HIDDEN,NO,NO,NO,AFTER_LEAVING,NO,FRIENDS,NEVER,REJECT_UNKNOWN,YES,APP_OR_HARDWARE,COMPLETELY_UNIQUE,YES,REGULARLY,VERIFY_OUT_OF_BAND,NEVER,REGULARLY,5.0,0.0,2.0,7.5,7.5,12.5,0.0,12.5,0.0,0.0,3.5,LOW,5.0,-1.5
SYNTH_USER_1071,AVERAGE,2026-07-31 15:49:14,PUBLIC,YES,NO,NO,FULL_BIRTHDAY,CITY_ONLY,SOMETIMES,SOMETIMES,SOMETIMES_LATER,SOMETIMES,FRIENDS,SOMETIMES,VERIFY_FIRST,NO,SMS_ONLY,SLIGHT_VARIATION,NOT_SURE,NEVER,VERIFY_OUT_OF_BAND,HESITATE,NEVER,67.5,36.0,56.0,45.0,50.0,50.0,46.0,85.0,15.0,70.0,48.7,HIGH,18.0,30.7
SYNTH_USER_1072,AVERAGE,2026-07-14 00:44:14,FRIENDS_ONLY,NO,NO,YES,DAY_MONTH_ONLY,NO,NO,NO,IMMEDIATELY,NO,FRIENDS,NEVER,VERIFY_FIRST,NOT_SURE,SMS_ONLY,REUSED,NOT_SURE,NEVER,VERIFY_OUT_OF_BAND,HESITATE,NEVER,50.0,26.0,32.0,20.0,60.0,47.5,72.0,72.5,30.0,84.0,45.7,HIGH,22.3,23.4
SYNTH_USER_1073,CONSCIOUS,2026-07-17 10:20:14,PRIVATE,NO,NO,NO,HIDDEN,NO,NO,NO,AFTER_LEAVING,NO,CUSTOM_LISTS,NEVER,VERIFY_FIRST,YES,APP_OR_HARDWARE,COMPLETELY_UNIQUE,YES,REGULARLY,VERIFY_OUT_OF_BAND,NEVER,REGULARLY,10.0,0.0,2.0,0.0,15.0,7.5,0.0,12.5,0.0,0.0,3.8,LOW,5.0,-1.2
SYNTH_USER_1074,HIGH_EXPOSURE,2026-08-02 02:43:14,PUBLIC,YES,NOT_SURE,YES,FULL_BIRTHDAY,YES,YES,YES,IMMEDIATELY,YES,PUBLIC,SOMETIMES,ACCEPT_MOST,NO,DISABLED,REUSED,NO,NEVER,CLICK_IMMEDIATELY,YES_HELP,NEVER,95.0,86.0,96.0,85.0,87.5,85.0,92.0,95.0,97.5,84.0,90.8,CRITICAL,31.8,59.0
SYNTH_USER_1075,AVERAGE,2026-07-13 03:08:14,FRIENDS_OF_FRIENDS,NOT_SURE,YES,YES,DAY_MONTH_ONLY,CITY_ONLY,SOMETIMES,NO,IMMEDIATELY,NO,PUBLIC,SOMETIMES,SOMETIMES,YES,APP_OR_HARDWARE,COMPLETELY_UNIQUE,NOT_SURE,RARELY,INSPECT_URL,NEVER,NEVER,45.0,62.0,38.0,52.5,55.0,40.0,44.0,37.5,40.0,70.0,48.2,HIGH,22.2,26.0
SYNTH_USER_1076,AVERAGE,2026-10-01 17:18:14,FRIENDS_ONLY,NOT_SURE,NO,YES,DAY_MONTH_ONLY,CITY_ONLY,NO,NO,IMMEDIATELY,NO,FRIENDS,NEVER,VERIFY_FIRST,YES,SMS_ONLY,SLIGHT_VARIATION,YES,RARELY,INSPECT_URL,NEVER,RARELY,37.5,34.0,32.0,30.0,37.5,25.0,46.0,60.0,12.5,46.0,35.1,MODERATE,12.4,22.7
SYNTH_USER_1077,HIGH_EXPOSURE,2026-10-02 10:20:14,PUBLIC,YES,NOT_SURE,YES,FULL_BIRTHDAY,CITY_ONLY,YES,YES,IMMEDIATELY,YES,PUBLIC,SOMETIMES,ACCEPT_MOST,NO,DISABLED,REUSED,NO,NEVER,CLICK_IMMEDIATELY,HESITATE,NEVER,95.0,74.0,96.0,85.0,87.5,85.0,92.0,95.0,87.5,84.0,88.0,CRITICAL,47.9,40.1
SYNTH_USER_1078,AVERAGE,2026-09-29 13:30:14,FRIENDS_OF_FRIENDS,NO,NOT_SURE,YES,FULL_BIRTHDAY,NO,SOMETIMES,NO,SOMETIMES_LATER,NO,PUBLIC,NEVER,VERIFY_FIRST,NOT_SURE,SMS_ONLY,SLIGHT_VARIATION,YES,NEVER,VERIFY_OUT_OF_BAND,HESITATE,NEVER,45.0,58.0,22.0,35.0,47.5,55.0,36.0,72.5,30.0,76.0,43.3,HIGH,19.1,24.2
SYNTH_USER_1079,AVERAGE,2026-09-19 00:46:14,FRIENDS_OF_FRIENDS,NO,NOT_SURE,YES,DAY_MONTH_ONLY,CITY_ONLY,SOMETIMES,NO,IMMEDIATELY,SOMETIMES,FRIENDS,NEVER,VERIFY_FIRST,NO,DISABLED,SLIGHT_VARIATION,NOT_SURE,RARELY,INSPECT_URL,NEVER,NEVER,42.5,54.0,44.0,7.5,47.5,85.0,68.0,37.5,12.5,54.0,44.7,HIGH,20.4,24.3
SYNTH_USER_1080,AVERAGE,2026-07-18 01:50:14,PUBLIC,NOT_SURE,YES,YES,DAY_MONTH_ONLY,CITY_ONLY,SOMETIMES,SOMETIMES,IMMEDIATELY,NO,FRIENDS,SOMETIMES,VERIFY_FIRST,YES,DISABLED,REUSED,YES,NEVER,INSPECT_URL,HESITATE,NEVER,70.0,62.0,60.0,32.5,60.0,37.5,74.0,62.5,42.5,70.0,58.4,HIGH,25.0,33.4
SYNTH_USER_1081,AVERAGE,2026-08-08 01:25:14,FRIENDS_ONLY,NOT_SURE,NO,NO,FULL_BIRTHDAY,NO,NO,NO,IMMEDIATELY,NO,FRIENDS,NEVER,VERIFY_FIRST,NO,DISABLED,SLIGHT_VARIATION,YES,NEVER,VERIFY_OUT_OF_BAND,NEVER,RARELY,37.5,20.0,38.0,7.5,50.0,62.5,58.0,75.0,27.5,68.0,39.9,MODERATE,19.7,20.2
SYNTH_USER_1082,HIGH_EXPOSURE,2026-08-29 05:30:14,PUBLIC,YES,NOT_SURE,YES,FULL_BIRTHDAY,CITY_ONLY,YES,YES,IMMEDIATELY,YES,PUBLIC,YES,ACCEPT_MOST,NO,DISABLED,REUSED,NO,NEVER,CLICK_IMMEDIATELY,YES_HELP,NEVER,95.0,74.0,96.0,95.0,87.5,85.0,92.0,95.0,97.5,84.0,90.0,CRITICAL,58.0,32.0
SYNTH_USER_1083,AVERAGE,2026-09-08 05:27:14,FRIENDS_ONLY,NOT_SURE,NOT_SURE,NO,FULL_BIRTHDAY,NO,NO,SOMETIMES,IMMEDIATELY,SOMETIMES,PUBLIC,SOMETIMES,VERIFY_FIRST,NO,SMS_ONLY,COMPLETELY_UNIQUE,NOT_SURE,NEVER,INSPECT_URL,HESITATE,RARELY,65.0,32.0,72.0,50.0,37.5,65.0,52.0,72.5,55.0,54.0,53.7,HIGH,27.8,25.9
SYNTH_USER_1084,HIGH_EXPOSURE,2026-08-14 23:18:14,PUBLIC,YES,NOT_SURE,YES,FULL_BIRTHDAY,CITY_ONLY,YES,YES,IMMEDIATELY,YES,PUBLIC,YES,ACCEPT_MOST,NO,DISABLED,REUSED,NO,NEVER,CLICK_IMMEDIATELY,HESITATE,NEVER,95.0,74.0,96.0,95.0,87.5,85.0,92.0,95.0,87.5,84.0,89.0,CRITICAL,49.8,39.2
SYNTH_USER_1085,HIGH_EXPOSURE,2026-08-18 10:32:14,PUBLIC,YES,NOT_SURE,YES,FULL_BIRTHDAY,CITY_ONLY,YES,YES,IMMEDIATELY,YES,PUBLIC,SOMETIMES,ACCEPT_MOST,NO,DISABLED,REUSED,NO,NEVER,CLICK_IMMEDIATELY,YES_HELP,NEVER,95.0,74.0,96.0,85.0,87.5,85.0,92.0,95.0,97.5,84.0,89.0,CRITICAL,40.6,48.4
SYNTH_USER_1086,AVERAGE,2026-09-15 10:21:14,FRIENDS_ONLY,NOT_SURE,NOT_SURE,NO,DAY_MONTH_ONLY,CITY_ONLY,NO,NO,SOMETIMES_LATER,NO,FRIENDS,SOMETIMES,VERIFY_FIRST,NO,APP_OR_HARDWARE,SLIGHT_VARIATION,NOT_SURE,RARELY,VERIFY_OUT_OF_BAND,NEVER,RARELY,65.0,28.0,28.0,32.5,47.5,62.5,48.0,50.0,0.0,70.0,39.2,MODERATE,18.7,20.5
SYNTH_USER_1087,HIGH_EXPOSURE,2026-07-11 10:54:14,PUBLIC,YES,YES,YES,FULL_BIRTHDAY,CITY_ONLY,YES,YES,IMMEDIATELY,YES,PUBLIC,YES,ACCEPT_MOST,NO,DISABLED,REUSED,NO,NEVER,CLICK_IMMEDIATELY,HESITATE,NEVER,95.0,82.0,96.0,95.0,87.5,85.0,92.0,95.0,87.5,84.0,90.2,CRITICAL,51.6,38.6
SYNTH_USER_1088,CONSCIOUS,2026-08-05 18:56:14,PRIVATE,NO,NO,NO,DAY_MONTH_ONLY,NO,NO,NO,NEVER_CHECKIN,NO,CUSTOM_LISTS,NEVER,VERIFY_FIRST,YES,APP_OR_HARDWARE,COMPLETELY_UNIQUE,YES,REGULARLY,VERIFY_OUT_OF_BAND,NEVER,REGULARLY,0.0,8.0,0.0,0.0,15.0,5.0,0.0,12.5,0.0,0.0,3.6,LOW,5.0,-1.4
SYNTH_USER_1089,AVERAGE,2026-08-13 14:45:14,FRIENDS_OF_FRIENDS,NO,NO,YES,FULL_BIRTHDAY,CITY_ONLY,SOMETIMES,SOMETIMES,IMMEDIATELY,NO,FRIENDS,NEVER,VERIFY_FIRST,NO,SMS_ONLY,COMPLETELY_UNIQUE,YES,RARELY,INSPECT_URL,NEVER,NEVER,30.0,54.0,54.0,17.5,47.5,77.5,34.0,72.5,12.5,76.0,43.3,HIGH,23.6,19.7
SYNTH_USER_1090,AVERAGE,2026-07-11 08:14:14,FRIENDS_ONLY,NO,YES,YES,FULL_BIRTHDAY,NO,NO,SOMETIMES,IMMEDIATELY,NO,FRIENDS,NEVER,VERIFY_FIRST,YES,DISABLED,COMPLETELY_UNIQUE,YES,RARELY,INSPECT_URL,HESITATE,NEVER,37.5,58.0,44.0,7.5,37.5,37.5,54.0,50.0,27.5,70.0,42.3,HIGH,21.0,21.3
SYNTH_USER_1091,AVERAGE,2026-09-30 07:02:14,PUBLIC,NOT_SURE,YES,NO,DAY_MONTH_ONLY,CITY_ONLY,SOMETIMES,SOMETIMES,SOMETIMES_LATER,NO,PUBLIC,SOMETIMES,VERIFY_FIRST,NO,SMS_ONLY,SLIGHT_VARIATION,YES,NEVER,INSPECT_URL,NEVER,NEVER,85.0,44.0,50.0,50.0,47.5,50.0,46.0,85.0,27.5,76.0,52.5,HIGH,28.0,24.5
SYNTH_USER_1092,AVERAGE,2026-08-13 21:48:14,FRIENDS_ONLY,NO,NOT_SURE,YES,FULL_BIRTHDAY,NO,NO,SOMETIMES,IMMEDIATELY,NO,PUBLIC,SOMETIMES,VERIFY_FIRST,YES,APP_OR_HARDWARE,REUSED,YES,NEVER,VERIFY_OUT_OF_BAND,NEVER,RARELY,22.5,50.0,60.0,52.5,57.5,45.0,36.0,62.5,27.5,68.0,46.7,HIGH,20.5,26.2
SYNTH_USER_1093,CONSCIOUS,2026-09-15 15:58:14,FRIENDS_ONLY,NO,NO,NO,DAY_MONTH_ONLY,NO,NO,NO,NEVER_CHECKIN,NO,CUSTOM_LISTS,NEVER,REJECT_UNKNOWN,YES,APP_OR_HARDWARE,COMPLETELY_UNIQUE,YES,REGULARLY,VERIFY_OUT_OF_BAND,NEVER,REGULARLY,15.0,8.0,0.0,0.0,0.0,12.5,0.0,12.5,0.0,0.0,4.0,LOW,5.0,-1.0
SYNTH_USER_1094,HIGH_EXPOSURE,2026-07-18 17:26:14,PUBLIC,YES,YES,YES,FULL_BIRTHDAY,CITY_ONLY,YES,YES,IMMEDIATELY,YES,PUBLIC,YES,ACCEPT_MOST,NO,DISABLED,REUSED,NO,NEVER,CLICK_IMMEDIATELY,YES_HELP,NEVER,95.0,82.0,96.0,95.0,87.5,85.0,92.0,95.0,97.5,84.0,91.2,CRITICAL,51.7,39.5
SYNTH_USER_1095,HIGH_EXPOSURE,2026-08-31 18:57:14,PUBLIC,YES,NOT_SURE,YES,FULL_BIRTHDAY,YES,YES,YES,IMMEDIATELY,YES,PUBLIC,YES,ACCEPT_MOST,NO,DISABLED,REUSED,NO,NEVER,CLICK_IMMEDIATELY,YES_HELP,NEVER,95.0,86.0,96.0,95.0,87.5,85.0,92.0,95.0,97.5,84.0,91.8,CRITICAL,59.6,32.2
SYNTH_USER_1096,AVERAGE,2026-09-08 18:57:14,PUBLIC,NO,NO,NO,DAY_MONTH_ONLY,NO,SOMETIMES,NO,IMMEDIATELY,NO,FRIENDS,NEVER,SOMETIMES,NOT_SURE,APP_OR_HARDWARE,COMPLETELY_UNIQUE,NOT_SURE,RARELY,VERIFY_OUT_OF_BAND,HESITATE,NEVER,55.0,16.0,42.0,20.0,57.5,67.5,26.0,60.0,42.5,76.0,40.3,HIGH,15.2,25.1
SYNTH_USER_1097,HIGH_EXPOSURE,2026-09-24 14:35:14,PUBLIC,YES,YES,YES,FULL_BIRTHDAY,YES,YES,YES,IMMEDIATELY,YES,PUBLIC,YES,ACCEPT_MOST,NO,DISABLED,REUSED,NO,NEVER,CLICK_IMMEDIATELY,YES_HELP,NEVER,95.0,94.0,96.0,95.0,87.5,85.0,92.0,95.0,97.5,84.0,93.0,CRITICAL,54.1,38.9
SYNTH_USER_1098,AVERAGE,2026-09-10 02:57:14,PUBLIC,NO,NO,NO,FULL_BIRTHDAY,NO,SOMETIMES,SOMETIMES,SOMETIMES_LATER,SOMETIMES,FRIENDS,NEVER,SOMETIMES,NO,DISABLED,COMPLETELY_UNIQUE,NOT_SURE,RARELY,VERIFY_OUT_OF_BAND,HESITATE,NEVER,70.0,28.0,52.0,30.0,45.0,50.0,54.0,47.5,30.0,54.0,45.2,HIGH,24.2,21.0
SYNTH_USER_1099,CONSCIOUS,2026-08-31 12:10:14,FRIENDS_ONLY,NO,NO,NO,DAY_MONTH_ONLY,NO,NO,NO,AFTER_LEAVING,NO,FRIENDS,NEVER,VERIFY_FIRST,YES,APP_OR_HARDWARE,COMPLETELY_UNIQUE,YES,REGULARLY,VERIFY_OUT_OF_BAND,NEVER,REGULARLY,15.0,8.0,2.0,7.5,15.0,0.0,0.0,12.5,0.0,0.0,5.9,LOW,5.0,0.9
SYNTH_USER_1100,CONSCIOUS,2026-09-29 01:48:14,PRIVATE,NO,NO,NO,HIDDEN,NO,NO,NO,AFTER_LEAVING,NO,CUSTOM_LISTS,NEVER,REJECT_UNKNOWN,YES,APP_OR_HARDWARE,COMPLETELY_UNIQUE,YES,REGULARLY,VERIFY_OUT_OF_BAND,NEVER,REGULARLY,0.0,0.0,2.0,0.0,0.0,7.5,0.0,12.5,0.0,0.0,1.3,LOW,5.0,-3.7
SYNTH_USER_1101,CONSCIOUS,2026-10-01 11:28:14,PRIVATE,NO,NO,NO,DAY_MONTH_ONLY,NO,NO,NO,NEVER_CHECKIN,NO,FRIENDS,NEVER,VERIFY_FIRST,YES,APP_OR_HARDWARE,COMPLETELY_UNIQUE,YES,REGULARLY,VERIFY_OUT_OF_BAND,NEVER,REGULARLY,10.0,8.0,0.0,7.5,7.5,12.5,0.0,12.5,0.0,0.0,5.0,LOW,5.0,0.0
SYNTH_USER_1102,CONSCIOUS,2026-08-21 07:17:14,PRIVATE,NO,NO,NO,DAY_MONTH_ONLY,NO,NO,NO,NEVER_CHECKIN,NO,FRIENDS,NEVER,VERIFY_FIRST,YES,APP_OR_HARDWARE,COMPLETELY_UNIQUE,YES,REGULARLY,VERIFY_OUT_OF_BAND,NEVER,REGULARLY,10.0,8.0,0.0,7.5,7.5,0.0,0.0,12.5,0.0,0.0,4.3,LOW,5.0,-0.7
SYNTH_USER_1103,AVERAGE,2026-09-15 22:26:14,FRIENDS_ONLY,YES,YES,NO,DAY_MONTH_ONLY,CITY_ONLY,NO,SOMETIMES,SOMETIMES_LATER,NO,PUBLIC,SOMETIMES,VERIFY_FIRST,NO,SMS_ONLY,SLIGHT_VARIATION,YES,NEVER,INSPECT_URL,NEVER,NEVER,60.0,36.0,50.0,52.5,47.5,50.0,54.0,75.0,27.5,62.0,49.1,HIGH,27.3,21.8
SYNTH_USER_1104,AVERAGE,2026-08-18 23:35:14,FRIENDS_OF_FRIENDS,NOT_SURE,YES,YES,DAY_MONTH_ONLY,CITY_ONLY,NO,SOMETIMES,SOMETIMES_LATER,NO,FRIENDS,SOMETIMES,SOMETIMES,NOT_SURE,DISABLED,REUSED,YES,NEVER,INSPECT_URL,NEVER,RARELY,72.5,54.0,34.0,35.0,45.0,47.5,74.0,72.5,25.0,54.0,50.8,HIGH,19.4,31.4
SYNTH_USER_1105,CONSCIOUS,2026-07-22 11:28:14,PRIVATE,NO,NO,NO,HIDDEN,NO,NO,NO,AFTER_LEAVING,NO,FRIENDS,NEVER,REJECT_UNKNOWN,YES,APP_OR_HARDWARE,COMPLETELY_UNIQUE,YES,REGULARLY,VERIFY_OUT_OF_BAND,NEVER,REGULARLY,0.0,0.0,2.0,7.5,0.0,5.0,0.0,12.5,0.0,0.0,1.9,LOW,5.0,-3.1
SYNTH_USER_1106,AVERAGE,2026-10-01 20:19:14,PUBLIC,YES,YES,NO,FULL_BIRTHDAY,CITY_ONLY,NO,SOMETIMES,SOMETIMES_LATER,NO,PUBLIC,NEVER,SOMETIMES,YES,DISABLED,REUSED,YES,NEVER,INSPECT_URL,NEVER,NEVER,80.0,48.0,34.0,37.5,55.0,45.0,74.0,62.5,27.5,70.0,52.3,HIGH,21.4,30.9
SYNTH_USER_1107,AVERAGE,2026-08-09 11:54:14,FRIENDS_OF_FRIENDS,YES,NOT_SURE,NO,DAY_MONTH_ONLY,CITY_ONLY,SOMETIMES,SOMETIMES,SOMETIMES_LATER,NO,FRIENDS,SOMETIMES,VERIFY_FIRST,YES,APP_OR_HARDWARE,SLIGHT_VARIATION,NOT_SURE,RARELY,INSPECT_URL,HESITATE,RARELY,55.0,36.0,44.0,32.5,47.5,40.0,56.0,50.0,27.5,52.0,43.8,HIGH,25.9,17.9
SYNTH_USER_1108,AVERAGE,2026-09-29 21:23:14,FRIENDS_ONLY,NO,NO,YES,FULL_BIRTHDAY,CITY_ONLY,SOMETIMES,NO,SOMETIMES_LATER,NO,PUBLIC,NEVER,VERIFY_FIRST,YES,SMS_ONLY,COMPLETELY_UNIQUE,YES,NEVER,INSPECT_URL,HESITATE,RARELY,22.5,54.0,28.0,35.0,70.0,60.0,42.0,72.5,40.0,68.0,45.4,HIGH,22.2,23.2
SYNTH_USER_1109,HIGH_EXPOSURE,2026-08-04 04:53:14,PUBLIC,YES,YES,YES,FULL_BIRTHDAY,YES,YES,YES,IMMEDIATELY,YES,PUBLIC,SOMETIMES,ACCEPT_MOST,NO,DISABLED,REUSED,NO,NEVER,CLICK_IMMEDIATELY,YES_HELP,NEVER,95.0,94.0,96.0,85.0,87.5,85.0,92.0,95.0,97.5,84.0,92.0,CRITICAL,54.7,37.3
SYNTH_USER_1110,HIGH_EXPOSURE,2026-10-02 12:42:14,PUBLIC,YES,NOT_SURE,YES,FULL_BIRTHDAY,CITY_ONLY,YES,YES,IMMEDIATELY,YES,PUBLIC,SOMETIMES,ACCEPT_MOST,NO,DISABLED,REUSED,NO,NEVER,CLICK_IMMEDIATELY,YES_HELP,NEVER,95.0,74.0,96.0,85.0,87.5,85.0,92.0,95.0,97.5,84.0,89.0,CRITICAL,49.5,39.5
SYNTH_USER_1111,CONSCIOUS,2026-08-06 13:33:14,FRIENDS_ONLY,NO,NO,NO,DAY_MONTH_ONLY,NO,NO,NO,AFTER_LEAVING,NO,CUSTOM_LISTS,NEVER,REJECT_UNKNOWN,YES,APP_OR_HARDWARE,COMPLETELY_UNIQUE,YES,REGULARLY,VERIFY_OUT_OF_BAND,NEVER,REGULARLY,5.0,8.0,2.0,0.0,0.0,5.0,0.0,12.5,0.0,0.0,2.9,LOW,5.0,-2.1
SYNTH_USER_1112,AVERAGE,2026-08-14 23:55:14,FRIENDS_ONLY,YES,YES,YES,DAY_MONTH_ONLY,CITY_ONLY,NO,NO,SOMETIMES_LATER,SOMETIMES,PUBLIC,NEVER,VERIFY_FIRST,NO,DISABLED,COMPLETELY_UNIQUE,YES,NEVER,VERIFY_OUT_OF_BAND,HESITATE,RARELY,60.0,54.0,50.0,25.0,37.5,72.5,46.0,62.5,30.0,60.0,47.5,HIGH,18.3,29.2
SYNTH_USER_1113,AVERAGE,2026-07-26 05:06:14,FRIENDS_ONLY,NO,YES,NO,DAY_MONTH_ONLY,NO,NO,NO,SOMETIMES_LATER,NO,FRIENDS,SOMETIMES,VERIFY_FIRST,NO,APP_OR_HARDWARE,SLIGHT_VARIATION,NOT_SURE,RARELY,INSPECT_URL,HESITATE,NEVER,50.0,28.0,22.0,32.5,70.0,70.0,48.0,62.5,40.0,76.0,44.4,HIGH,25.2,19.2
SYNTH_USER_1114,AVERAGE,2026-10-01 20:30:14,FRIENDS_ONLY,NOT_SURE,NOT_SURE,NO,FULL_BIRTHDAY,NO,NO,SOMETIMES,SOMETIMES_LATER,SOMETIMES,FRIENDS,SOMETIMES,SOMETIMES,YES,SMS_ONLY,SLIGHT_VARIATION,NOT_SURE,NEVER,VERIFY_OUT_OF_BAND,NEVER,RARELY,52.5,32.0,56.0,32.5,55.0,60.0,56.0,62.5,0.0,68.0,45.1,HIGH,26.6,18.5
SYNTH_USER_1115,AVERAGE,2026-07-13 11:03:14,FRIENDS_OF_FRIENDS,YES,NOT_SURE,YES,FULL_BIRTHDAY,NO,SOMETIMES,SOMETIMES,SOMETIMES_LATER,NO,FRIENDS,NEVER,SOMETIMES,NO,SMS_ONLY,REUSED,NOT_SURE,NEVER,INSPECT_URL,NEVER,RARELY,70.0,58.0,40.0,30.0,65.0,50.0,54.0,60.0,27.5,60.0,50.6,HIGH,29.5,21.1
SYNTH_USER_1116,CONSCIOUS,2026-07-23 22:24:14,FRIENDS_ONLY,NO,NO,NO,HIDDEN,NO,NO,NO,AFTER_LEAVING,NO,FRIENDS,NEVER,REJECT_UNKNOWN,YES,APP_OR_HARDWARE,COMPLETELY_UNIQUE,YES,REGULARLY,VERIFY_OUT_OF_BAND,NEVER,REGULARLY,5.0,0.0,2.0,7.5,0.0,0.0,0.0,12.5,0.0,0.0,2.2,LOW,5.0,-2.8
SYNTH_USER_1117,AVERAGE,2026-09-02 11:56:14,FRIENDS_OF_FRIENDS,NO,YES,YES,DAY_MONTH_ONLY,NO,NO,SOMETIMES,SOMETIMES_LATER,SOMETIMES,PUBLIC,SOMETIMES,SOMETIMES,YES,SMS_ONLY,REUSED,NOT_SURE,RARELY,INSPECT_URL,NEVER,NEVER,57.5,46.0,52.0,52.5,65.0,45.0,62.0,50.0,40.0,62.0,53.4,HIGH,22.0,31.4
SYNTH_USER_1118,CONSCIOUS,2026-09-08 05:19:14,FRIENDS_ONLY,NO,NO,NO,DAY_MONTH_ONLY,NO,NO,NO,AFTER_LEAVING,NO,CUSTOM_LISTS,NEVER,REJECT_UNKNOWN,YES,APP_OR_HARDWARE,COMPLETELY_UNIQUE,YES,REGULARLY,VERIFY_OUT_OF_BAND,NEVER,REGULARLY,15.0,8.0,2.0,0.0,0.0,12.5,0.0,12.5,0.0,0.0,4.2,LOW,5.0,-0.8
SYNTH_USER_1119,HIGH_EXPOSURE,2026-09-13 10:20:14,PUBLIC,YES,NOT_SURE,YES,FULL_BIRTHDAY,CITY_ONLY,YES,YES,IMMEDIATELY,YES,PUBLIC,YES,ACCEPT_MOST,NO,DISABLED,REUSED,NO,NEVER,CLICK_IMMEDIATELY,HESITATE,NEVER,95.0,74.0,96.0,95.0,87.5,85.0,92.0,95.0,87.5,84.0,89.0,CRITICAL,33.8,55.2
SYNTH_USER_1120,AVERAGE,2026-07-20 07:11:14,FRIENDS_ONLY,NO,NOT_SURE,YES,DAY_MONTH_ONLY,NO,NO,NO,IMMEDIATELY,NO,PUBLIC,NEVER,VERIFY_FIRST,NO,APP_OR_HARDWARE,REUSED,YES,NEVER,INSPECT_URL,HESITATE,RARELY,37.5,38.0,32.0,37.5,60.0,77.5,44.0,62.5,27.5,54.0,43.1,HIGH,18.2,24.9
SYNTH_USER_1121,AVERAGE,2026-10-02 01:57:14,FRIENDS_ONLY,NO,NOT_SURE,NO,DAY_MONTH_ONLY,CITY_ONLY,NO,SOMETIMES,IMMEDIATELY,NO,PUBLIC,NEVER,VERIFY_FIRST,NO,SMS_ONLY,COMPLETELY_UNIQUE,NOT_SURE,NEVER,INSPECT_URL,NEVER,RARELY,22.5,28.0,50.0,37.5,70.0,85.0,44.0,50.0,27.5,68.0,44.2,HIGH,18.7,25.5
SYNTH_USER_1122,CONSCIOUS,2026-08-13 01:02:14,PRIVATE,NO,NO,NO,HIDDEN,NO,NO,NO,NEVER_CHECKIN,NO,CUSTOM_LISTS,NEVER,VERIFY_FIRST,YES,APP_OR_HARDWARE,COMPLETELY_UNIQUE,YES,REGULARLY,VERIFY_OUT_OF_BAND,NEVER,REGULARLY,10.0,0.0,0.0,0.0,15.0,0.0,0.0,12.5,0.0,0.0,3.1,LOW,5.0,-1.9
SYNTH_USER_1123,AVERAGE,2026-09-01 00:25:14,FRIENDS_ONLY,NO,NO,YES,DAY_MONTH_ONLY,NO,SOMETIMES,SOMETIMES,SOMETIMES_LATER,SOMETIMES,PUBLIC,NEVER,VERIFY_FIRST,YES,APP_OR_HARDWARE,COMPLETELY_UNIQUE,NOT_SURE,NEVER,INSPECT_URL,NEVER,RARELY,35.0,34.0,56.0,35.0,50.0,60.0,26.0,85.0,27.5,52.0,42.0,HIGH,21.6,20.4
SYNTH_USER_1124,HIGH_EXPOSURE,2026-08-15 02:28:14,PUBLIC,YES,YES,YES,FULL_BIRTHDAY,CITY_ONLY,YES,YES,IMMEDIATELY,YES,PUBLIC,YES,ACCEPT_MOST,NO,DISABLED,REUSED,NO,NEVER,CLICK_IMMEDIATELY,YES_HELP,NEVER,95.0,82.0,96.0,95.0,87.5,85.0,92.0,95.0,97.5,84.0,91.2,CRITICAL,43.2,48.0
SYNTH_USER_1125,HIGH_EXPOSURE,2026-08-11 14:09:14,PUBLIC,YES,YES,YES,FULL_BIRTHDAY,CITY_ONLY,YES,YES,IMMEDIATELY,YES,PUBLIC,SOMETIMES,ACCEPT_MOST,NO,DISABLED,REUSED,NO,NEVER,CLICK_IMMEDIATELY,HESITATE,NEVER,95.0,82.0,96.0,85.0,87.5,85.0,92.0,95.0,87.5,84.0,89.2,CRITICAL,48.1,41.1
SYNTH_USER_1126,HIGH_EXPOSURE,2026-08-29 21:37:14,PUBLIC,YES,YES,YES,FULL_BIRTHDAY,YES,YES,YES,IMMEDIATELY,YES,PUBLIC,YES,ACCEPT_MOST,NO,DISABLED,REUSED,NO,NEVER,CLICK_IMMEDIATELY,HESITATE,NEVER,95.0,94.0,96.0,95.0,87.5,85.0,92.0,95.0,87.5,84.0,92.0,CRITICAL,34.9,57.1
SYNTH_USER_1127,HIGH_EXPOSURE,2026-09-07 19:24:14,PUBLIC,YES,NOT_SURE,YES,FULL_BIRTHDAY,YES,YES,YES,IMMEDIATELY,YES,PUBLIC,YES,ACCEPT_MOST,NO,DISABLED,REUSED,NO,NEVER,CLICK_IMMEDIATELY,HESITATE,NEVER,95.0,86.0,96.0,95.0,87.5,85.0,92.0,95.0,87.5,84.0,90.8,CRITICAL,41.3,49.5
SYNTH_USER_1128,AVERAGE,2026-09-26 16:55:14,FRIENDS_OF_FRIENDS,NO,NOT_SURE,NO,DAY_MONTH_ONLY,NO,SOMETIMES,NO,SOMETIMES_LATER,SOMETIMES,FRIENDS,NEVER,VERIFY_FIRST,NO,SMS_ONLY,REUSED,NOT_SURE,RARELY,INSPECT_URL,NEVER,RARELY,30.0,28.0,40.0,30.0,70.0,57.5,72.0,50.0,40.0,68.0,46.8,HIGH,27.6,19.2
SYNTH_USER_1129,HIGH_EXPOSURE,2026-09-21 21:50:14,PUBLIC,YES,NOT_SURE,YES,FULL_BIRTHDAY,YES,YES,YES,IMMEDIATELY,YES,PUBLIC,SOMETIMES,ACCEPT_MOST,NO,DISABLED,REUSED,NO,NEVER,CLICK_IMMEDIATELY,HESITATE,NEVER,95.0,86.0,96.0,85.0,87.5,85.0,92.0,95.0,87.5,84.0,89.8,CRITICAL,45.7,44.1
SYNTH_USER_1130,HIGH_EXPOSURE,2026-08-07 04:07:14,PUBLIC,YES,YES,YES,FULL_BIRTHDAY,YES,YES,YES,IMMEDIATELY,YES,PUBLIC,SOMETIMES,ACCEPT_MOST,NO,DISABLED,REUSED,NO,NEVER,CLICK_IMMEDIATELY,HESITATE,NEVER,95.0,94.0,96.0,85.0,87.5,85.0,92.0,95.0,87.5,84.0,91.0,CRITICAL,32.7,58.3
SYNTH_USER_1131,CONSCIOUS,2026-09-20 12:52:14,FRIENDS_ONLY,NO,NO,NO,HIDDEN,NO,NO,NO,NEVER_CHECKIN,NO,CUSTOM_LISTS,NEVER,REJECT_UNKNOWN,YES,APP_OR_HARDWARE,COMPLETELY_UNIQUE,YES,REGULARLY,VERIFY_OUT_OF_BAND,NEVER,REGULARLY,15.0,0.0,0.0,0.0,0.0,5.0,0.0,12.5,0.0,0.0,2.4,LOW,5.0,-2.6
SYNTH_USER_1132,AVERAGE,2026-07-10 13:50:14,FRIENDS_OF_FRIENDS,YES,NOT_SURE,NO,DAY_MONTH_ONLY,NO,SOMETIMES,SOMETIMES,SOMETIMES_LATER,SOMETIMES,PUBLIC,NEVER,VERIFY_FIRST,NOT_SURE,SMS_ONLY,SLIGHT_VARIATION,NOT_SURE,RARELY,VERIFY_OUT_OF_BAND,NEVER,RARELY,55.0,28.0,46.0,25.0,37.5,60.0,64.0,62.5,27.5,62.0,44.4,HIGH,17.0,27.4
SYNTH_USER_1133,HIGH_EXPOSURE,2026-09-16 13:03:14,PUBLIC,YES,NOT_SURE,YES,FULL_BIRTHDAY,CITY_ONLY,YES,YES,IMMEDIATELY,YES,PUBLIC,YES,ACCEPT_MOST,NO,DISABLED,REUSED,NO,NEVER,CLICK_IMMEDIATELY,YES_HELP,NEVER,95.0,74.0,96.0,95.0,87.5,85.0,92.0,95.0,97.5,84.0,90.0,CRITICAL,56.1,33.9
SYNTH_USER_1134,HIGH_EXPOSURE,2026-09-26 11:02:14,PUBLIC,YES,YES,YES,FULL_BIRTHDAY,CITY_ONLY,YES,YES,IMMEDIATELY,YES,PUBLIC,YES,ACCEPT_MOST,NO,DISABLED,REUSED,NO,NEVER,CLICK_IMMEDIATELY,YES_HELP,NEVER,95.0,82.0,96.0,95.0,87.5,85.0,92.0,95.0,97.5,84.0,91.2,CRITICAL,56.9,34.3
SYNTH_USER_1135,CONSCIOUS,2026-09-08 14:09:14,PRIVATE,NO,NO,NO,DAY_MONTH_ONLY,NO,NO,NO,AFTER_LEAVING,NO,FRIENDS,NEVER,REJECT_UNKNOWN,YES,APP_OR_HARDWARE,COMPLETELY_UNIQUE,YES,REGULARLY,VERIFY_OUT_OF_BAND,NEVER,REGULARLY,0.0,8.0,2.0,7.5,0.0,7.5,0.0,12.5,0.0,0.0,3.2,LOW,5.0,-1.8
SYNTH_USER_1136,CONSCIOUS,2026-07-17 16:16:14,FRIENDS_ONLY,NO,NO,NO,DAY_MONTH_ONLY,NO,NO,NO,AFTER_LEAVING,NO,FRIENDS,NEVER,REJECT_UNKNOWN,YES,APP_OR_HARDWARE,COMPLETELY_UNIQUE,YES,REGULARLY,VERIFY_OUT_OF_BAND,NEVER,REGULARLY,5.0,8.0,2.0,7.5,7.5,5.0,0.0,12.5,0.0,0.0,4.4,LOW,5.0,-0.6
SYNTH_USER_1137,CONSCIOUS,2026-07-13 18:09:14,FRIENDS_ONLY,NO,NO,NO,DAY_MONTH_ONLY,NO,NO,NO,NEVER_CHECKIN,NO,CUSTOM_LISTS,NEVER,VERIFY_FIRST,YES,APP_OR_HARDWARE,COMPLETELY_UNIQUE,YES,REGULARLY,VERIFY_OUT_OF_BAND,NEVER,REGULARLY,15.0,8.0,0.0,0.0,15.0,7.5,0.0,12.5,0.0,0.0,5.2,LOW,5.0,0.2
SYNTH_USER_1138,HIGH_EXPOSURE,2026-08-20 23:48:14,PUBLIC,YES,YES,YES,FULL_BIRTHDAY,CITY_ONLY,YES,YES,IMMEDIATELY,YES,PUBLIC,SOMETIMES,ACCEPT_MOST,NO,DISABLED,REUSED,NO,NEVER,CLICK_IMMEDIATELY,HESITATE,NEVER,95.0,82.0,96.0,85.0,87.5,85.0,92.0,95.0,87.5,84.0,89.2,CRITICAL,45.2,44.0
SYNTH_USER_1139,HIGH_EXPOSURE,2026-10-03 17:36:14,PUBLIC,YES,NOT_SURE,YES,FULL_BIRTHDAY,YES,YES,YES,IMMEDIATELY,YES,PUBLIC,SOMETIMES,ACCEPT_MOST,NO,DISABLED,REUSED,NO,NEVER,CLICK_IMMEDIATELY,HESITATE,NEVER,95.0,86.0,96.0,85.0,87.5,85.0,92.0,95.0,87.5,84.0,89.8,CRITICAL,34.3,55.5
SYNTH_USER_1140,AVERAGE,2026-07-13 21:01:14,FRIENDS_ONLY,NOT_SURE,NO,YES,FULL_BIRTHDAY,CITY_ONLY,NO,NO,IMMEDIATELY,SOMETIMES,PUBLIC,NEVER,SOMETIMES,YES,SMS_ONLY,REUSED,YES,NEVER,INSPECT_URL,NEVER,RARELY,65.0,46.0,54.0,47.5,45.0,37.5,54.0,62.5,12.5,60.0,48.1,HIGH,29.2,18.9
SYNTH_USER_1141,CONSCIOUS,2026-08-11 15:23:14,FRIENDS_ONLY,NO,NO,NO,DAY_MONTH_ONLY,NO,NO,NO,AFTER_LEAVING,NO,FRIENDS,NEVER,VERIFY_FIRST,YES,APP_OR_HARDWARE,COMPLETELY_UNIQUE,YES,REGULARLY,VERIFY_OUT_OF_BAND,NEVER,REGULARLY,15.0,8.0,2.0,7.5,7.5,12.5,0.0,12.5,0.0,0.0,5.8,LOW,5.0,0.8
SYNTH_USER_1142,HIGH_EXPOSURE,2026-09-15 09:43:14,PUBLIC,YES,YES,YES,FULL_BIRTHDAY,CITY_ONLY,YES,YES,IMMEDIATELY,YES,PUBLIC,SOMETIMES,ACCEPT_MOST,NO,DISABLED,REUSED,NO,NEVER,CLICK_IMMEDIATELY,HESITATE,NEVER,95.0,82.0,96.0,85.0,87.5,85.0,92.0,95.0,87.5,84.0,89.2,CRITICAL,53.7,35.5
SYNTH_USER_1143,AVERAGE,2026-10-02 08:13:14,FRIENDS_OF_FRIENDS,NOT_SURE,YES,NO,FULL_BIRTHDAY,NO,NO,NO,IMMEDIATELY,NO,PUBLIC,NEVER,SOMETIMES,NOT_SURE,APP_OR_HARDWARE,COMPLETELY_UNIQUE,YES,NEVER,INSPECT_URL,HESITATE,NEVER,57.5,40.0,48.0,35.0,77.5,55.0,24.0,50.0,27.5,76.0,45.6,HIGH,27.6,18.0
SYNTH_USER_1144,AVERAGE,2026-09-08 08:57:14,FRIENDS_OF_FRIENDS,YES,NO,NO,DAY_MONTH_ONLY,NO,NO,NO,SOMETIMES_LATER,NO,FRIENDS,NEVER,SOMETIMES,NOT_SURE,DISABLED,SLIGHT_VARIATION,YES,NEVER,VERIFY_OUT_OF_BAND,NEVER,RARELY,70.0,8.0,38.0,20.0,67.5,40.0,58.0,50.0,15.0,70.0,40.8,HIGH,24.6,16.2
SYNTH_USER_1145,CONSCIOUS,2026-08-01 21:48:14,FRIENDS_ONLY,NO,NO,NO,HIDDEN,NO,NO,NO,AFTER_LEAVING,NO,FRIENDS,NEVER,VERIFY_FIRST,YES,APP_OR_HARDWARE,COMPLETELY_UNIQUE,YES,REGULARLY,VERIFY_OUT_OF_BAND,NEVER,REGULARLY,5.0,0.0,2.0,7.5,15.0,5.0,0.0,12.5,0.0,0.0,3.9,LOW,5.0,-1.1
SYNTH_USER_1146,AVERAGE,2026-09-27 13:56:14,FRIENDS_ONLY,YES,YES,YES,FULL_BIRTHDAY,NO,SOMETIMES,NO,SOMETIMES_LATER,SOMETIMES,FRIENDS,SOMETIMES,SOMETIMES,NO,DISABLED,SLIGHT_VARIATION,NOT_SURE,RARELY,INSPECT_URL,HESITATE,NEVER,75.0,66.0,34.0,32.5,55.0,57.5,76.0,50.0,55.0,68.0,56.9,HIGH,35.4,21.5
SYNTH_USER_1147,HIGH_EXPOSURE,2026-09-27 02:35:14,PUBLIC,YES,NOT_SURE,YES,FULL_BIRTHDAY,YES,YES,YES,IMMEDIATELY,YES,PUBLIC,SOMETIMES,ACCEPT_MOST,NO,DISABLED,REUSED,NO,NEVER,CLICK_IMMEDIATELY,YES_HELP,NEVER,95.0,86.0,96.0,85.0,87.5,85.0,92.0,95.0,97.5,84.0,90.8,CRITICAL,50.3,40.5
SYNTH_USER_1148,HIGH_EXPOSURE,2026-07-22 01:38:14,PUBLIC,YES,YES,YES,FULL_BIRTHDAY,CITY_ONLY,YES,YES,IMMEDIATELY,YES,PUBLIC,YES,ACCEPT_MOST,NO,DISABLED,REUSED,NO,NEVER,CLICK_IMMEDIATELY,YES_HELP,NEVER,95.0,82.0,96.0,95.0,87.5,85.0,92.0,95.0,97.5,84.0,91.2,CRITICAL,34.6,56.6
SYNTH_USER_1149,AVERAGE,2026-10-02 05:27:14,PUBLIC,NOT_SURE,YES,NO,DAY_MONTH_ONLY,CITY_ONLY,SOMETIMES,NO,SOMETIMES_LATER,NO,FRIENDS,NEVER,VERIFY_FIRST,NOT_SURE,SMS_ONLY,COMPLETELY_UNIQUE,NOT_SURE,RARELY,VERIFY_OUT_OF_BAND,HESITATE,RARELY,72.5,44.0,38.0,20.0,70.0,55.0,44.0,60.0,27.5,60.0,46.6,HIGH,29.9,16.7
SYNTH_USER_1150,CONSCIOUS,2026-09-05 16:39:14,FRIENDS_ONLY,NO,NO,NO,DAY_MONTH_ONLY,NO,NO,NO,AFTER_LEAVING,NO,CUSTOM_LISTS,NEVER,REJECT_UNKNOWN,YES,APP_OR_HARDWARE,COMPLETELY_UNIQUE,YES,REGULARLY,VERIFY_OUT_OF_BAND,NEVER,REGULARLY,5.0,8.0,2.0,0.0,0.0,12.5,0.0,12.5,0.0,0.0,3.2,LOW,5.0,-1.8
SYNTH_USER_1151,HIGH_EXPOSURE,2026-08-25 09:41:14,PUBLIC,YES,NOT_SURE,YES,FULL_BIRTHDAY,CITY_ONLY,YES,YES,IMMEDIATELY,YES,PUBLIC,SOMETIMES,ACCEPT_MOST,NO,DISABLED,REUSED,NO,NEVER,CLICK_IMMEDIATELY,HESITATE,NEVER,95.0,74.0,96.0,85.0,87.5,85.0,92.0,95.0,87.5,84.0,88.0,CRITICAL,40.8,47.2
SYNTH_USER_1152,AVERAGE,2026-08-02 17:43:14,FRIENDS_ONLY,NO,NOT_SURE,YES,DAY_MONTH_ONLY,CITY_ONLY,SOMETIMES,NO,IMMEDIATELY,SOMETIMES,FRIENDS,NEVER,VERIFY_FIRST,NO,APP_OR_HARDWARE,SLIGHT_VARIATION,YES,RARELY,INSPECT_URL,NEVER,RARELY,22.5,54.0,54.0,30.0,47.5,57.5,38.0,37.5,12.5,76.0,41.7,HIGH,18.5,23.2
SYNTH_USER_1153,AVERAGE,2026-09-07 21:16:14,FRIENDS_ONLY,YES,YES,YES,DAY_MONTH_ONLY,CITY_ONLY,SOMETIMES,NO,IMMEDIATELY,SOMETIMES,PUBLIC,SOMETIMES,SOMETIMES,NOT_SURE,APP_OR_HARDWARE,COMPLETELY_UNIQUE,NOT_SURE,NEVER,INSPECT_URL,NEVER,NEVER,75.0,62.0,50.0,62.5,67.5,62.5,36.0,75.0,25.0,70.0,55.6,HIGH,28.0,27.6
SYNTH_USER_1154,HIGH_EXPOSURE,2026-08-06 06:59:14,PUBLIC,YES,YES,YES,FULL_BIRTHDAY,YES,YES,YES,IMMEDIATELY,YES,PUBLIC,YES,ACCEPT_MOST,NO,DISABLED,REUSED,NO,NEVER,CLICK_IMMEDIATELY,YES_HELP,NEVER,95.0,94.0,96.0,95.0,87.5,85.0,92.0,95.0,97.5,84.0,93.0,CRITICAL,37.2,55.8
SYNTH_USER_1155,AVERAGE,2026-10-05 18:17:14,PUBLIC,YES,NOT_SURE,NO,DAY_MONTH_ONLY,NO,SOMETIMES,NO,IMMEDIATELY,NO,FRIENDS,NEVER,SOMETIMES,NOT_SURE,SMS_ONLY,COMPLETELY_UNIQUE,YES,RARELY,INSPECT_URL,HESITATE,RARELY,82.5,28.0,38.0,17.5,67.5,75.0,34.0,50.0,40.0,70.0,45.5,HIGH,21.7,23.8
SYNTH_USER_1156,CONSCIOUS,2026-08-11 05:01:14,FRIENDS_ONLY,NO,NO,NO,HIDDEN,NO,NO,NO,NEVER_CHECKIN,NO,FRIENDS,NEVER,VERIFY_FIRST,YES,APP_OR_HARDWARE,COMPLETELY_UNIQUE,YES,REGULARLY,VERIFY_OUT_OF_BAND,NEVER,REGULARLY,5.0,0.0,0.0,7.5,7.5,0.0,0.0,12.5,0.0,0.0,2.6,LOW,5.0,-2.4
SYNTH_USER_1157,HIGH_EXPOSURE,2026-08-09 18:00:14,PUBLIC,YES,YES,YES,FULL_BIRTHDAY,YES,YES,YES,IMMEDIATELY,YES,PUBLIC,YES,ACCEPT_MOST,NO,DISABLED,REUSED,NO,NEVER,CLICK_IMMEDIATELY,HESITATE,NEVER,95.0,94.0,96.0,95.0,87.5,85.0,92.0,95.0,87.5,84.0,92.0,CRITICAL,50.2,41.8
SYNTH_USER_1158,AVERAGE,2026-07-30 03:04:14,FRIENDS_ONLY,YES,YES,YES,FULL_BIRTHDAY,NO,SOMETIMES,SOMETIMES,IMMEDIATELY,SOMETIMES,FRIENDS,SOMETIMES,VERIFY_FIRST,NOT_SURE,APP_OR_HARDWARE,REUSED,YES,NEVER,INSPECT_URL,NEVER,RARELY,75.0,66.0,66.0,35.0,47.5,67.5,54.0,75.0,40.0,68.0,58.2,HIGH,30.4,27.8
SYNTH_USER_1159,AVERAGE,2026-08-28 20:10:14,FRIENDS_ONLY,YES,NOT_SURE,NO,FULL_BIRTHDAY,NO,SOMETIMES,SOMETIMES,IMMEDIATELY,SOMETIMES,PUBLIC,NEVER,VERIFY_FIRST,NO,APP_OR_HARDWARE,REUSED,NOT_SURE,RARELY,INSPECT_URL,HESITATE,NEVER,47.5,40.0,62.0,47.5,60.0,62.5,64.0,50.0,40.0,70.0,53.5,HIGH,30.8,22.7
SYNTH_USER_1160,AVERAGE,2026-08-23 07:09:14,PUBLIC,YES,NO,YES,DAY_MONTH_ONLY,NO,NO,NO,SOMETIMES_LATER,NO,FRIENDS,SOMETIMES,VERIFY_FIRST,NOT_SURE,APP_OR_HARDWARE,COMPLETELY_UNIQUE,NOT_SURE,RARELY,VERIFY_OUT_OF_BAND,NEVER,RARELY,95.0,26.0,38.0,32.5,57.5,67.5,36.0,60.0,27.5,70.0,46.1,HIGH,28.5,17.6
SYNTH_USER_1161,CONSCIOUS,2026-08-18 21:22:14,PRIVATE,NO,NO,NO,HIDDEN,NO,NO,NO,AFTER_LEAVING,NO,FRIENDS,NEVER,REJECT_UNKNOWN,YES,APP_OR_HARDWARE,COMPLETELY_UNIQUE,YES,REGULARLY,VERIFY_OUT_OF_BAND,NEVER,REGULARLY,0.0,0.0,2.0,7.5,0.0,12.5,0.0,12.5,0.0,0.0,2.3,LOW,5.0,-2.7
SYNTH_USER_1162,AVERAGE,2026-09-20 07:55:14,FRIENDS_OF_FRIENDS,NO,YES,NO,FULL_BIRTHDAY,CITY_ONLY,NO,NO,IMMEDIATELY,NO,FRIENDS,NEVER,VERIFY_FIRST,YES,DISABLED,REUSED,NOT_SURE,RARELY,VERIFY_OUT_OF_BAND,NEVER,NEVER,42.5,48.0,42.0,17.5,57.5,32.5,74.0,47.5,0.0,84.0,44.6,HIGH,23.9,20.7
SYNTH_USER_1163,HIGH_EXPOSURE,2026-09-01 20:34:14,PUBLIC,YES,YES,YES,FULL_BIRTHDAY,CITY_ONLY,YES,YES,IMMEDIATELY,YES,PUBLIC,SOMETIMES,ACCEPT_MOST,NO,DISABLED,REUSED,NO,NEVER,CLICK_IMMEDIATELY,YES_HELP,NEVER,95.0,82.0,96.0,85.0,87.5,85.0,92.0,95.0,97.5,84.0,90.2,CRITICAL,39.0,51.2
SYNTH_USER_1164,AVERAGE,2026-07-14 19:44:14,PUBLIC,NO,NO,YES,DAY_MONTH_ONLY,NO,NO,SOMETIMES,SOMETIMES_LATER,NO,PUBLIC,NEVER,SOMETIMES,YES,DISABLED,SLIGHT_VARIATION,NOT_SURE,RARELY,INSPECT_URL,NEVER,RARELY,57.5,26.0,40.0,37.5,77.5,45.0,66.0,62.5,12.5,62.0,46.8,HIGH,22.8,24.0
SYNTH_USER_1165,AVERAGE,2026-09-26 03:06:14,FRIENDS_ONLY,YES,YES,YES,DAY_MONTH_ONLY,NO,SOMETIMES,SOMETIMES,SOMETIMES_LATER,NO,FRIENDS,NEVER,VERIFY_FIRST,YES,DISABLED,COMPLETELY_UNIQUE,NOT_SURE,NEVER,VERIFY_OUT_OF_BAND,HESITATE,RARELY,75.0,54.0,34.0,30.0,70.0,47.5,46.0,50.0,30.0,54.0,48.2,HIGH,17.2,31.0
SYNTH_USER_1166,CONSCIOUS,2026-08-01 19:34:14,FRIENDS_ONLY,NO,NO,NO,DAY_MONTH_ONLY,NO,NO,NO,NEVER_CHECKIN,NO,CUSTOM_LISTS,NEVER,REJECT_UNKNOWN,YES,APP_OR_HARDWARE,COMPLETELY_UNIQUE,YES,REGULARLY,VERIFY_OUT_OF_BAND,NEVER,REGULARLY,5.0,8.0,0.0,0.0,0.0,0.0,0.0,12.5,0.0,0.0,2.3,LOW,5.0,-2.7
SYNTH_USER_1167,HIGH_EXPOSURE,2026-08-18 02:34:14,PUBLIC,YES,NOT_SURE,YES,FULL_BIRTHDAY,YES,YES,YES,IMMEDIATELY,YES,PUBLIC,SOMETIMES,ACCEPT_MOST,NO,DISABLED,REUSED,NO,NEVER,CLICK_IMMEDIATELY,HESITATE,NEVER,95.0,86.0,96.0,85.0,87.5,85.0,92.0,95.0,87.5,84.0,89.8,CRITICAL,37.2,52.6
SYNTH_USER_1168,AVERAGE,2026-09-09 12:10:14,FRIENDS_OF_FRIENDS,NO,NOT_SURE,NO,FULL_BIRTHDAY,CITY_ONLY,NO,SOMETIMES,SOMETIMES_LATER,NO,FRIENDS,NEVER,SOMETIMES,NO,SMS_ONLY,SLIGHT_VARIATION,NOT_SURE,NEVER,VERIFY_OUT_OF_BAND,HESITATE,NEVER,42.5,40.0,50.0,7.5,55.0,50.0,46.0,72.5,42.5,76.0,45.1,HIGH,28.2,16.9
SYNTH_USER_1169,AVERAGE,2026-09-11 22:26:14,PUBLIC,NO,NO,NO,FULL_BIRTHDAY,NO,SOMETIMES,NO,SOMETIMES_LATER,NO,FRIENDS,NEVER,SOMETIMES,NO,APP_OR_HARDWARE,COMPLETELY_UNIQUE,YES,NEVER,INSPECT_URL,HESITATE,RARELY,42.5,28.0,38.0,30.0,77.5,72.5,24.0,62.5,40.0,62.0,42.4,HIGH,20.3,22.1
SYNTH_USER_1170,AVERAGE,2026-10-03 01:52:14,FRIENDS_OF_FRIENDS,YES,YES,YES,DAY_MONTH_ONLY,CITY_ONLY,SOMETIMES,SOMETIMES,SOMETIMES_LATER,NO,PUBLIC,NEVER,SOMETIMES,NO,DISABLED,SLIGHT_VARIATION,NOT_SURE,NEVER,VERIFY_OUT_OF_BAND,HESITATE,NEVER,67.5,62.0,40.0,35.0,55.0,50.0,58.0,60.0,42.5,70.0,53.0,HIGH,31.3,21.7
SYNTH_USER_1171,HIGH_EXPOSURE,2026-09-16 21:39:14,PUBLIC,YES,YES,YES,FULL_BIRTHDAY,YES,YES,YES,IMMEDIATELY,YES,PUBLIC,YES,ACCEPT_MOST,NO,DISABLED,REUSED,NO,NEVER,CLICK_IMMEDIATELY,HESITATE,NEVER,95.0,94.0,96.0,95.0,87.5,85.0,92.0,95.0,87.5,84.0,92.0,CRITICAL,38.1,53.9
SYNTH_USER_1172,CONSCIOUS,2026-07-23 09:41:14,FRIENDS_ONLY,NO,NO,NO,DAY_MONTH_ONLY,NO,NO,NO,AFTER_LEAVING,NO,FRIENDS,NEVER,REJECT_UNKNOWN,YES,APP_OR_HARDWARE,COMPLETELY_UNIQUE,YES,REGULARLY,VERIFY_OUT_OF_BAND,NEVER,REGULARLY,15.0,8.0,2.0,7.5,7.5,7.5,0.0,12.5,0.0,0.0,5.5,LOW,5.0,0.5
SYNTH_USER_1173,AVERAGE,2026-09-24 22:33:14,PUBLIC,YES,YES,YES,DAY_MONTH_ONLY,NO,NO,NO,IMMEDIATELY,SOMETIMES,FRIENDS,NEVER,VERIFY_FIRST,NO,DISABLED,SLIGHT_VARIATION,NOT_SURE,NEVER,VERIFY_OUT_OF_BAND,HESITATE,RARELY,67.5,46.0,60.0,30.0,50.0,50.0,76.0,60.0,15.0,52.0,51.6,HIGH,29.3,22.3
SYNTH_USER_1174,AVERAGE,2026-07-30 22:57:14,FRIENDS_ONLY,NO,NO,YES,DAY_MONTH_ONLY,NO,NO,SOMETIMES,IMMEDIATELY,SOMETIMES,FRIENDS,NEVER,SOMETIMES,NOT_SURE,APP_OR_HARDWARE,COMPLETELY_UNIQUE,YES,RARELY,VERIFY_OUT_OF_BAND,NEVER,NEVER,22.5,26.0,72.0,20.0,67.5,62.5,24.0,50.0,0.0,84.0,39.1,MODERATE,18.0,21.1
SYNTH_USER_1175,HIGH_EXPOSURE,2026-08-13 11:16:14,PUBLIC,YES,YES,YES,FULL_BIRTHDAY,YES,YES,YES,IMMEDIATELY,YES,PUBLIC,YES,ACCEPT_MOST,NO,DISABLED,REUSED,NO,NEVER,CLICK_IMMEDIATELY,HESITATE,NEVER,95.0,94.0,96.0,95.0,87.5,85.0,92.0,95.0,87.5,84.0,92.0,CRITICAL,36.3,55.7
SYNTH_USER_1176,HIGH_EXPOSURE,2026-07-15 09:57:14,PUBLIC,YES,YES,YES,FULL_BIRTHDAY,CITY_ONLY,YES,YES,IMMEDIATELY,YES,PUBLIC,SOMETIMES,ACCEPT_MOST,NO,DISABLED,REUSED,NO,NEVER,CLICK_IMMEDIATELY,YES_HELP,NEVER,95.0,82.0,96.0,85.0,87.5,85.0,92.0,95.0,97.5,84.0,90.2,CRITICAL,32.0,58.2
SYNTH_USER_1177,HIGH_EXPOSURE,2026-08-10 11:33:14,PUBLIC,YES,NOT_SURE,YES,FULL_BIRTHDAY,CITY_ONLY,YES,YES,IMMEDIATELY,YES,PUBLIC,SOMETIMES,ACCEPT_MOST,NO,DISABLED,REUSED,NO,NEVER,CLICK_IMMEDIATELY,HESITATE,NEVER,95.0,74.0,96.0,85.0,87.5,85.0,92.0,95.0,87.5,84.0,88.0,CRITICAL,43.0,45.0
SYNTH_USER_1178,HIGH_EXPOSURE,2026-08-20 01:21:14,PUBLIC,YES,NOT_SURE,YES,FULL_BIRTHDAY,CITY_ONLY,YES,YES,IMMEDIATELY,YES,PUBLIC,YES,ACCEPT_MOST,NO,DISABLED,REUSED,NO,NEVER,CLICK_IMMEDIATELY,YES_HELP,NEVER,95.0,74.0,96.0,95.0,87.5,85.0,92.0,95.0,97.5,84.0,90.0,CRITICAL,49.8,40.2
SYNTH_USER_1179,HIGH_EXPOSURE,2026-08-19 12:38:14,PUBLIC,YES,YES,YES,FULL_BIRTHDAY,YES,YES,YES,IMMEDIATELY,YES,PUBLIC,SOMETIMES,ACCEPT_MOST,NO,DISABLED,REUSED,NO,NEVER,CLICK_IMMEDIATELY,HESITATE,NEVER,95.0,94.0,96.0,85.0,87.5,85.0,92.0,95.0,87.5,84.0,91.0,CRITICAL,47.9,43.1
SYNTH_USER_1180,CONSCIOUS,2026-07-27 02:48:14,PRIVATE,NO,NO,NO,HIDDEN,NO,NO,NO,NEVER_CHECKIN,NO,FRIENDS,NEVER,REJECT_UNKNOWN,YES,APP_OR_HARDWARE,COMPLETELY_UNIQUE,YES,REGULARLY,VERIFY_OUT_OF_BAND,NEVER,REGULARLY,0.0,0.0,0.0,7.5,0.0,12.5,0.0,12.5,0.0,0.0,2.0,LOW,5.0,-3.0
SYNTH_USER_1181,AVERAGE,2026-07-18 23:37:14,FRIENDS_OF_FRIENDS,YES,NOT_SURE,YES,DAY_MONTH_ONLY,CITY_ONLY,NO,SOMETIMES,IMMEDIATELY,SOMETIMES,FRIENDS,NEVER,VERIFY_FIRST,NOT_SURE,DISABLED,COMPLETELY_UNIQUE,NOT_SURE,NEVER,VERIFY_OUT_OF_BAND,HESITATE,RARELY,82.5,46.0,72.0,20.0,70.0,67.5,54.0,85.0,30.0,62.0,56.8,HIGH,21.2,35.6
SYNTH_USER_1182,AVERAGE,2026-08-07 05:14:14,FRIENDS_OF_FRIENDS,NO,NO,YES,DAY_MONTH_ONLY,CITY_ONLY,NO,NO,SOMETIMES_LATER,SOMETIMES,PUBLIC,NEVER,SOMETIMES,YES,DISABLED,SLIGHT_VARIATION,NOT_SURE,NEVER,INSPECT_URL,HESITATE,RARELY,42.5,34.0,50.0,47.5,65.0,37.5,58.0,75.0,40.0,54.0,49.1,HIGH,27.0,22.1
SYNTH_USER_1183,AVERAGE,2026-09-16 03:07:14,FRIENDS_ONLY,NOT_SURE,YES,YES,FULL_BIRTHDAY,NO,SOMETIMES,NO,IMMEDIATELY,NO,FRIENDS,SOMETIMES,VERIFY_FIRST,NO,DISABLED,REUSED,YES,RARELY,INSPECT_URL,HESITATE,NEVER,65.0,66.0,32.0,45.0,50.0,72.5,64.0,60.0,27.5,70.0,53.2,HIGH,29.5,23.7
SYNTH_USER_1184,HIGH_EXPOSURE,2026-09-03 08:44:14,PUBLIC,YES,NOT_SURE,YES,FULL_BIRTHDAY,CITY_ONLY,YES,YES,IMMEDIATELY,YES,PUBLIC,YES,ACCEPT_MOST,NO,DISABLED,REUSED,NO,NEVER,CLICK_IMMEDIATELY,HESITATE,NEVER,95.0,74.0,96.0,95.0,87.5,85.0,92.0,95.0,87.5,84.0,89.0,CRITICAL,41.5,47.5
SYNTH_USER_1185,AVERAGE,2026-10-02 09:43:14,FRIENDS_OF_FRIENDS,YES,NO,NO,FULL_BIRTHDAY,NO,NO,NO,IMMEDIATELY,SOMETIMES,PUBLIC,SOMETIMES,VERIFY_FIRST,NOT_SURE,SMS_ONLY,COMPLETELY_UNIQUE,NOT_SURE,NEVER,INSPECT_URL,HESITATE,RARELY,70.0,20.0,60.0,52.5,70.0,52.5,34.0,85.0,40.0,62.0,50.3,HIGH,32.4,17.9
SYNTH_USER_1186,CONSCIOUS,2026-08-26 09:30:14,PRIVATE,NO,NO,NO,HIDDEN,NO,NO,NO,NEVER_CHECKIN,NO,CUSTOM_LISTS,NEVER,VERIFY_FIRST,YES,APP_OR_HARDWARE,COMPLETELY_UNIQUE,YES,REGULARLY,VERIFY_OUT_OF_BAND,NEVER,REGULARLY,0.0,0.0,0.0,0.0,15.0,0.0,0.0,12.5,0.0,0.0,2.1,LOW,5.0,-2.9
SYNTH_USER_1187,HIGH_EXPOSURE,2026-09-04 04:03:14,PUBLIC,YES,NOT_SURE,YES,FULL_BIRTHDAY,CITY_ONLY,YES,YES,IMMEDIATELY,YES,PUBLIC,SOMETIMES,ACCEPT_MOST,NO,DISABLED,REUSED,NO,NEVER,CLICK_IMMEDIATELY,HESITATE,NEVER,95.0,74.0,96.0,85.0,87.5,85.0,92.0,95.0,87.5,84.0,88.0,CRITICAL,52.6,35.4
SYNTH_USER_1188,AVERAGE,2026-07-19 06:12:14,PUBLIC,NOT_SURE,NO,NO,FULL_BIRTHDAY,NO,NO,NO,IMMEDIATELY,NO,PUBLIC,SOMETIMES,VERIFY_FIRST,NOT_SURE,DISABLED,SLIGHT_VARIATION,NOT_SURE,RARELY,VERIFY_OUT_OF_BAND,NEVER,RARELY,57.5,20.0,48.0,52.5,60.0,55.0,66.0,47.5,12.5,54.0,46.2,HIGH,24.9,21.3
SYNTH_USER_1189,AVERAGE,2026-08-28 23:18:14,FRIENDS_ONLY,NOT_SURE,NOT_SURE,NO,DAY_MONTH_ONLY,CITY_ONLY,NO,NO,SOMETIMES_LATER,SOMETIMES,PUBLIC,SOMETIMES,VERIFY_FIRST,YES,SMS_ONLY,SLIGHT_VARIATION,NOT_SURE,RARELY,INSPECT_URL,NEVER,RARELY,37.5,28.0,34.0,40.0,50.0,45.0,54.0,60.0,40.0,76.0,43.2,HIGH,22.6,20.6
SYNTH_USER_1190,AVERAGE,2026-07-24 01:57:14,FRIENDS_OF_FRIENDS,NOT_SURE,YES,NO,FULL_BIRTHDAY,NO,SOMETIMES,SOMETIMES,IMMEDIATELY,SOMETIMES,PUBLIC,NEVER,VERIFY_FIRST,NO,APP_OR_HARDWARE,SLIGHT_VARIATION,NOT_SURE,NEVER,VERIFY_OUT_OF_BAND,HESITATE,RARELY,57.5,48.0,56.0,35.0,47.5,77.5,46.0,85.0,15.0,54.0,48.8,HIGH,18.3,30.5
SYNTH_USER_1191,CONSCIOUS,2026-08-27 14:36:14,FRIENDS_ONLY,NO,NO,NO,HIDDEN,NO,NO,NO,NEVER_CHECKIN,NO,CUSTOM_LISTS,NEVER,REJECT_UNKNOWN,YES,APP_OR_HARDWARE,COMPLETELY_UNIQUE,YES,REGULARLY,VERIFY_OUT_OF_BAND,NEVER,REGULARLY,15.0,0.0,0.0,0.0,0.0,12.5,0.0,12.5,0.0,0.0,2.8,LOW,5.0,-2.2
SYNTH_USER_1192,AVERAGE,2026-08-22 18:15:14,FRIENDS_OF_FRIENDS,YES,NO,YES,FULL_BIRTHDAY,NO,NO,NO,SOMETIMES_LATER,NO,PUBLIC,SOMETIMES,SOMETIMES,NO,APP_OR_HARDWARE,COMPLETELY_UNIQUE,YES,RARELY,INSPECT_URL,HESITATE,RARELY,70.0,38.0,22.0,40.0,67.5,50.0,26.0,60.0,55.0,62.0,44.8,HIGH,28.7,16.1
SYNTH_USER_1193,HIGH_EXPOSURE,2026-09-20 09:59:14,PUBLIC,YES,YES,YES,FULL_BIRTHDAY,YES,YES,YES,IMMEDIATELY,YES,PUBLIC,SOMETIMES,ACCEPT_MOST,NO,DISABLED,REUSED,NO,NEVER,CLICK_IMMEDIATELY,HESITATE,NEVER,95.0,94.0,96.0,85.0,87.5,85.0,92.0,95.0,87.5,84.0,91.0,CRITICAL,46.3,44.7
SYNTH_USER_1194,HIGH_EXPOSURE,2026-09-19 20:51:14,PUBLIC,YES,NOT_SURE,YES,FULL_BIRTHDAY,CITY_ONLY,YES,YES,IMMEDIATELY,YES,PUBLIC,SOMETIMES,ACCEPT_MOST,NO,DISABLED,REUSED,NO,NEVER,CLICK_IMMEDIATELY,YES_HELP,NEVER,95.0,74.0,96.0,85.0,87.5,85.0,92.0,95.0,97.5,84.0,89.0,CRITICAL,55.1,33.9
SYNTH_USER_1195,CONSCIOUS,2026-08-19 08:38:14,FRIENDS_ONLY,NO,NO,NO,DAY_MONTH_ONLY,NO,NO,NO,AFTER_LEAVING,NO,CUSTOM_LISTS,NEVER,VERIFY_FIRST,YES,APP_OR_HARDWARE,COMPLETELY_UNIQUE,YES,REGULARLY,VERIFY_OUT_OF_BAND,NEVER,REGULARLY,15.0,8.0,2.0,0.0,7.5,0.0,0.0,12.5,0.0,0.0,4.4,LOW,5.0,-0.6
SYNTH_USER_1196,AVERAGE,2026-07-09 10:56:14,FRIENDS_ONLY,NOT_SURE,YES,NO,FULL_BIRTHDAY,CITY_ONLY,SOMETIMES,NO,IMMEDIATELY,SOMETIMES,PUBLIC,SOMETIMES,VERIFY_FIRST,NOT_SURE,DISABLED,REUSED,YES,RARELY,INSPECT_URL,NEVER,NEVER,65.0,56.0,44.0,50.0,47.5,52.5,66.0,50.0,27.5,62.0,52.1,HIGH,30.5,21.6
SYNTH_USER_1197,AVERAGE,2026-10-06 10:30:14,PUBLIC,NOT_SURE,YES,NO,DAY_MONTH_ONLY,NO,SOMETIMES,NO,IMMEDIATELY,NO,FRIENDS,NEVER,VERIFY_FIRST,YES,SMS_ONLY,COMPLETELY_UNIQUE,YES,RARELY,VERIFY_OUT_OF_BAND,HESITATE,NEVER,70.0,36.0,48.0,20.0,47.5,37.5,34.0,62.5,15.0,70.0,41.4,HIGH,19.3,22.1
SYNTH_USER_1198,AVERAGE,2026-08-01 16:10:14,FRIENDS_OF_FRIENDS,NOT_SURE,NOT_SURE,YES,DAY_MONTH_ONLY,NO,NO,NO,SOMETIMES_LATER,NO,PUBLIC,NEVER,SOMETIMES,YES,SMS_ONLY,COMPLETELY_UNIQUE,NOT_SURE,RARELY,INSPECT_URL,NEVER,NEVER,57.5,38.0,22.0,25.0,55.0,45.0,44.0,62.5,40.0,62.0,41.8,HIGH,15.2,26.6
SYNTH_USER_1199,AVERAGE,2026-07-14 03:01:14,FRIENDS_ONLY,NOT_SURE,YES,YES,FULL_BIRTHDAY,NO,NO,SOMETIMES,SOMETIMES_LATER,NO,FRIENDS,SOMETIMES,VERIFY_FIRST,NOT_SURE,SMS_ONLY,COMPLETELY_UNIQUE,YES,RARELY,VERIFY_OUT_OF_BAND,HESITATE,NEVER,52.5,58.0,34.0,45.0,70.0,47.5,42.0,50.0,27.5,70.0,48.0,HIGH,21.9,26.1
SYNTH_USER_1200,CONSCIOUS,2026-09-08 20:11:14,PRIVATE,NO,NO,NO,HIDDEN,NO,NO,NO,NEVER_CHECKIN,NO,FRIENDS,NEVER,REJECT_UNKNOWN,YES,APP_OR_HARDWARE,COMPLETELY_UNIQUE,YES,REGULARLY,VERIFY_OUT_OF_BAND,NEVER,REGULARLY,0.0,0.0,0.0,7.5,7.5,12.5,0.0,12.5,0.0,0.0,2.8,LOW,5.0,-2.2
